ISO-10303-21;
HEADER;
FILE_DESCRIPTION( ( 'STEP AP203' ), '1' );
FILE_NAME( 'C:/Users/Stangenbergd/Documents/CAD_Step/1/18414400.stp', '2020-09-13T18:41:35', ( 'License CC BY-ND 4.0' ), ( 'CADENAS' ), ' ', 'PARTsolutions', ' ' );
FILE_SCHEMA( ( 'CONFIG_CONTROL_DESIGN' ) );
ENDSEC;
DATA;
#1 = DESIGN_CONTEXT( '', #27, 'design' );
#2 = APPLICATION_PROTOCOL_DEFINITION( 'international standard', 'config_control_design', 1994, #27 );
#3 = PRODUCT_CATEGORY_RELATIONSHIP( 'NONE', 'NONE', #28, #29 );
#4 = DATE_AND_TIME( #30, #31 );
#5 = DATE_TIME_ROLE( 'creation_date' );
#6 = DATE_TIME_ROLE( 'classification_date' );
#7 = PERSON_AND_ORGANIZATION_ROLE( 'creator' );
#8 = PERSON_AND_ORGANIZATION_ROLE( 'design_supplier' );
#9 = PERSON_AND_ORGANIZATION_ROLE( 'classification_officer' );
#10 = PERSON_AND_ORGANIZATION_ROLE( 'design_owner' );
#11 = APPROVAL_PERSON_ORGANIZATION( #32, #33, #34 );
#12 = APPROVAL_DATE_TIME( #4, #33 );
#13 = CC_DESIGN_APPROVAL( #33, ( #35, #36, #37 ) );
#14 = CC_DESIGN_DATE_AND_TIME_ASSIGNMENT( #4, #5, ( #37 ) );
#15 = CC_DESIGN_DATE_AND_TIME_ASSIGNMENT( #4, #6, ( #35 ) );
#16 = CC_DESIGN_PERSON_AND_ORGANIZATION_ASSIGNMENT( #32, #10, ( #38 ) );
#17 = CC_DESIGN_PERSON_AND_ORGANIZATION_ASSIGNMENT( #32, #7, ( #37 ) );
#18 = CC_DESIGN_PERSON_AND_ORGANIZATION_ASSIGNMENT( #32, #7, ( #36 ) );
#19 = CC_DESIGN_PERSON_AND_ORGANIZATION_ASSIGNMENT( #32, #8, ( #36 ) );
#20 = CC_DESIGN_SECURITY_CLASSIFICATION( #35, ( #36 ) );
#21 = CC_DESIGN_PERSON_AND_ORGANIZATION_ASSIGNMENT( #32, #9, ( #35 ) );
#22 = SHAPE_DEFINITION_REPRESENTATION( #39, #40 );
#23 =  ( GEOMETRIC_REPRESENTATION_CONTEXT( 3 )GLOBAL_UNCERTAINTY_ASSIGNED_CONTEXT( ( #43 ) )GLOBAL_UNIT_ASSIGNED_CONTEXT( ( #45, #46, #47 ) )REPRESENTATION_CONTEXT( 'NONE', 'WORKSPACE' ) );
#27 = APPLICATION_CONTEXT( 'configuration controlled 3D designs of mechanical parts and assemblies' );
#28 = PRODUCT_CATEGORY( 'part', 'NONE' );
#29 = PRODUCT_RELATED_PRODUCT_CATEGORY( 'detail', ' ', ( #38 ) );
#30 = CALENDAR_DATE( 2020, 13, 8 );
#31 = LOCAL_TIME( 20, 41, 35.0000000000000, #49 );
#32 = PERSON_AND_ORGANIZATION( #50, #51 );
#33 = APPROVAL( #52, 'SOLID MODEL' );
#34 = APPROVAL_ROLE( 'APPROVED' );
#35 = SECURITY_CLASSIFICATION( '', '', #53 );
#36 = PRODUCT_DEFINITION_FORMATION_WITH_SPECIFIED_SOURCE( ' ', 'NONE', #38, .NOT_KNOWN. );
#37 = PRODUCT_DEFINITION( 'NONE', 'NONE', #36, #1 );
#38 = PRODUCT( '_18414400', '_18414400', 'PART-_18414400-DESC', ( #54 ) );
#39 = PRODUCT_DEFINITION_SHAPE( 'NONE', 'NONE', #37 );
#40 = ADVANCED_BREP_SHAPE_REPRESENTATION( '_18414400', ( #55, #56 ), #23 );
#43 = UNCERTAINTY_MEASURE_WITH_UNIT( LENGTH_MEASURE( 0.00100000000000000 ), #45, '', '' );
#45 =  ( CONVERSION_BASED_UNIT( 'MILLIMETRE', #59 )LENGTH_UNIT(  )NAMED_UNIT( #62 ) );
#46 =  ( NAMED_UNIT( #64 )PLANE_ANGLE_UNIT(  )SI_UNIT( $, .RADIAN. ) );
#47 =  ( NAMED_UNIT( #64 )SI_UNIT( $, .STERADIAN. )SOLID_ANGLE_UNIT(  ) );
#49 = COORDINATED_UNIVERSAL_TIME_OFFSET( 1, 0, .AHEAD. );
#50 = PERSON( '', 'UNSPECIFIED', $, $, $, $ );
#51 = ORGANIZATION( 'UNSPECIFIED', 'UNSPECIFIED', 'UNSPECIFIED' );
#52 = APPROVAL_STATUS( 'approved' );
#53 = SECURITY_CLASSIFICATION_LEVEL( 'unclassified' );
#54 = MECHANICAL_CONTEXT( '', #27, 'mechanical' );
#55 = MANIFOLD_SOLID_BREP( '_18414400', #70 );
#56 = AXIS2_PLACEMENT_3D( '', #71, #72, #73 );
#59 = LENGTH_MEASURE_WITH_UNIT( LENGTH_MEASURE( 1.00000000000000 ), #74 );
#62 = DIMENSIONAL_EXPONENTS( 1.00000000000000, 0.000000000000000, 0.000000000000000, 0.000000000000000, 0.000000000000000, 0.000000000000000, 0.000000000000000 );
#64 = DIMENSIONAL_EXPONENTS( 0.000000000000000, 0.000000000000000, 0.000000000000000, 0.000000000000000, 0.000000000000000, 0.000000000000000, 0.000000000000000 );
#70 = CLOSED_SHELL( '', ( #75, #76, #77, #78, #79, #80, #81, #82, #83, #84, #85, #86, #87, #88, #89, #90, #91, #92, #93, #94, #95, #96, #97, #98, #99, #100, #101, #102, #103, #104, #105, #106, #107, #108, #109, #110, #111, #112, #113, #114, #115, #116, #117, #118, #119, #120, #121, #122, #123, #124, #125, #126, #127, #128, #129, #130, #131, #132, #133, #134, #135, #136, #137, #138, #139, #140, #141, #142, #143, #144, #145, #146, #147, #148, #149, #150, #151, #152, #153, #154, #155, #156, #157, #158, #159, #160, #161, #162, #163, #164, #165, #166, #167, #168, #169, #170, #171, #172, #173, #174, #175, #176, #177, #178, #179, #180, #181, #182, #183, #184, #185, #186, #187, #188, #189, #190, #191, #192, #193, #194, #195, #196, #197, #198, #199, #200, #201, #202, #203, #204, #205, #206, #207, #208, #209, #210, #211, #212, #213, #214, #215, #216, #217, #218, #219, #220, #221, #222, #223, #224, #225, #226, #227, #228, #229, #230, #231, #232, #233, #234, #235, #236, #237, #238, #239, #240, #241, #242, #243, #244, #245, #246, #247, #248, #249, #250, #251, #252, #253, #254, #255, #256, #257, #258, #259, #260, #261, #262, #263, #264, #265, #266, #267, #268, #269, #270, #271, #272, #273, #274, #275, #276, #277, #278, #279, #280, #281, #282, #283, #284, #285, #286, #287, #288, #289, #290, #291, #292, #293, #294, #295, #296, #297, #298, #299, #300, #301, #302, #303, #304, #305, #306, #307, #308, #309, #310, #311, #312, #313, #314, #315, #316, #317, #318, #319, #320, #321, #322, #323, #324, #325, #326, #327, #328, #329, #330, #331, #332, #333, #334, #335, #336, #337, #338, #339, #340, #341, #342, #343, #344, #345, #346, #347, #348, #349, #350, #351, #352, #353, #354, #355, #356, #357, #358, #359, #360, #361, #362, #363, #364, #365, #366, #367, #368, #369, #370, #371, #372, #373, #374, #375, #376, #377, #378, #379, #380, #381, #382, #383, #384, #385, #386, #387, #388, #389, #390, #391, #392, #393, #394, #395, #396, #397, #398, #399, #400, #401, #402, #403, #404, #405, #406, #407, #408, #409, #410, #411, #412, #413, #414, #415, #416, #417, #418, #419, #420, #421, #422, #423, #424, #425, #426, #427, #428, #429, #430, #431, #432, #433, #434, #435, #436, #437, #438, #439, #440, #441, #442, #443, #444, #445, #446, #447, #448, #449, #450, #451, #452, #453, #454, #455, #456, #457, #458, #459, #460, #461, #462, #463, #464, #465, #466, #467, #468, #469, #470, #471, #472, #473, #474, #475, #476, #477, #478, #479, #480, #481, #482, #483, #484, #485, #486, #487, #488, #489 ) );
#71 = CARTESIAN_POINT( '', ( 0.000000000000000, 0.000000000000000, 0.000000000000000 ) );
#72 = DIRECTION( '', ( 0.000000000000000, 0.000000000000000, 1.00000000000000 ) );
#73 = DIRECTION( '', ( 1.00000000000000, 0.000000000000000, 0.000000000000000 ) );
#74 =  ( LENGTH_UNIT(  )NAMED_UNIT( #62 )SI_UNIT( .MILLI., .METRE. ) );
#75 = ADVANCED_FACE( '', ( #491 ), #492, .T. );
#76 = ADVANCED_FACE( '', ( #493 ), #494, .F. );
#77 = ADVANCED_FACE( '', ( #495 ), #496, .F. );
#78 = ADVANCED_FACE( '', ( #497, #498, #499, #500, #501, #502, #503 ), #504, .F. );
#79 = ADVANCED_FACE( '', ( #505, #506, #507, #508, #509, #510, #511 ), #512, .F. );
#80 = ADVANCED_FACE( '', ( #513, #514 ), #515, .T. );
#81 = ADVANCED_FACE( '', ( #516, #517 ), #518, .F. );
#82 = ADVANCED_FACE( '', ( #519, #520 ), #521, .F. );
#83 = ADVANCED_FACE( '', ( #522, #523 ), #524, .F. );
#84 = ADVANCED_FACE( '', ( #525 ), #526, .F. );
#85 = ADVANCED_FACE( '', ( #527, #528 ), #529, .T. );
#86 = ADVANCED_FACE( '', ( #530, #531 ), #532, .T. );
#87 = ADVANCED_FACE( '', ( #533, #534 ), #535, .F. );
#88 = ADVANCED_FACE( '', ( #536, #537 ), #538, .T. );
#89 = ADVANCED_FACE( '', ( #539, #540 ), #541, .T. );
#90 = ADVANCED_FACE( '', ( #542, #543 ), #544, .T. );
#91 = ADVANCED_FACE( '', ( #545, #546 ), #547, .T. );
#92 = ADVANCED_FACE( '', ( #548, #549 ), #550, .T. );
#93 = ADVANCED_FACE( '', ( #551, #552 ), #553, .T. );
#94 = ADVANCED_FACE( '', ( #554, #555 ), #556, .F. );
#95 = ADVANCED_FACE( '', ( #557, #558 ), #559, .T. );
#96 = ADVANCED_FACE( '', ( #560 ), #561, .T. );
#97 = ADVANCED_FACE( '', ( #562 ), #563, .T. );
#98 = ADVANCED_FACE( '', ( #564 ), #565, .F. );
#99 = ADVANCED_FACE( '', ( #566 ), #567, .T. );
#100 = ADVANCED_FACE( '', ( #568 ), #569, .F. );
#101 = ADVANCED_FACE( '', ( #570 ), #571, .T. );
#102 = ADVANCED_FACE( '', ( #572 ), #573, .T. );
#103 = ADVANCED_FACE( '', ( #574 ), #575, .T. );
#104 = ADVANCED_FACE( '', ( #576 ), #577, .T. );
#105 = ADVANCED_FACE( '', ( #578 ), #579, .F. );
#106 = ADVANCED_FACE( '', ( #580 ), #581, .T. );
#107 = ADVANCED_FACE( '', ( #582 ), #583, .F. );
#108 = ADVANCED_FACE( '', ( #584 ), #585, .T. );
#109 = ADVANCED_FACE( '', ( #586 ), #587, .T. );
#110 = ADVANCED_FACE( '', ( #588 ), #589, .T. );
#111 = ADVANCED_FACE( '', ( #590 ), #591, .T. );
#112 = ADVANCED_FACE( '', ( #592 ), #593, .F. );
#113 = ADVANCED_FACE( '', ( #594 ), #595, .T. );
#114 = ADVANCED_FACE( '', ( #596 ), #597, .F. );
#115 = ADVANCED_FACE( '', ( #598 ), #599, .T. );
#116 = ADVANCED_FACE( '', ( #600 ), #601, .T. );
#117 = ADVANCED_FACE( '', ( #602 ), #603, .T. );
#118 = ADVANCED_FACE( '', ( #604 ), #605, .T. );
#119 = ADVANCED_FACE( '', ( #606 ), #607, .F. );
#120 = ADVANCED_FACE( '', ( #608 ), #609, .T. );
#121 = ADVANCED_FACE( '', ( #610 ), #611, .F. );
#122 = ADVANCED_FACE( '', ( #612 ), #613, .T. );
#123 = ADVANCED_FACE( '', ( #614 ), #615, .T. );
#124 = ADVANCED_FACE( '', ( #616 ), #617, .T. );
#125 = ADVANCED_FACE( '', ( #618 ), #619, .T. );
#126 = ADVANCED_FACE( '', ( #620 ), #621, .F. );
#127 = ADVANCED_FACE( '', ( #622 ), #623, .T. );
#128 = ADVANCED_FACE( '', ( #624 ), #625, .F. );
#129 = ADVANCED_FACE( '', ( #626 ), #627, .T. );
#130 = ADVANCED_FACE( '', ( #628 ), #629, .T. );
#131 = ADVANCED_FACE( '', ( #630 ), #631, .T. );
#132 = ADVANCED_FACE( '', ( #632 ), #633, .T. );
#133 = ADVANCED_FACE( '', ( #634 ), #635, .F. );
#134 = ADVANCED_FACE( '', ( #636 ), #637, .T. );
#135 = ADVANCED_FACE( '', ( #638 ), #639, .F. );
#136 = ADVANCED_FACE( '', ( #640 ), #641, .T. );
#137 = ADVANCED_FACE( '', ( #642 ), #643, .T. );
#138 = ADVANCED_FACE( '', ( #644 ), #645, .T. );
#139 = ADVANCED_FACE( '', ( #646 ), #647, .T. );
#140 = ADVANCED_FACE( '', ( #648 ), #649, .F. );
#141 = ADVANCED_FACE( '', ( #650 ), #651, .T. );
#142 = ADVANCED_FACE( '', ( #652 ), #653, .F. );
#143 = ADVANCED_FACE( '', ( #654 ), #655, .T. );
#144 = ADVANCED_FACE( '', ( #656 ), #657, .T. );
#145 = ADVANCED_FACE( '', ( #658 ), #659, .T. );
#146 = ADVANCED_FACE( '', ( #660 ), #661, .T. );
#147 = ADVANCED_FACE( '', ( #662 ), #663, .F. );
#148 = ADVANCED_FACE( '', ( #664 ), #665, .T. );
#149 = ADVANCED_FACE( '', ( #666 ), #667, .F. );
#150 = ADVANCED_FACE( '', ( #668 ), #669, .T. );
#151 = ADVANCED_FACE( '', ( #670 ), #671, .T. );
#152 = ADVANCED_FACE( '', ( #672 ), #673, .T. );
#153 = ADVANCED_FACE( '', ( #674 ), #675, .T. );
#154 = ADVANCED_FACE( '', ( #676 ), #677, .F. );
#155 = ADVANCED_FACE( '', ( #678 ), #679, .T. );
#156 = ADVANCED_FACE( '', ( #680 ), #681, .F. );
#157 = ADVANCED_FACE( '', ( #682 ), #683, .T. );
#158 = ADVANCED_FACE( '', ( #684 ), #685, .T. );
#159 = ADVANCED_FACE( '', ( #686 ), #687, .T. );
#160 = ADVANCED_FACE( '', ( #688 ), #689, .T. );
#161 = ADVANCED_FACE( '', ( #690 ), #691, .F. );
#162 = ADVANCED_FACE( '', ( #692 ), #693, .T. );
#163 = ADVANCED_FACE( '', ( #694 ), #695, .F. );
#164 = ADVANCED_FACE( '', ( #696 ), #697, .T. );
#165 = ADVANCED_FACE( '', ( #698 ), #699, .T. );
#166 = ADVANCED_FACE( '', ( #700 ), #701, .T. );
#167 = ADVANCED_FACE( '', ( #702 ), #703, .T. );
#168 = ADVANCED_FACE( '', ( #704 ), #705, .F. );
#169 = ADVANCED_FACE( '', ( #706 ), #707, .T. );
#170 = ADVANCED_FACE( '', ( #708 ), #709, .F. );
#171 = ADVANCED_FACE( '', ( #710 ), #711, .T. );
#172 = ADVANCED_FACE( '', ( #712 ), #713, .T. );
#173 = ADVANCED_FACE( '', ( #714 ), #715, .T. );
#174 = ADVANCED_FACE( '', ( #716 ), #717, .T. );
#175 = ADVANCED_FACE( '', ( #718 ), #719, .F. );
#176 = ADVANCED_FACE( '', ( #720 ), #721, .T. );
#177 = ADVANCED_FACE( '', ( #722 ), #723, .F. );
#178 = ADVANCED_FACE( '', ( #724 ), #725, .T. );
#179 = ADVANCED_FACE( '', ( #726 ), #727, .T. );
#180 = ADVANCED_FACE( '', ( #728 ), #729, .T. );
#181 = ADVANCED_FACE( '', ( #730 ), #731, .T. );
#182 = ADVANCED_FACE( '', ( #732 ), #733, .F. );
#183 = ADVANCED_FACE( '', ( #734 ), #735, .T. );
#184 = ADVANCED_FACE( '', ( #736 ), #737, .F. );
#185 = ADVANCED_FACE( '', ( #738 ), #739, .T. );
#186 = ADVANCED_FACE( '', ( #740 ), #741, .T. );
#187 = ADVANCED_FACE( '', ( #742 ), #743, .T. );
#188 = ADVANCED_FACE( '', ( #744 ), #745, .T. );
#189 = ADVANCED_FACE( '', ( #746 ), #747, .F. );
#190 = ADVANCED_FACE( '', ( #748 ), #749, .T. );
#191 = ADVANCED_FACE( '', ( #750 ), #751, .F. );
#192 = ADVANCED_FACE( '', ( #752 ), #753, .T. );
#193 = ADVANCED_FACE( '', ( #754 ), #755, .T. );
#194 = ADVANCED_FACE( '', ( #756 ), #757, .T. );
#195 = ADVANCED_FACE( '', ( #758 ), #759, .T. );
#196 = ADVANCED_FACE( '', ( #760 ), #761, .F. );
#197 = ADVANCED_FACE( '', ( #762 ), #763, .T. );
#198 = ADVANCED_FACE( '', ( #764 ), #765, .F. );
#199 = ADVANCED_FACE( '', ( #766 ), #767, .T. );
#200 = ADVANCED_FACE( '', ( #768 ), #769, .T. );
#201 = ADVANCED_FACE( '', ( #770 ), #771, .T. );
#202 = ADVANCED_FACE( '', ( #772 ), #773, .T. );
#203 = ADVANCED_FACE( '', ( #774 ), #775, .F. );
#204 = ADVANCED_FACE( '', ( #776 ), #777, .T. );
#205 = ADVANCED_FACE( '', ( #778 ), #779, .F. );
#206 = ADVANCED_FACE( '', ( #780 ), #781, .T. );
#207 = ADVANCED_FACE( '', ( #782 ), #783, .T. );
#208 = ADVANCED_FACE( '', ( #784 ), #785, .T. );
#209 = ADVANCED_FACE( '', ( #786 ), #787, .T. );
#210 = ADVANCED_FACE( '', ( #788 ), #789, .F. );
#211 = ADVANCED_FACE( '', ( #790 ), #791, .T. );
#212 = ADVANCED_FACE( '', ( #792 ), #793, .F. );
#213 = ADVANCED_FACE( '', ( #794 ), #795, .T. );
#214 = ADVANCED_FACE( '', ( #796 ), #797, .T. );
#215 = ADVANCED_FACE( '', ( #798 ), #799, .T. );
#216 = ADVANCED_FACE( '', ( #800 ), #801, .T. );
#217 = ADVANCED_FACE( '', ( #802 ), #803, .F. );
#218 = ADVANCED_FACE( '', ( #804 ), #805, .T. );
#219 = ADVANCED_FACE( '', ( #806 ), #807, .F. );
#220 = ADVANCED_FACE( '', ( #808 ), #809, .T. );
#221 = ADVANCED_FACE( '', ( #810 ), #811, .T. );
#222 = ADVANCED_FACE( '', ( #812 ), #813, .T. );
#223 = ADVANCED_FACE( '', ( #814 ), #815, .T. );
#224 = ADVANCED_FACE( '', ( #816 ), #817, .F. );
#225 = ADVANCED_FACE( '', ( #818 ), #819, .T. );
#226 = ADVANCED_FACE( '', ( #820 ), #821, .F. );
#227 = ADVANCED_FACE( '', ( #822 ), #823, .T. );
#228 = ADVANCED_FACE( '', ( #824 ), #825, .T. );
#229 = ADVANCED_FACE( '', ( #826 ), #827, .T. );
#230 = ADVANCED_FACE( '', ( #828 ), #829, .T. );
#231 = ADVANCED_FACE( '', ( #830 ), #831, .F. );
#232 = ADVANCED_FACE( '', ( #832 ), #833, .T. );
#233 = ADVANCED_FACE( '', ( #834 ), #835, .F. );
#234 = ADVANCED_FACE( '', ( #836 ), #837, .T. );
#235 = ADVANCED_FACE( '', ( #838 ), #839, .T. );
#236 = ADVANCED_FACE( '', ( #840 ), #841, .T. );
#237 = ADVANCED_FACE( '', ( #842 ), #843, .T. );
#238 = ADVANCED_FACE( '', ( #844 ), #845, .F. );
#239 = ADVANCED_FACE( '', ( #846 ), #847, .T. );
#240 = ADVANCED_FACE( '', ( #848 ), #849, .F. );
#241 = ADVANCED_FACE( '', ( #850 ), #851, .T. );
#242 = ADVANCED_FACE( '', ( #852 ), #853, .T. );
#243 = ADVANCED_FACE( '', ( #854 ), #855, .T. );
#244 = ADVANCED_FACE( '', ( #856 ), #857, .T. );
#245 = ADVANCED_FACE( '', ( #858 ), #859, .F. );
#246 = ADVANCED_FACE( '', ( #860 ), #861, .T. );
#247 = ADVANCED_FACE( '', ( #862 ), #863, .F. );
#248 = ADVANCED_FACE( '', ( #864 ), #865, .T. );
#249 = ADVANCED_FACE( '', ( #866 ), #867, .T. );
#250 = ADVANCED_FACE( '', ( #868 ), #869, .T. );
#251 = ADVANCED_FACE( '', ( #870 ), #871, .T. );
#252 = ADVANCED_FACE( '', ( #872 ), #873, .F. );
#253 = ADVANCED_FACE( '', ( #874 ), #875, .T. );
#254 = ADVANCED_FACE( '', ( #876 ), #877, .F. );
#255 = ADVANCED_FACE( '', ( #878 ), #879, .T. );
#256 = ADVANCED_FACE( '', ( #880 ), #881, .T. );
#257 = ADVANCED_FACE( '', ( #882 ), #883, .T. );
#258 = ADVANCED_FACE( '', ( #884 ), #885, .T. );
#259 = ADVANCED_FACE( '', ( #886 ), #887, .F. );
#260 = ADVANCED_FACE( '', ( #888 ), #889, .T. );
#261 = ADVANCED_FACE( '', ( #890 ), #891, .F. );
#262 = ADVANCED_FACE( '', ( #892 ), #893, .T. );
#263 = ADVANCED_FACE( '', ( #894 ), #895, .T. );
#264 = ADVANCED_FACE( '', ( #896 ), #897, .T. );
#265 = ADVANCED_FACE( '', ( #898 ), #899, .T. );
#266 = ADVANCED_FACE( '', ( #900 ), #901, .F. );
#267 = ADVANCED_FACE( '', ( #902 ), #903, .T. );
#268 = ADVANCED_FACE( '', ( #904 ), #905, .F. );
#269 = ADVANCED_FACE( '', ( #906 ), #907, .T. );
#270 = ADVANCED_FACE( '', ( #908 ), #909, .T. );
#271 = ADVANCED_FACE( '', ( #910 ), #911, .T. );
#272 = ADVANCED_FACE( '', ( #912 ), #913, .T. );
#273 = ADVANCED_FACE( '', ( #914 ), #915, .F. );
#274 = ADVANCED_FACE( '', ( #916 ), #917, .T. );
#275 = ADVANCED_FACE( '', ( #918 ), #919, .F. );
#276 = ADVANCED_FACE( '', ( #920 ), #921, .T. );
#277 = ADVANCED_FACE( '', ( #922 ), #923, .T. );
#278 = ADVANCED_FACE( '', ( #924 ), #925, .T. );
#279 = ADVANCED_FACE( '', ( #926 ), #927, .T. );
#280 = ADVANCED_FACE( '', ( #928 ), #929, .F. );
#281 = ADVANCED_FACE( '', ( #930 ), #931, .T. );
#282 = ADVANCED_FACE( '', ( #932 ), #933, .F. );
#283 = ADVANCED_FACE( '', ( #934 ), #935, .T. );
#284 = ADVANCED_FACE( '', ( #936 ), #937, .T. );
#285 = ADVANCED_FACE( '', ( #938 ), #939, .T. );
#286 = ADVANCED_FACE( '', ( #940 ), #941, .T. );
#287 = ADVANCED_FACE( '', ( #942 ), #943, .F. );
#288 = ADVANCED_FACE( '', ( #944 ), #945, .T. );
#289 = ADVANCED_FACE( '', ( #946 ), #947, .F. );
#290 = ADVANCED_FACE( '', ( #948 ), #949, .T. );
#291 = ADVANCED_FACE( '', ( #950 ), #951, .T. );
#292 = ADVANCED_FACE( '', ( #952 ), #953, .T. );
#293 = ADVANCED_FACE( '', ( #954 ), #955, .T. );
#294 = ADVANCED_FACE( '', ( #956 ), #957, .F. );
#295 = ADVANCED_FACE( '', ( #958 ), #959, .T. );
#296 = ADVANCED_FACE( '', ( #960 ), #961, .F. );
#297 = ADVANCED_FACE( '', ( #962 ), #963, .T. );
#298 = ADVANCED_FACE( '', ( #964 ), #965, .T. );
#299 = ADVANCED_FACE( '', ( #966 ), #967, .T. );
#300 = ADVANCED_FACE( '', ( #968 ), #969, .T. );
#301 = ADVANCED_FACE( '', ( #970 ), #971, .F. );
#302 = ADVANCED_FACE( '', ( #972 ), #973, .T. );
#303 = ADVANCED_FACE( '', ( #974 ), #975, .F. );
#304 = ADVANCED_FACE( '', ( #976 ), #977, .T. );
#305 = ADVANCED_FACE( '', ( #978 ), #979, .T. );
#306 = ADVANCED_FACE( '', ( #980 ), #981, .T. );
#307 = ADVANCED_FACE( '', ( #982 ), #983, .T. );
#308 = ADVANCED_FACE( '', ( #984 ), #985, .F. );
#309 = ADVANCED_FACE( '', ( #986 ), #987, .T. );
#310 = ADVANCED_FACE( '', ( #988 ), #989, .F. );
#311 = ADVANCED_FACE( '', ( #990 ), #991, .T. );
#312 = ADVANCED_FACE( '', ( #992 ), #993, .T. );
#313 = ADVANCED_FACE( '', ( #994 ), #995, .T. );
#314 = ADVANCED_FACE( '', ( #996 ), #997, .T. );
#315 = ADVANCED_FACE( '', ( #998 ), #999, .F. );
#316 = ADVANCED_FACE( '', ( #1000 ), #1001, .T. );
#317 = ADVANCED_FACE( '', ( #1002 ), #1003, .F. );
#318 = ADVANCED_FACE( '', ( #1004 ), #1005, .T. );
#319 = ADVANCED_FACE( '', ( #1006 ), #1007, .T. );
#320 = ADVANCED_FACE( '', ( #1008 ), #1009, .T. );
#321 = ADVANCED_FACE( '', ( #1010 ), #1011, .T. );
#322 = ADVANCED_FACE( '', ( #1012 ), #1013, .F. );
#323 = ADVANCED_FACE( '', ( #1014 ), #1015, .T. );
#324 = ADVANCED_FACE( '', ( #1016 ), #1017, .F. );
#325 = ADVANCED_FACE( '', ( #1018 ), #1019, .T. );
#326 = ADVANCED_FACE( '', ( #1020 ), #1021, .T. );
#327 = ADVANCED_FACE( '', ( #1022 ), #1023, .T. );
#328 = ADVANCED_FACE( '', ( #1024 ), #1025, .T. );
#329 = ADVANCED_FACE( '', ( #1026 ), #1027, .F. );
#330 = ADVANCED_FACE( '', ( #1028 ), #1029, .T. );
#331 = ADVANCED_FACE( '', ( #1030 ), #1031, .F. );
#332 = ADVANCED_FACE( '', ( #1032 ), #1033, .T. );
#333 = ADVANCED_FACE( '', ( #1034 ), #1035, .T. );
#334 = ADVANCED_FACE( '', ( #1036 ), #1037, .T. );
#335 = ADVANCED_FACE( '', ( #1038 ), #1039, .T. );
#336 = ADVANCED_FACE( '', ( #1040 ), #1041, .F. );
#337 = ADVANCED_FACE( '', ( #1042 ), #1043, .T. );
#338 = ADVANCED_FACE( '', ( #1044 ), #1045, .F. );
#339 = ADVANCED_FACE( '', ( #1046 ), #1047, .T. );
#340 = ADVANCED_FACE( '', ( #1048 ), #1049, .T. );
#341 = ADVANCED_FACE( '', ( #1050 ), #1051, .T. );
#342 = ADVANCED_FACE( '', ( #1052 ), #1053, .T. );
#343 = ADVANCED_FACE( '', ( #1054 ), #1055, .F. );
#344 = ADVANCED_FACE( '', ( #1056 ), #1057, .T. );
#345 = ADVANCED_FACE( '', ( #1058 ), #1059, .F. );
#346 = ADVANCED_FACE( '', ( #1060 ), #1061, .T. );
#347 = ADVANCED_FACE( '', ( #1062 ), #1063, .T. );
#348 = ADVANCED_FACE( '', ( #1064 ), #1065, .T. );
#349 = ADVANCED_FACE( '', ( #1066 ), #1067, .T. );
#350 = ADVANCED_FACE( '', ( #1068 ), #1069, .F. );
#351 = ADVANCED_FACE( '', ( #1070 ), #1071, .T. );
#352 = ADVANCED_FACE( '', ( #1072 ), #1073, .F. );
#353 = ADVANCED_FACE( '', ( #1074 ), #1075, .T. );
#354 = ADVANCED_FACE( '', ( #1076 ), #1077, .T. );
#355 = ADVANCED_FACE( '', ( #1078 ), #1079, .T. );
#356 = ADVANCED_FACE( '', ( #1080 ), #1081, .T. );
#357 = ADVANCED_FACE( '', ( #1082 ), #1083, .F. );
#358 = ADVANCED_FACE( '', ( #1084 ), #1085, .T. );
#359 = ADVANCED_FACE( '', ( #1086 ), #1087, .F. );
#360 = ADVANCED_FACE( '', ( #1088 ), #1089, .T. );
#361 = ADVANCED_FACE( '', ( #1090 ), #1091, .T. );
#362 = ADVANCED_FACE( '', ( #1092 ), #1093, .T. );
#363 = ADVANCED_FACE( '', ( #1094 ), #1095, .T. );
#364 = ADVANCED_FACE( '', ( #1096 ), #1097, .F. );
#365 = ADVANCED_FACE( '', ( #1098 ), #1099, .T. );
#366 = ADVANCED_FACE( '', ( #1100 ), #1101, .F. );
#367 = ADVANCED_FACE( '', ( #1102 ), #1103, .T. );
#368 = ADVANCED_FACE( '', ( #1104 ), #1105, .T. );
#369 = ADVANCED_FACE( '', ( #1106 ), #1107, .T. );
#370 = ADVANCED_FACE( '', ( #1108 ), #1109, .T. );
#371 = ADVANCED_FACE( '', ( #1110 ), #1111, .F. );
#372 = ADVANCED_FACE( '', ( #1112 ), #1113, .T. );
#373 = ADVANCED_FACE( '', ( #1114 ), #1115, .F. );
#374 = ADVANCED_FACE( '', ( #1116 ), #1117, .T. );
#375 = ADVANCED_FACE( '', ( #1118 ), #1119, .T. );
#376 = ADVANCED_FACE( '', ( #1120 ), #1121, .T. );
#377 = ADVANCED_FACE( '', ( #1122 ), #1123, .T. );
#378 = ADVANCED_FACE( '', ( #1124 ), #1125, .F. );
#379 = ADVANCED_FACE( '', ( #1126 ), #1127, .T. );
#380 = ADVANCED_FACE( '', ( #1128 ), #1129, .F. );
#381 = ADVANCED_FACE( '', ( #1130 ), #1131, .T. );
#382 = ADVANCED_FACE( '', ( #1132 ), #1133, .T. );
#383 = ADVANCED_FACE( '', ( #1134 ), #1135, .T. );
#384 = ADVANCED_FACE( '', ( #1136 ), #1137, .T. );
#385 = ADVANCED_FACE( '', ( #1138 ), #1139, .F. );
#386 = ADVANCED_FACE( '', ( #1140 ), #1141, .T. );
#387 = ADVANCED_FACE( '', ( #1142 ), #1143, .F. );
#388 = ADVANCED_FACE( '', ( #1144 ), #1145, .T. );
#389 = ADVANCED_FACE( '', ( #1146 ), #1147, .T. );
#390 = ADVANCED_FACE( '', ( #1148 ), #1149, .T. );
#391 = ADVANCED_FACE( '', ( #1150 ), #1151, .T. );
#392 = ADVANCED_FACE( '', ( #1152 ), #1153, .F. );
#393 = ADVANCED_FACE( '', ( #1154 ), #1155, .T. );
#394 = ADVANCED_FACE( '', ( #1156 ), #1157, .F. );
#395 = ADVANCED_FACE( '', ( #1158 ), #1159, .T. );
#396 = ADVANCED_FACE( '', ( #1160 ), #1161, .T. );
#397 = ADVANCED_FACE( '', ( #1162 ), #1163, .T. );
#398 = ADVANCED_FACE( '', ( #1164 ), #1165, .T. );
#399 = ADVANCED_FACE( '', ( #1166 ), #1167, .F. );
#400 = ADVANCED_FACE( '', ( #1168 ), #1169, .T. );
#401 = ADVANCED_FACE( '', ( #1170 ), #1171, .F. );
#402 = ADVANCED_FACE( '', ( #1172 ), #1173, .T. );
#403 = ADVANCED_FACE( '', ( #1174 ), #1175, .T. );
#404 = ADVANCED_FACE( '', ( #1176, #1177 ), #1178, .F. );
#405 = ADVANCED_FACE( '', ( #1179, #1180 ), #1181, .T. );
#406 = ADVANCED_FACE( '', ( #1182, #1183 ), #1184, .F. );
#407 = ADVANCED_FACE( '', ( #1185, #1186 ), #1187, .F. );
#408 = ADVANCED_FACE( '', ( #1188 ), #1189, .T. );
#409 = ADVANCED_FACE( '', ( #1190, #1191 ), #1192, .T. );
#410 = ADVANCED_FACE( '', ( #1193, #1194 ), #1195, .F. );
#411 = ADVANCED_FACE( '', ( #1196 ), #1197, .T. );
#412 = ADVANCED_FACE( '', ( #1198 ), #1199, .T. );
#413 = ADVANCED_FACE( '', ( #1200 ), #1201, .T. );
#414 = ADVANCED_FACE( '', ( #1202 ), #1203, .T. );
#415 = ADVANCED_FACE( '', ( #1204 ), #1205, .T. );
#416 = ADVANCED_FACE( '', ( #1206 ), #1207, .T. );
#417 = ADVANCED_FACE( '', ( #1208 ), #1209, .T. );
#418 = ADVANCED_FACE( '', ( #1210 ), #1211, .T. );
#419 = ADVANCED_FACE( '', ( #1212 ), #1213, .T. );
#420 = ADVANCED_FACE( '', ( #1214 ), #1215, .T. );
#421 = ADVANCED_FACE( '', ( #1216 ), #1217, .T. );
#422 = ADVANCED_FACE( '', ( #1218 ), #1219, .T. );
#423 = ADVANCED_FACE( '', ( #1220 ), #1221, .T. );
#424 = ADVANCED_FACE( '', ( #1222 ), #1223, .T. );
#425 = ADVANCED_FACE( '', ( #1224 ), #1225, .T. );
#426 = ADVANCED_FACE( '', ( #1226 ), #1227, .T. );
#427 = ADVANCED_FACE( '', ( #1228 ), #1229, .T. );
#428 = ADVANCED_FACE( '', ( #1230 ), #1231, .T. );
#429 = ADVANCED_FACE( '', ( #1232 ), #1233, .T. );
#430 = ADVANCED_FACE( '', ( #1234 ), #1235, .T. );
#431 = ADVANCED_FACE( '', ( #1236 ), #1237, .T. );
#432 = ADVANCED_FACE( '', ( #1238 ), #1239, .T. );
#433 = ADVANCED_FACE( '', ( #1240 ), #1241, .T. );
#434 = ADVANCED_FACE( '', ( #1242 ), #1243, .T. );
#435 = ADVANCED_FACE( '', ( #1244 ), #1245, .T. );
#436 = ADVANCED_FACE( '', ( #1246 ), #1247, .T. );
#437 = ADVANCED_FACE( '', ( #1248 ), #1249, .T. );
#438 = ADVANCED_FACE( '', ( #1250 ), #1251, .T. );
#439 = ADVANCED_FACE( '', ( #1252 ), #1253, .T. );
#440 = ADVANCED_FACE( '', ( #1254 ), #1255, .T. );
#441 = ADVANCED_FACE( '', ( #1256 ), #1257, .T. );
#442 = ADVANCED_FACE( '', ( #1258 ), #1259, .T. );
#443 = ADVANCED_FACE( '', ( #1260 ), #1261, .T. );
#444 = ADVANCED_FACE( '', ( #1262 ), #1263, .T. );
#445 = ADVANCED_FACE( '', ( #1264 ), #1265, .T. );
#446 = ADVANCED_FACE( '', ( #1266 ), #1267, .T. );
#447 = ADVANCED_FACE( '', ( #1268 ), #1269, .T. );
#448 = ADVANCED_FACE( '', ( #1270 ), #1271, .T. );
#449 = ADVANCED_FACE( '', ( #1272 ), #1273, .T. );
#450 = ADVANCED_FACE( '', ( #1274 ), #1275, .T. );
#451 = ADVANCED_FACE( '', ( #1276 ), #1277, .T. );
#452 = ADVANCED_FACE( '', ( #1278 ), #1279, .T. );
#453 = ADVANCED_FACE( '', ( #1280 ), #1281, .T. );
#454 = ADVANCED_FACE( '', ( #1282 ), #1283, .F. );
#455 = ADVANCED_FACE( '', ( #1284 ), #1285, .T. );
#456 = ADVANCED_FACE( '', ( #1286 ), #1287, .F. );
#457 = ADVANCED_FACE( '', ( #1288 ), #1289, .F. );
#458 = ADVANCED_FACE( '', ( #1290 ), #1291, .T. );
#459 = ADVANCED_FACE( '', ( #1292 ), #1293, .F. );
#460 = ADVANCED_FACE( '', ( #1294 ), #1295, .T. );
#461 = ADVANCED_FACE( '', ( #1296 ), #1297, .F. );
#462 = ADVANCED_FACE( '', ( #1298 ), #1299, .T. );
#463 = ADVANCED_FACE( '', ( #1300 ), #1301, .F. );
#464 = ADVANCED_FACE( '', ( #1302 ), #1303, .T. );
#465 = ADVANCED_FACE( '', ( #1304 ), #1305, .F. );
#466 = ADVANCED_FACE( '', ( #1306 ), #1307, .F. );
#467 = ADVANCED_FACE( '', ( #1308 ), #1309, .F. );
#468 = ADVANCED_FACE( '', ( #1310 ), #1311, .T. );
#469 = ADVANCED_FACE( '', ( #1312 ), #1313, .T. );
#470 = ADVANCED_FACE( '', ( #1314 ), #1315, .F. );
#471 = ADVANCED_FACE( '', ( #1316 ), #1317, .T. );
#472 = ADVANCED_FACE( '', ( #1318 ), #1319, .F. );
#473 = ADVANCED_FACE( '', ( #1320 ), #1321, .T. );
#474 = ADVANCED_FACE( '', ( #1322 ), #1323, .F. );
#475 = ADVANCED_FACE( '', ( #1324 ), #1325, .F. );
#476 = ADVANCED_FACE( '', ( #1326 ), #1327, .F. );
#477 = ADVANCED_FACE( '', ( #1328 ), #1329, .F. );
#478 = ADVANCED_FACE( '', ( #1330 ), #1331, .T. );
#479 = ADVANCED_FACE( '', ( #1332 ), #1333, .F. );
#480 = ADVANCED_FACE( '', ( #1334 ), #1335, .T. );
#481 = ADVANCED_FACE( '', ( #1336 ), #1337, .F. );
#482 = ADVANCED_FACE( '', ( #1338 ), #1339, .T. );
#483 = ADVANCED_FACE( '', ( #1340 ), #1341, .F. );
#484 = ADVANCED_FACE( '', ( #1342 ), #1343, .F. );
#485 = ADVANCED_FACE( '', ( #1344 ), #1345, .T. );
#486 = ADVANCED_FACE( '', ( #1346 ), #1347, .F. );
#487 = ADVANCED_FACE( '', ( #1348 ), #1349, .T. );
#488 = ADVANCED_FACE( '', ( #1350 ), #1351, .F. );
#489 = ADVANCED_FACE( '', ( #1352 ), #1353, .F. );
#491 = FACE_OUTER_BOUND( '', #1354, .T. );
#492 = PLANE( '', #1355 );
#493 = FACE_OUTER_BOUND( '', #1356, .T. );
#494 = CYLINDRICAL_SURFACE( '', #1357, 3.00000000000000 );
#495 = FACE_OUTER_BOUND( '', #1358, .T. );
#496 = CYLINDRICAL_SURFACE( '', #1359, 5.00000000000000 );
#497 = FACE_OUTER_BOUND( '', #1360, .T. );
#498 = FACE_BOUND( '', #1361, .T. );
#499 = FACE_BOUND( '', #1362, .T. );
#500 = FACE_BOUND( '', #1363, .T. );
#501 = FACE_BOUND( '', #1364, .T. );
#502 = FACE_BOUND( '', #1365, .T. );
#503 = FACE_BOUND( '', #1366, .T. );
#504 = PLANE( '', #1367 );
#505 = FACE_BOUND( '', #1368, .T. );
#506 = FACE_BOUND( '', #1369, .T. );
#507 = FACE_BOUND( '', #1370, .T. );
#508 = FACE_OUTER_BOUND( '', #1371, .T. );
#509 = FACE_BOUND( '', #1372, .T. );
#510 = FACE_BOUND( '', #1373, .T. );
#511 = FACE_BOUND( '', #1374, .T. );
#512 = PLANE( '', #1375 );
#513 = FACE_OUTER_BOUND( '', #1376, .T. );
#514 = FACE_OUTER_BOUND( '', #1377, .T. );
#515 = CYLINDRICAL_SURFACE( '', #1378, 40.0000000000000 );
#516 = FACE_OUTER_BOUND( '', #1379, .T. );
#517 = FACE_OUTER_BOUND( '', #1380, .T. );
#518 = CYLINDRICAL_SURFACE( '', #1381, 75.0000000000000 );
#519 = FACE_OUTER_BOUND( '', #1382, .T. );
#520 = FACE_BOUND( '', #1383, .T. );
#521 = PLANE( '', #1384 );
#522 = FACE_OUTER_BOUND( '', #1385, .T. );
#523 = FACE_OUTER_BOUND( '', #1386, .T. );
#524 = CYLINDRICAL_SURFACE( '', #1387, 9.00000000000000 );
#525 = FACE_OUTER_BOUND( '', #1388, .T. );
#526 = CYLINDRICAL_SURFACE( '', #1389, 70.0000000000000 );
#527 = FACE_OUTER_BOUND( '', #1390, .T. );
#528 = FACE_OUTER_BOUND( '', #1391, .T. );
#529 = CYLINDRICAL_SURFACE( '', #1392, 82.5000000000000 );
#530 = FACE_OUTER_BOUND( '', #1393, .T. );
#531 = FACE_OUTER_BOUND( '', #1394, .T. );
#532 = CYLINDRICAL_SURFACE( '', #1395, 92.0000000000000 );
#533 = FACE_OUTER_BOUND( '', #1396, .T. );
#534 = FACE_BOUND( '', #1397, .T. );
#535 = CONICAL_SURFACE( '', #1398, 89.5000000000000, 1.30899693900000 );
#536 = FACE_OUTER_BOUND( '', #1399, .T. );
#537 = FACE_BOUND( '', #1400, .T. );
#538 = PLANE( '', #1401 );
#539 = FACE_BOUND( '', #1402, .T. );
#540 = FACE_OUTER_BOUND( '', #1403, .T. );
#541 = PLANE( '', #1404 );
#542 = FACE_BOUND( '', #1405, .T. );
#543 = FACE_OUTER_BOUND( '', #1406, .T. );
#544 = CONICAL_SURFACE( '', #1407, 92.0000000000000, 1.30899693900000 );
#545 = FACE_OUTER_BOUND( '', #1408, .T. );
#546 = FACE_BOUND( '', #1409, .T. );
#547 = CONICAL_SURFACE( '', #1410, 89.5000000000000, 1.30899693900000 );
#548 = FACE_OUTER_BOUND( '', #1411, .T. );
#549 = FACE_BOUND( '', #1412, .T. );
#550 = PLANE( '', #1413 );
#551 = FACE_BOUND( '', #1414, .T. );
#552 = FACE_OUTER_BOUND( '', #1415, .T. );
#553 = PLANE( '', #1416 );
#554 = FACE_BOUND( '', #1417, .T. );
#555 = FACE_OUTER_BOUND( '', #1418, .T. );
#556 = CONICAL_SURFACE( '', #1419, 92.0000000000000, 1.30899693900000 );
#557 = FACE_OUTER_BOUND( '', #1420, .T. );
#558 = FACE_OUTER_BOUND( '', #1421, .T. );
#559 = CYLINDRICAL_SURFACE( '', #1422, 92.0000000000000 );
#560 = FACE_OUTER_BOUND( '', #1423, .T. );
#561 = CYLINDRICAL_SURFACE( '', #1424, 1.60000000000000 );
#562 = FACE_OUTER_BOUND( '', #1425, .T. );
#563 = PLANE( '', #1426 );
#564 = FACE_OUTER_BOUND( '', #1427, .T. );
#565 = CYLINDRICAL_SURFACE( '', #1428, 1.60000000000000 );
#566 = FACE_OUTER_BOUND( '', #1429, .T. );
#567 = PLANE( '', #1430 );
#568 = FACE_OUTER_BOUND( '', #1431, .T. );
#569 = CYLINDRICAL_SURFACE( '', #1432, 1.60000000000000 );
#570 = FACE_OUTER_BOUND( '', #1433, .T. );
#571 = PLANE( '', #1434 );
#572 = FACE_OUTER_BOUND( '', #1435, .T. );
#573 = CYLINDRICAL_SURFACE( '', #1436, 1.60000000000000 );
#574 = FACE_OUTER_BOUND( '', #1437, .T. );
#575 = CYLINDRICAL_SURFACE( '', #1438, 1.60000000000000 );
#576 = FACE_OUTER_BOUND( '', #1439, .T. );
#577 = PLANE( '', #1440 );
#578 = FACE_OUTER_BOUND( '', #1441, .T. );
#579 = CYLINDRICAL_SURFACE( '', #1442, 1.60000000000000 );
#580 = FACE_OUTER_BOUND( '', #1443, .T. );
#581 = PLANE( '', #1444 );
#582 = FACE_OUTER_BOUND( '', #1445, .T. );
#583 = CYLINDRICAL_SURFACE( '', #1446, 1.60000000000000 );
#584 = FACE_OUTER_BOUND( '', #1447, .T. );
#585 = PLANE( '', #1448 );
#586 = FACE_OUTER_BOUND( '', #1449, .T. );
#587 = CYLINDRICAL_SURFACE( '', #1450, 1.60000000000000 );
#588 = FACE_OUTER_BOUND( '', #1451, .T. );
#589 = CYLINDRICAL_SURFACE( '', #1452, 1.60000000000000 );
#590 = FACE_OUTER_BOUND( '', #1453, .T. );
#591 = PLANE( '', #1454 );
#592 = FACE_OUTER_BOUND( '', #1455, .T. );
#593 = CYLINDRICAL_SURFACE( '', #1456, 1.60000000000000 );
#594 = FACE_OUTER_BOUND( '', #1457, .T. );
#595 = PLANE( '', #1458 );
#596 = FACE_OUTER_BOUND( '', #1459, .T. );
#597 = CYLINDRICAL_SURFACE( '', #1460, 1.60000000000000 );
#598 = FACE_OUTER_BOUND( '', #1461, .T. );
#599 = PLANE( '', #1462 );
#600 = FACE_OUTER_BOUND( '', #1463, .T. );
#601 = CYLINDRICAL_SURFACE( '', #1464, 1.60000000000000 );
#602 = FACE_OUTER_BOUND( '', #1465, .T. );
#603 = CYLINDRICAL_SURFACE( '', #1466, 1.60000000000000 );
#604 = FACE_OUTER_BOUND( '', #1467, .T. );
#605 = PLANE( '', #1468 );
#606 = FACE_OUTER_BOUND( '', #1469, .T. );
#607 = CYLINDRICAL_SURFACE( '', #1470, 1.60000000000000 );
#608 = FACE_OUTER_BOUND( '', #1471, .T. );
#609 = PLANE( '', #1472 );
#610 = FACE_OUTER_BOUND( '', #1473, .T. );
#611 = CYLINDRICAL_SURFACE( '', #1474, 1.60000000000000 );
#612 = FACE_OUTER_BOUND( '', #1475, .T. );
#613 = PLANE( '', #1476 );
#614 = FACE_OUTER_BOUND( '', #1477, .T. );
#615 = CYLINDRICAL_SURFACE( '', #1478, 1.60000000000000 );
#616 = FACE_OUTER_BOUND( '', #1479, .T. );
#617 = CYLINDRICAL_SURFACE( '', #1480, 1.60000000000000 );
#618 = FACE_OUTER_BOUND( '', #1481, .T. );
#619 = PLANE( '', #1482 );
#620 = FACE_OUTER_BOUND( '', #1483, .T. );
#621 = CYLINDRICAL_SURFACE( '', #1484, 1.60000000000000 );
#622 = FACE_OUTER_BOUND( '', #1485, .T. );
#623 = PLANE( '', #1486 );
#624 = FACE_OUTER_BOUND( '', #1487, .T. );
#625 = CYLINDRICAL_SURFACE( '', #1488, 1.60000000000000 );
#626 = FACE_OUTER_BOUND( '', #1489, .T. );
#627 = PLANE( '', #1490 );
#628 = FACE_OUTER_BOUND( '', #1491, .T. );
#629 = CYLINDRICAL_SURFACE( '', #1492, 1.60000000000000 );
#630 = FACE_OUTER_BOUND( '', #1493, .T. );
#631 = CYLINDRICAL_SURFACE( '', #1494, 1.60000000000000 );
#632 = FACE_OUTER_BOUND( '', #1495, .T. );
#633 = PLANE( '', #1496 );
#634 = FACE_OUTER_BOUND( '', #1497, .T. );
#635 = CYLINDRICAL_SURFACE( '', #1498, 1.60000000000000 );
#636 = FACE_OUTER_BOUND( '', #1499, .T. );
#637 = PLANE( '', #1500 );
#638 = FACE_OUTER_BOUND( '', #1501, .T. );
#639 = CYLINDRICAL_SURFACE( '', #1502, 1.60000000000000 );
#640 = FACE_OUTER_BOUND( '', #1503, .T. );
#641 = PLANE( '', #1504 );
#642 = FACE_OUTER_BOUND( '', #1505, .T. );
#643 = CYLINDRICAL_SURFACE( '', #1506, 1.60000000000000 );
#644 = FACE_OUTER_BOUND( '', #1507, .T. );
#645 = CYLINDRICAL_SURFACE( '', #1508, 1.60000000000000 );
#646 = FACE_OUTER_BOUND( '', #1509, .T. );
#647 = PLANE( '', #1510 );
#648 = FACE_OUTER_BOUND( '', #1511, .T. );
#649 = CYLINDRICAL_SURFACE( '', #1512, 1.60000000000000 );
#650 = FACE_OUTER_BOUND( '', #1513, .T. );
#651 = PLANE( '', #1514 );
#652 = FACE_OUTER_BOUND( '', #1515, .T. );
#653 = CYLINDRICAL_SURFACE( '', #1516, 1.60000000000000 );
#654 = FACE_OUTER_BOUND( '', #1517, .T. );
#655 = PLANE( '', #1518 );
#656 = FACE_OUTER_BOUND( '', #1519, .T. );
#657 = CYLINDRICAL_SURFACE( '', #1520, 1.60000000000000 );
#658 = FACE_OUTER_BOUND( '', #1521, .T. );
#659 = CYLINDRICAL_SURFACE( '', #1522, 1.60000000000000 );
#660 = FACE_OUTER_BOUND( '', #1523, .T. );
#661 = PLANE( '', #1524 );
#662 = FACE_OUTER_BOUND( '', #1525, .T. );
#663 = CYLINDRICAL_SURFACE( '', #1526, 1.60000000000000 );
#664 = FACE_OUTER_BOUND( '', #1527, .T. );
#665 = PLANE( '', #1528 );
#666 = FACE_OUTER_BOUND( '', #1529, .T. );
#667 = CYLINDRICAL_SURFACE( '', #1530, 1.60000000000000 );
#668 = FACE_OUTER_BOUND( '', #1531, .T. );
#669 = PLANE( '', #1532 );
#670 = FACE_OUTER_BOUND( '', #1533, .T. );
#671 = CYLINDRICAL_SURFACE( '', #1534, 1.60000000000000 );
#672 = FACE_OUTER_BOUND( '', #1535, .T. );
#673 = CYLINDRICAL_SURFACE( '', #1536, 1.60000000000000 );
#674 = FACE_OUTER_BOUND( '', #1537, .T. );
#675 = PLANE( '', #1538 );
#676 = FACE_OUTER_BOUND( '', #1539, .T. );
#677 = CYLINDRICAL_SURFACE( '', #1540, 1.60000000000000 );
#678 = FACE_OUTER_BOUND( '', #1541, .T. );
#679 = PLANE( '', #1542 );
#680 = FACE_OUTER_BOUND( '', #1543, .T. );
#681 = CYLINDRICAL_SURFACE( '', #1544, 1.60000000000000 );
#682 = FACE_OUTER_BOUND( '', #1545, .T. );
#683 = PLANE( '', #1546 );
#684 = FACE_OUTER_BOUND( '', #1547, .T. );
#685 = CYLINDRICAL_SURFACE( '', #1548, 1.60000000000000 );
#686 = FACE_OUTER_BOUND( '', #1549, .T. );
#687 = CYLINDRICAL_SURFACE( '', #1550, 1.60000000000000 );
#688 = FACE_OUTER_BOUND( '', #1551, .T. );
#689 = PLANE( '', #1552 );
#690 = FACE_OUTER_BOUND( '', #1553, .T. );
#691 = CYLINDRICAL_SURFACE( '', #1554, 1.60000000000000 );
#692 = FACE_OUTER_BOUND( '', #1555, .T. );
#693 = PLANE( '', #1556 );
#694 = FACE_OUTER_BOUND( '', #1557, .T. );
#695 = CYLINDRICAL_SURFACE( '', #1558, 1.60000000000000 );
#696 = FACE_OUTER_BOUND( '', #1559, .T. );
#697 = PLANE( '', #1560 );
#698 = FACE_OUTER_BOUND( '', #1561, .T. );
#699 = CYLINDRICAL_SURFACE( '', #1562, 1.60000000000000 );
#700 = FACE_OUTER_BOUND( '', #1563, .T. );
#701 = CYLINDRICAL_SURFACE( '', #1564, 1.60000000000000 );
#702 = FACE_OUTER_BOUND( '', #1565, .T. );
#703 = PLANE( '', #1566 );
#704 = FACE_OUTER_BOUND( '', #1567, .T. );
#705 = CYLINDRICAL_SURFACE( '', #1568, 1.60000000000000 );
#706 = FACE_OUTER_BOUND( '', #1569, .T. );
#707 = PLANE( '', #1570 );
#708 = FACE_OUTER_BOUND( '', #1571, .T. );
#709 = CYLINDRICAL_SURFACE( '', #1572, 1.60000000000000 );
#710 = FACE_OUTER_BOUND( '', #1573, .T. );
#711 = PLANE( '', #1574 );
#712 = FACE_OUTER_BOUND( '', #1575, .T. );
#713 = CYLINDRICAL_SURFACE( '', #1576, 1.60000000000000 );
#714 = FACE_OUTER_BOUND( '', #1577, .T. );
#715 = CYLINDRICAL_SURFACE( '', #1578, 1.60000000000000 );
#716 = FACE_OUTER_BOUND( '', #1579, .T. );
#717 = PLANE( '', #1580 );
#718 = FACE_OUTER_BOUND( '', #1581, .T. );
#719 = CYLINDRICAL_SURFACE( '', #1582, 1.60000000000000 );
#720 = FACE_OUTER_BOUND( '', #1583, .T. );
#721 = PLANE( '', #1584 );
#722 = FACE_OUTER_BOUND( '', #1585, .T. );
#723 = CYLINDRICAL_SURFACE( '', #1586, 1.60000000000000 );
#724 = FACE_OUTER_BOUND( '', #1587, .T. );
#725 = PLANE( '', #1588 );
#726 = FACE_OUTER_BOUND( '', #1589, .T. );
#727 = CYLINDRICAL_SURFACE( '', #1590, 1.60000000000000 );
#728 = FACE_OUTER_BOUND( '', #1591, .T. );
#729 = CYLINDRICAL_SURFACE( '', #1592, 1.60000000000000 );
#730 = FACE_OUTER_BOUND( '', #1593, .T. );
#731 = PLANE( '', #1594 );
#732 = FACE_OUTER_BOUND( '', #1595, .T. );
#733 = CYLINDRICAL_SURFACE( '', #1596, 1.60000000000000 );
#734 = FACE_OUTER_BOUND( '', #1597, .T. );
#735 = PLANE( '', #1598 );
#736 = FACE_OUTER_BOUND( '', #1599, .T. );
#737 = CYLINDRICAL_SURFACE( '', #1600, 1.60000000000000 );
#738 = FACE_OUTER_BOUND( '', #1601, .T. );
#739 = PLANE( '', #1602 );
#740 = FACE_OUTER_BOUND( '', #1603, .T. );
#741 = CYLINDRICAL_SURFACE( '', #1604, 1.60000000000000 );
#742 = FACE_OUTER_BOUND( '', #1605, .T. );
#743 = CYLINDRICAL_SURFACE( '', #1606, 1.60000000000000 );
#744 = FACE_OUTER_BOUND( '', #1607, .T. );
#745 = PLANE( '', #1608 );
#746 = FACE_OUTER_BOUND( '', #1609, .T. );
#747 = CYLINDRICAL_SURFACE( '', #1610, 1.60000000000000 );
#748 = FACE_OUTER_BOUND( '', #1611, .T. );
#749 = PLANE( '', #1612 );
#750 = FACE_OUTER_BOUND( '', #1613, .T. );
#751 = CYLINDRICAL_SURFACE( '', #1614, 1.60000000000000 );
#752 = FACE_OUTER_BOUND( '', #1615, .T. );
#753 = PLANE( '', #1616 );
#754 = FACE_OUTER_BOUND( '', #1617, .T. );
#755 = CYLINDRICAL_SURFACE( '', #1618, 1.60000000000000 );
#756 = FACE_OUTER_BOUND( '', #1619, .T. );
#757 = CYLINDRICAL_SURFACE( '', #1620, 1.60000000000000 );
#758 = FACE_OUTER_BOUND( '', #1621, .T. );
#759 = PLANE( '', #1622 );
#760 = FACE_OUTER_BOUND( '', #1623, .T. );
#761 = CYLINDRICAL_SURFACE( '', #1624, 1.60000000000000 );
#762 = FACE_OUTER_BOUND( '', #1625, .T. );
#763 = PLANE( '', #1626 );
#764 = FACE_OUTER_BOUND( '', #1627, .T. );
#765 = CYLINDRICAL_SURFACE( '', #1628, 1.60000000000000 );
#766 = FACE_OUTER_BOUND( '', #1629, .T. );
#767 = PLANE( '', #1630 );
#768 = FACE_OUTER_BOUND( '', #1631, .T. );
#769 = CYLINDRICAL_SURFACE( '', #1632, 1.60000000000000 );
#770 = FACE_OUTER_BOUND( '', #1633, .T. );
#771 = CYLINDRICAL_SURFACE( '', #1634, 1.60000000000000 );
#772 = FACE_OUTER_BOUND( '', #1635, .T. );
#773 = PLANE( '', #1636 );
#774 = FACE_OUTER_BOUND( '', #1637, .T. );
#775 = CYLINDRICAL_SURFACE( '', #1638, 1.60000000000000 );
#776 = FACE_OUTER_BOUND( '', #1639, .T. );
#777 = PLANE( '', #1640 );
#778 = FACE_OUTER_BOUND( '', #1641, .T. );
#779 = CYLINDRICAL_SURFACE( '', #1642, 1.60000000000000 );
#780 = FACE_OUTER_BOUND( '', #1643, .T. );
#781 = PLANE( '', #1644 );
#782 = FACE_OUTER_BOUND( '', #1645, .T. );
#783 = CYLINDRICAL_SURFACE( '', #1646, 1.60000000000000 );
#784 = FACE_OUTER_BOUND( '', #1647, .T. );
#785 = CYLINDRICAL_SURFACE( '', #1648, 1.60000000000000 );
#786 = FACE_OUTER_BOUND( '', #1649, .T. );
#787 = PLANE( '', #1650 );
#788 = FACE_OUTER_BOUND( '', #1651, .T. );
#789 = CYLINDRICAL_SURFACE( '', #1652, 1.60000000000000 );
#790 = FACE_OUTER_BOUND( '', #1653, .T. );
#791 = PLANE( '', #1654 );
#792 = FACE_OUTER_BOUND( '', #1655, .T. );
#793 = CYLINDRICAL_SURFACE( '', #1656, 1.60000000000000 );
#794 = FACE_OUTER_BOUND( '', #1657, .T. );
#795 = PLANE( '', #1658 );
#796 = FACE_OUTER_BOUND( '', #1659, .T. );
#797 = CYLINDRICAL_SURFACE( '', #1660, 1.60000000000000 );
#798 = FACE_OUTER_BOUND( '', #1661, .T. );
#799 = CYLINDRICAL_SURFACE( '', #1662, 1.60000000000000 );
#800 = FACE_OUTER_BOUND( '', #1663, .T. );
#801 = PLANE( '', #1664 );
#802 = FACE_OUTER_BOUND( '', #1665, .T. );
#803 = CYLINDRICAL_SURFACE( '', #1666, 1.60000000000000 );
#804 = FACE_OUTER_BOUND( '', #1667, .T. );
#805 = PLANE( '', #1668 );
#806 = FACE_OUTER_BOUND( '', #1669, .T. );
#807 = CYLINDRICAL_SURFACE( '', #1670, 1.60000000000000 );
#808 = FACE_OUTER_BOUND( '', #1671, .T. );
#809 = PLANE( '', #1672 );
#810 = FACE_OUTER_BOUND( '', #1673, .T. );
#811 = CYLINDRICAL_SURFACE( '', #1674, 1.60000000000000 );
#812 = FACE_OUTER_BOUND( '', #1675, .T. );
#813 = CYLINDRICAL_SURFACE( '', #1676, 1.60000000000000 );
#814 = FACE_OUTER_BOUND( '', #1677, .T. );
#815 = PLANE( '', #1678 );
#816 = FACE_OUTER_BOUND( '', #1679, .T. );
#817 = CYLINDRICAL_SURFACE( '', #1680, 1.60000000000000 );
#818 = FACE_OUTER_BOUND( '', #1681, .T. );
#819 = PLANE( '', #1682 );
#820 = FACE_OUTER_BOUND( '', #1683, .T. );
#821 = CYLINDRICAL_SURFACE( '', #1684, 1.60000000000000 );
#822 = FACE_OUTER_BOUND( '', #1685, .T. );
#823 = PLANE( '', #1686 );
#824 = FACE_OUTER_BOUND( '', #1687, .T. );
#825 = CYLINDRICAL_SURFACE( '', #1688, 1.60000000000000 );
#826 = FACE_OUTER_BOUND( '', #1689, .T. );
#827 = CYLINDRICAL_SURFACE( '', #1690, 1.60000000000000 );
#828 = FACE_OUTER_BOUND( '', #1691, .T. );
#829 = PLANE( '', #1692 );
#830 = FACE_OUTER_BOUND( '', #1693, .T. );
#831 = CYLINDRICAL_SURFACE( '', #1694, 1.60000000000000 );
#832 = FACE_OUTER_BOUND( '', #1695, .T. );
#833 = PLANE( '', #1696 );
#834 = FACE_OUTER_BOUND( '', #1697, .T. );
#835 = CYLINDRICAL_SURFACE( '', #1698, 1.60000000000000 );
#836 = FACE_OUTER_BOUND( '', #1699, .T. );
#837 = PLANE( '', #1700 );
#838 = FACE_OUTER_BOUND( '', #1701, .T. );
#839 = CYLINDRICAL_SURFACE( '', #1702, 1.60000000000000 );
#840 = FACE_OUTER_BOUND( '', #1703, .T. );
#841 = CYLINDRICAL_SURFACE( '', #1704, 1.60000000000000 );
#842 = FACE_OUTER_BOUND( '', #1705, .T. );
#843 = PLANE( '', #1706 );
#844 = FACE_OUTER_BOUND( '', #1707, .T. );
#845 = CYLINDRICAL_SURFACE( '', #1708, 1.60000000000000 );
#846 = FACE_OUTER_BOUND( '', #1709, .T. );
#847 = PLANE( '', #1710 );
#848 = FACE_OUTER_BOUND( '', #1711, .T. );
#849 = CYLINDRICAL_SURFACE( '', #1712, 1.60000000000000 );
#850 = FACE_OUTER_BOUND( '', #1713, .T. );
#851 = PLANE( '', #1714 );
#852 = FACE_OUTER_BOUND( '', #1715, .T. );
#853 = CYLINDRICAL_SURFACE( '', #1716, 1.60000000000000 );
#854 = FACE_OUTER_BOUND( '', #1717, .T. );
#855 = CYLINDRICAL_SURFACE( '', #1718, 1.60000000000000 );
#856 = FACE_OUTER_BOUND( '', #1719, .T. );
#857 = PLANE( '', #1720 );
#858 = FACE_OUTER_BOUND( '', #1721, .T. );
#859 = CYLINDRICAL_SURFACE( '', #1722, 1.60000000000000 );
#860 = FACE_OUTER_BOUND( '', #1723, .T. );
#861 = PLANE( '', #1724 );
#862 = FACE_OUTER_BOUND( '', #1725, .T. );
#863 = CYLINDRICAL_SURFACE( '', #1726, 1.60000000000000 );
#864 = FACE_OUTER_BOUND( '', #1727, .T. );
#865 = PLANE( '', #1728 );
#866 = FACE_OUTER_BOUND( '', #1729, .T. );
#867 = CYLINDRICAL_SURFACE( '', #1730, 1.60000000000000 );
#868 = FACE_OUTER_BOUND( '', #1731, .T. );
#869 = CYLINDRICAL_SURFACE( '', #1732, 1.60000000000000 );
#870 = FACE_OUTER_BOUND( '', #1733, .T. );
#871 = PLANE( '', #1734 );
#872 = FACE_OUTER_BOUND( '', #1735, .T. );
#873 = CYLINDRICAL_SURFACE( '', #1736, 1.60000000000000 );
#874 = FACE_OUTER_BOUND( '', #1737, .T. );
#875 = PLANE( '', #1738 );
#876 = FACE_OUTER_BOUND( '', #1739, .T. );
#877 = CYLINDRICAL_SURFACE( '', #1740, 1.60000000000000 );
#878 = FACE_OUTER_BOUND( '', #1741, .T. );
#879 = PLANE( '', #1742 );
#880 = FACE_OUTER_BOUND( '', #1743, .T. );
#881 = CYLINDRICAL_SURFACE( '', #1744, 1.60000000000000 );
#882 = FACE_OUTER_BOUND( '', #1745, .T. );
#883 = CYLINDRICAL_SURFACE( '', #1746, 1.60000000000000 );
#884 = FACE_OUTER_BOUND( '', #1747, .T. );
#885 = PLANE( '', #1748 );
#886 = FACE_OUTER_BOUND( '', #1749, .T. );
#887 = CYLINDRICAL_SURFACE( '', #1750, 1.60000000000000 );
#888 = FACE_OUTER_BOUND( '', #1751, .T. );
#889 = PLANE( '', #1752 );
#890 = FACE_OUTER_BOUND( '', #1753, .T. );
#891 = CYLINDRICAL_SURFACE( '', #1754, 1.60000000000000 );
#892 = FACE_OUTER_BOUND( '', #1755, .T. );
#893 = PLANE( '', #1756 );
#894 = FACE_OUTER_BOUND( '', #1757, .T. );
#895 = CYLINDRICAL_SURFACE( '', #1758, 1.60000000000000 );
#896 = FACE_OUTER_BOUND( '', #1759, .T. );
#897 = CYLINDRICAL_SURFACE( '', #1760, 1.60000000000000 );
#898 = FACE_OUTER_BOUND( '', #1761, .T. );
#899 = PLANE( '', #1762 );
#900 = FACE_OUTER_BOUND( '', #1763, .T. );
#901 = CYLINDRICAL_SURFACE( '', #1764, 1.60000000000000 );
#902 = FACE_OUTER_BOUND( '', #1765, .T. );
#903 = PLANE( '', #1766 );
#904 = FACE_OUTER_BOUND( '', #1767, .T. );
#905 = CYLINDRICAL_SURFACE( '', #1768, 1.60000000000000 );
#906 = FACE_OUTER_BOUND( '', #1769, .T. );
#907 = PLANE( '', #1770 );
#908 = FACE_OUTER_BOUND( '', #1771, .T. );
#909 = CYLINDRICAL_SURFACE( '', #1772, 1.60000000000000 );
#910 = FACE_OUTER_BOUND( '', #1773, .T. );
#911 = CYLINDRICAL_SURFACE( '', #1774, 1.60000000000000 );
#912 = FACE_OUTER_BOUND( '', #1775, .T. );
#913 = PLANE( '', #1776 );
#914 = FACE_OUTER_BOUND( '', #1777, .T. );
#915 = CYLINDRICAL_SURFACE( '', #1778, 1.60000000000000 );
#916 = FACE_OUTER_BOUND( '', #1779, .T. );
#917 = PLANE( '', #1780 );
#918 = FACE_OUTER_BOUND( '', #1781, .T. );
#919 = CYLINDRICAL_SURFACE( '', #1782, 1.60000000000000 );
#920 = FACE_OUTER_BOUND( '', #1783, .T. );
#921 = PLANE( '', #1784 );
#922 = FACE_OUTER_BOUND( '', #1785, .T. );
#923 = CYLINDRICAL_SURFACE( '', #1786, 1.60000000000000 );
#924 = FACE_OUTER_BOUND( '', #1787, .T. );
#925 = CYLINDRICAL_SURFACE( '', #1788, 1.60000000000000 );
#926 = FACE_OUTER_BOUND( '', #1789, .T. );
#927 = PLANE( '', #1790 );
#928 = FACE_OUTER_BOUND( '', #1791, .T. );
#929 = CYLINDRICAL_SURFACE( '', #1792, 1.60000000000000 );
#930 = FACE_OUTER_BOUND( '', #1793, .T. );
#931 = PLANE( '', #1794 );
#932 = FACE_OUTER_BOUND( '', #1795, .T. );
#933 = CYLINDRICAL_SURFACE( '', #1796, 1.60000000000000 );
#934 = FACE_OUTER_BOUND( '', #1797, .T. );
#935 = PLANE( '', #1798 );
#936 = FACE_OUTER_BOUND( '', #1799, .T. );
#937 = CYLINDRICAL_SURFACE( '', #1800, 1.60000000000000 );
#938 = FACE_OUTER_BOUND( '', #1801, .T. );
#939 = CYLINDRICAL_SURFACE( '', #1802, 1.60000000000000 );
#940 = FACE_OUTER_BOUND( '', #1803, .T. );
#941 = PLANE( '', #1804 );
#942 = FACE_OUTER_BOUND( '', #1805, .T. );
#943 = CYLINDRICAL_SURFACE( '', #1806, 1.60000000000000 );
#944 = FACE_OUTER_BOUND( '', #1807, .T. );
#945 = PLANE( '', #1808 );
#946 = FACE_OUTER_BOUND( '', #1809, .T. );
#947 = CYLINDRICAL_SURFACE( '', #1810, 1.60000000000000 );
#948 = FACE_OUTER_BOUND( '', #1811, .T. );
#949 = PLANE( '', #1812 );
#950 = FACE_OUTER_BOUND( '', #1813, .T. );
#951 = CYLINDRICAL_SURFACE( '', #1814, 1.60000000000000 );
#952 = FACE_OUTER_BOUND( '', #1815, .T. );
#953 = CYLINDRICAL_SURFACE( '', #1816, 1.60000000000000 );
#954 = FACE_OUTER_BOUND( '', #1817, .T. );
#955 = PLANE( '', #1818 );
#956 = FACE_OUTER_BOUND( '', #1819, .T. );
#957 = CYLINDRICAL_SURFACE( '', #1820, 1.60000000000000 );
#958 = FACE_OUTER_BOUND( '', #1821, .T. );
#959 = PLANE( '', #1822 );
#960 = FACE_OUTER_BOUND( '', #1823, .T. );
#961 = CYLINDRICAL_SURFACE( '', #1824, 1.60000000000000 );
#962 = FACE_OUTER_BOUND( '', #1825, .T. );
#963 = PLANE( '', #1826 );
#964 = FACE_OUTER_BOUND( '', #1827, .T. );
#965 = CYLINDRICAL_SURFACE( '', #1828, 1.60000000000000 );
#966 = FACE_OUTER_BOUND( '', #1829, .T. );
#967 = CYLINDRICAL_SURFACE( '', #1830, 1.60000000000000 );
#968 = FACE_OUTER_BOUND( '', #1831, .T. );
#969 = PLANE( '', #1832 );
#970 = FACE_OUTER_BOUND( '', #1833, .T. );
#971 = CYLINDRICAL_SURFACE( '', #1834, 1.60000000000000 );
#972 = FACE_OUTER_BOUND( '', #1835, .T. );
#973 = PLANE( '', #1836 );
#974 = FACE_OUTER_BOUND( '', #1837, .T. );
#975 = CYLINDRICAL_SURFACE( '', #1838, 1.60000000000000 );
#976 = FACE_OUTER_BOUND( '', #1839, .T. );
#977 = PLANE( '', #1840 );
#978 = FACE_OUTER_BOUND( '', #1841, .T. );
#979 = CYLINDRICAL_SURFACE( '', #1842, 1.60000000000000 );
#980 = FACE_OUTER_BOUND( '', #1843, .T. );
#981 = CYLINDRICAL_SURFACE( '', #1844, 1.60000000000000 );
#982 = FACE_OUTER_BOUND( '', #1845, .T. );
#983 = PLANE( '', #1846 );
#984 = FACE_OUTER_BOUND( '', #1847, .T. );
#985 = CYLINDRICAL_SURFACE( '', #1848, 1.60000000000000 );
#986 = FACE_OUTER_BOUND( '', #1849, .T. );
#987 = PLANE( '', #1850 );
#988 = FACE_OUTER_BOUND( '', #1851, .T. );
#989 = CYLINDRICAL_SURFACE( '', #1852, 1.60000000000000 );
#990 = FACE_OUTER_BOUND( '', #1853, .T. );
#991 = PLANE( '', #1854 );
#992 = FACE_OUTER_BOUND( '', #1855, .T. );
#993 = CYLINDRICAL_SURFACE( '', #1856, 1.60000000000000 );
#994 = FACE_OUTER_BOUND( '', #1857, .T. );
#995 = CYLINDRICAL_SURFACE( '', #1858, 1.60000000000000 );
#996 = FACE_OUTER_BOUND( '', #1859, .T. );
#997 = PLANE( '', #1860 );
#998 = FACE_OUTER_BOUND( '', #1861, .T. );
#999 = CYLINDRICAL_SURFACE( '', #1862, 1.60000000000000 );
#1000 = FACE_OUTER_BOUND( '', #1863, .T. );
#1001 = PLANE( '', #1864 );
#1002 = FACE_OUTER_BOUND( '', #1865, .T. );
#1003 = CYLINDRICAL_SURFACE( '', #1866, 1.60000000000000 );
#1004 = FACE_OUTER_BOUND( '', #1867, .T. );
#1005 = PLANE( '', #1868 );
#1006 = FACE_OUTER_BOUND( '', #1869, .T. );
#1007 = CYLINDRICAL_SURFACE( '', #1870, 1.60000000000000 );
#1008 = FACE_OUTER_BOUND( '', #1871, .T. );
#1009 = CYLINDRICAL_SURFACE( '', #1872, 1.60000000000000 );
#1010 = FACE_OUTER_BOUND( '', #1873, .T. );
#1011 = PLANE( '', #1874 );
#1012 = FACE_OUTER_BOUND( '', #1875, .T. );
#1013 = CYLINDRICAL_SURFACE( '', #1876, 1.60000000000000 );
#1014 = FACE_OUTER_BOUND( '', #1877, .T. );
#1015 = PLANE( '', #1878 );
#1016 = FACE_OUTER_BOUND( '', #1879, .T. );
#1017 = CYLINDRICAL_SURFACE( '', #1880, 1.60000000000000 );
#1018 = FACE_OUTER_BOUND( '', #1881, .T. );
#1019 = PLANE( '', #1882 );
#1020 = FACE_OUTER_BOUND( '', #1883, .T. );
#1021 = CYLINDRICAL_SURFACE( '', #1884, 1.60000000000000 );
#1022 = FACE_OUTER_BOUND( '', #1885, .T. );
#1023 = CYLINDRICAL_SURFACE( '', #1886, 1.60000000000000 );
#1024 = FACE_OUTER_BOUND( '', #1887, .T. );
#1025 = PLANE( '', #1888 );
#1026 = FACE_OUTER_BOUND( '', #1889, .T. );
#1027 = CYLINDRICAL_SURFACE( '', #1890, 1.60000000000000 );
#1028 = FACE_OUTER_BOUND( '', #1891, .T. );
#1029 = PLANE( '', #1892 );
#1030 = FACE_OUTER_BOUND( '', #1893, .T. );
#1031 = CYLINDRICAL_SURFACE( '', #1894, 1.60000000000000 );
#1032 = FACE_OUTER_BOUND( '', #1895, .T. );
#1033 = PLANE( '', #1896 );
#1034 = FACE_OUTER_BOUND( '', #1897, .T. );
#1035 = CYLINDRICAL_SURFACE( '', #1898, 1.60000000000000 );
#1036 = FACE_OUTER_BOUND( '', #1899, .T. );
#1037 = CYLINDRICAL_SURFACE( '', #1900, 1.60000000000000 );
#1038 = FACE_OUTER_BOUND( '', #1901, .T. );
#1039 = PLANE( '', #1902 );
#1040 = FACE_OUTER_BOUND( '', #1903, .T. );
#1041 = CYLINDRICAL_SURFACE( '', #1904, 1.60000000000000 );
#1042 = FACE_OUTER_BOUND( '', #1905, .T. );
#1043 = PLANE( '', #1906 );
#1044 = FACE_OUTER_BOUND( '', #1907, .T. );
#1045 = CYLINDRICAL_SURFACE( '', #1908, 1.60000000000000 );
#1046 = FACE_OUTER_BOUND( '', #1909, .T. );
#1047 = PLANE( '', #1910 );
#1048 = FACE_OUTER_BOUND( '', #1911, .T. );
#1049 = CYLINDRICAL_SURFACE( '', #1912, 1.60000000000000 );
#1050 = FACE_OUTER_BOUND( '', #1913, .T. );
#1051 = CYLINDRICAL_SURFACE( '', #1914, 1.60000000000000 );
#1052 = FACE_OUTER_BOUND( '', #1915, .T. );
#1053 = PLANE( '', #1916 );
#1054 = FACE_OUTER_BOUND( '', #1917, .T. );
#1055 = CYLINDRICAL_SURFACE( '', #1918, 1.60000000000000 );
#1056 = FACE_OUTER_BOUND( '', #1919, .T. );
#1057 = PLANE( '', #1920 );
#1058 = FACE_OUTER_BOUND( '', #1921, .T. );
#1059 = CYLINDRICAL_SURFACE( '', #1922, 1.60000000000000 );
#1060 = FACE_OUTER_BOUND( '', #1923, .T. );
#1061 = PLANE( '', #1924 );
#1062 = FACE_OUTER_BOUND( '', #1925, .T. );
#1063 = CYLINDRICAL_SURFACE( '', #1926, 1.60000000000000 );
#1064 = FACE_OUTER_BOUND( '', #1927, .T. );
#1065 = CYLINDRICAL_SURFACE( '', #1928, 1.60000000000000 );
#1066 = FACE_OUTER_BOUND( '', #1929, .T. );
#1067 = PLANE( '', #1930 );
#1068 = FACE_OUTER_BOUND( '', #1931, .T. );
#1069 = CYLINDRICAL_SURFACE( '', #1932, 1.60000000000000 );
#1070 = FACE_OUTER_BOUND( '', #1933, .T. );
#1071 = PLANE( '', #1934 );
#1072 = FACE_OUTER_BOUND( '', #1935, .T. );
#1073 = CYLINDRICAL_SURFACE( '', #1936, 1.60000000000000 );
#1074 = FACE_OUTER_BOUND( '', #1937, .T. );
#1075 = PLANE( '', #1938 );
#1076 = FACE_OUTER_BOUND( '', #1939, .T. );
#1077 = CYLINDRICAL_SURFACE( '', #1940, 1.60000000000000 );
#1078 = FACE_OUTER_BOUND( '', #1941, .T. );
#1079 = CYLINDRICAL_SURFACE( '', #1942, 1.60000000000000 );
#1080 = FACE_OUTER_BOUND( '', #1943, .T. );
#1081 = PLANE( '', #1944 );
#1082 = FACE_OUTER_BOUND( '', #1945, .T. );
#1083 = CYLINDRICAL_SURFACE( '', #1946, 1.60000000000000 );
#1084 = FACE_OUTER_BOUND( '', #1947, .T. );
#1085 = PLANE( '', #1948 );
#1086 = FACE_OUTER_BOUND( '', #1949, .T. );
#1087 = CYLINDRICAL_SURFACE( '', #1950, 1.60000000000000 );
#1088 = FACE_OUTER_BOUND( '', #1951, .T. );
#1089 = PLANE( '', #1952 );
#1090 = FACE_OUTER_BOUND( '', #1953, .T. );
#1091 = CYLINDRICAL_SURFACE( '', #1954, 1.60000000000000 );
#1092 = FACE_OUTER_BOUND( '', #1955, .T. );
#1093 = CYLINDRICAL_SURFACE( '', #1956, 1.60000000000000 );
#1094 = FACE_OUTER_BOUND( '', #1957, .T. );
#1095 = PLANE( '', #1958 );
#1096 = FACE_OUTER_BOUND( '', #1959, .T. );
#1097 = CYLINDRICAL_SURFACE( '', #1960, 1.60000000000000 );
#1098 = FACE_OUTER_BOUND( '', #1961, .T. );
#1099 = PLANE( '', #1962 );
#1100 = FACE_OUTER_BOUND( '', #1963, .T. );
#1101 = CYLINDRICAL_SURFACE( '', #1964, 1.60000000000000 );
#1102 = FACE_OUTER_BOUND( '', #1965, .T. );
#1103 = PLANE( '', #1966 );
#1104 = FACE_OUTER_BOUND( '', #1967, .T. );
#1105 = CYLINDRICAL_SURFACE( '', #1968, 1.60000000000000 );
#1106 = FACE_OUTER_BOUND( '', #1969, .T. );
#1107 = CYLINDRICAL_SURFACE( '', #1970, 1.60000000000000 );
#1108 = FACE_OUTER_BOUND( '', #1971, .T. );
#1109 = PLANE( '', #1972 );
#1110 = FACE_OUTER_BOUND( '', #1973, .T. );
#1111 = CYLINDRICAL_SURFACE( '', #1974, 1.60000000000000 );
#1112 = FACE_OUTER_BOUND( '', #1975, .T. );
#1113 = PLANE( '', #1976 );
#1114 = FACE_OUTER_BOUND( '', #1977, .T. );
#1115 = CYLINDRICAL_SURFACE( '', #1978, 1.60000000000000 );
#1116 = FACE_OUTER_BOUND( '', #1979, .T. );
#1117 = PLANE( '', #1980 );
#1118 = FACE_OUTER_BOUND( '', #1981, .T. );
#1119 = CYLINDRICAL_SURFACE( '', #1982, 1.60000000000000 );
#1120 = FACE_OUTER_BOUND( '', #1983, .T. );
#1121 = CYLINDRICAL_SURFACE( '', #1984, 1.60000000000000 );
#1122 = FACE_OUTER_BOUND( '', #1985, .T. );
#1123 = PLANE( '', #1986 );
#1124 = FACE_OUTER_BOUND( '', #1987, .T. );
#1125 = CYLINDRICAL_SURFACE( '', #1988, 1.60000000000000 );
#1126 = FACE_OUTER_BOUND( '', #1989, .T. );
#1127 = PLANE( '', #1990 );
#1128 = FACE_OUTER_BOUND( '', #1991, .T. );
#1129 = CYLINDRICAL_SURFACE( '', #1992, 1.60000000000000 );
#1130 = FACE_OUTER_BOUND( '', #1993, .T. );
#1131 = PLANE( '', #1994 );
#1132 = FACE_OUTER_BOUND( '', #1995, .T. );
#1133 = CYLINDRICAL_SURFACE( '', #1996, 1.60000000000000 );
#1134 = FACE_OUTER_BOUND( '', #1997, .T. );
#1135 = CYLINDRICAL_SURFACE( '', #1998, 1.60000000000000 );
#1136 = FACE_OUTER_BOUND( '', #1999, .T. );
#1137 = PLANE( '', #2000 );
#1138 = FACE_OUTER_BOUND( '', #2001, .T. );
#1139 = CYLINDRICAL_SURFACE( '', #2002, 1.60000000000000 );
#1140 = FACE_OUTER_BOUND( '', #2003, .T. );
#1141 = PLANE( '', #2004 );
#1142 = FACE_OUTER_BOUND( '', #2005, .T. );
#1143 = CYLINDRICAL_SURFACE( '', #2006, 1.60000000000000 );
#1144 = FACE_OUTER_BOUND( '', #2007, .T. );
#1145 = PLANE( '', #2008 );
#1146 = FACE_OUTER_BOUND( '', #2009, .T. );
#1147 = CYLINDRICAL_SURFACE( '', #2010, 1.60000000000000 );
#1148 = FACE_OUTER_BOUND( '', #2011, .T. );
#1149 = CYLINDRICAL_SURFACE( '', #2012, 1.60000000000000 );
#1150 = FACE_OUTER_BOUND( '', #2013, .T. );
#1151 = PLANE( '', #2014 );
#1152 = FACE_OUTER_BOUND( '', #2015, .T. );
#1153 = CYLINDRICAL_SURFACE( '', #2016, 1.60000000000000 );
#1154 = FACE_OUTER_BOUND( '', #2017, .T. );
#1155 = PLANE( '', #2018 );
#1156 = FACE_OUTER_BOUND( '', #2019, .T. );
#1157 = CYLINDRICAL_SURFACE( '', #2020, 1.60000000000000 );
#1158 = FACE_OUTER_BOUND( '', #2021, .T. );
#1159 = PLANE( '', #2022 );
#1160 = FACE_OUTER_BOUND( '', #2023, .T. );
#1161 = CYLINDRICAL_SURFACE( '', #2024, 1.60000000000000 );
#1162 = FACE_OUTER_BOUND( '', #2025, .T. );
#1163 = CYLINDRICAL_SURFACE( '', #2026, 1.60000000000000 );
#1164 = FACE_OUTER_BOUND( '', #2027, .T. );
#1165 = PLANE( '', #2028 );
#1166 = FACE_OUTER_BOUND( '', #2029, .T. );
#1167 = CYLINDRICAL_SURFACE( '', #2030, 1.60000000000000 );
#1168 = FACE_OUTER_BOUND( '', #2031, .T. );
#1169 = PLANE( '', #2032 );
#1170 = FACE_OUTER_BOUND( '', #2033, .T. );
#1171 = CYLINDRICAL_SURFACE( '', #2034, 1.60000000000000 );
#1172 = FACE_OUTER_BOUND( '', #2035, .T. );
#1173 = PLANE( '', #2036 );
#1174 = FACE_OUTER_BOUND( '', #2037, .T. );
#1175 = CYLINDRICAL_SURFACE( '', #2038, 1.60000000000000 );
#1176 = FACE_BOUND( '', #2039, .T. );
#1177 = FACE_OUTER_BOUND( '', #2040, .T. );
#1178 = PLANE( '', #2041 );
#1179 = FACE_OUTER_BOUND( '', #2042, .T. );
#1180 = FACE_OUTER_BOUND( '', #2043, .T. );
#1181 = CYLINDRICAL_SURFACE( '', #2044, 40.0000000000000 );
#1182 = FACE_OUTER_BOUND( '', #2045, .T. );
#1183 = FACE_OUTER_BOUND( '', #2046, .T. );
#1184 = CYLINDRICAL_SURFACE( '', #2047, 75.0000000000000 );
#1185 = FACE_BOUND( '', #2048, .T. );
#1186 = FACE_OUTER_BOUND( '', #2049, .T. );
#1187 = PLANE( '', #2050 );
#1188 = FACE_OUTER_BOUND( '', #2051, .T. );
#1189 = CYLINDRICAL_SURFACE( '', #2052, 88.2500000000000 );
#1190 = FACE_OUTER_BOUND( '', #2053, .T. );
#1191 = FACE_OUTER_BOUND( '', #2054, .T. );
#1192 = CYLINDRICAL_SURFACE( '', #2055, 82.5000000000000 );
#1193 = FACE_OUTER_BOUND( '', #2056, .T. );
#1194 = FACE_BOUND( '', #2057, .T. );
#1195 = PLANE( '', #2058 );
#1196 = FACE_OUTER_BOUND( '', #2059, .T. );
#1197 = CYLINDRICAL_SURFACE( '', #2060, 88.2500000000000 );
#1198 = FACE_OUTER_BOUND( '', #2061, .T. );
#1199 = CYLINDRICAL_SURFACE( '', #2062, 88.2500000000000 );
#1200 = FACE_OUTER_BOUND( '', #2063, .T. );
#1201 = CYLINDRICAL_SURFACE( '', #2064, 88.2500000000000 );
#1202 = FACE_OUTER_BOUND( '', #2065, .T. );
#1203 = CYLINDRICAL_SURFACE( '', #2066, 88.2500000000000 );
#1204 = FACE_OUTER_BOUND( '', #2067, .T. );
#1205 = CYLINDRICAL_SURFACE( '', #2068, 88.2500000000000 );
#1206 = FACE_OUTER_BOUND( '', #2069, .T. );
#1207 = CYLINDRICAL_SURFACE( '', #2070, 88.2500000000000 );
#1208 = FACE_OUTER_BOUND( '', #2071, .T. );
#1209 = CYLINDRICAL_SURFACE( '', #2072, 88.2500000000000 );
#1210 = FACE_OUTER_BOUND( '', #2073, .T. );
#1211 = CYLINDRICAL_SURFACE( '', #2074, 88.2500000000000 );
#1212 = FACE_OUTER_BOUND( '', #2075, .T. );
#1213 = CYLINDRICAL_SURFACE( '', #2076, 88.2500000000000 );
#1214 = FACE_OUTER_BOUND( '', #2077, .T. );
#1215 = CYLINDRICAL_SURFACE( '', #2078, 88.2500000000000 );
#1216 = FACE_OUTER_BOUND( '', #2079, .T. );
#1217 = CYLINDRICAL_SURFACE( '', #2080, 88.2500000000000 );
#1218 = FACE_OUTER_BOUND( '', #2081, .T. );
#1219 = CYLINDRICAL_SURFACE( '', #2082, 88.2500000000000 );
#1220 = FACE_OUTER_BOUND( '', #2083, .T. );
#1221 = CYLINDRICAL_SURFACE( '', #2084, 88.2500000000000 );
#1222 = FACE_OUTER_BOUND( '', #2085, .T. );
#1223 = CYLINDRICAL_SURFACE( '', #2086, 88.2500000000000 );
#1224 = FACE_OUTER_BOUND( '', #2087, .T. );
#1225 = CYLINDRICAL_SURFACE( '', #2088, 88.2500000000000 );
#1226 = FACE_OUTER_BOUND( '', #2089, .T. );
#1227 = CYLINDRICAL_SURFACE( '', #2090, 88.2500000000000 );
#1228 = FACE_OUTER_BOUND( '', #2091, .T. );
#1229 = CYLINDRICAL_SURFACE( '', #2092, 88.2500000000000 );
#1230 = FACE_OUTER_BOUND( '', #2093, .T. );
#1231 = CYLINDRICAL_SURFACE( '', #2094, 88.2500000000000 );
#1232 = FACE_OUTER_BOUND( '', #2095, .T. );
#1233 = CYLINDRICAL_SURFACE( '', #2096, 88.2500000000000 );
#1234 = FACE_OUTER_BOUND( '', #2097, .T. );
#1235 = CYLINDRICAL_SURFACE( '', #2098, 88.2500000000000 );
#1236 = FACE_OUTER_BOUND( '', #2099, .T. );
#1237 = CYLINDRICAL_SURFACE( '', #2100, 88.2500000000000 );
#1238 = FACE_OUTER_BOUND( '', #2101, .T. );
#1239 = CYLINDRICAL_SURFACE( '', #2102, 88.2500000000000 );
#1240 = FACE_OUTER_BOUND( '', #2103, .T. );
#1241 = CYLINDRICAL_SURFACE( '', #2104, 88.2500000000000 );
#1242 = FACE_OUTER_BOUND( '', #2105, .T. );
#1243 = CYLINDRICAL_SURFACE( '', #2106, 88.2500000000000 );
#1244 = FACE_OUTER_BOUND( '', #2107, .T. );
#1245 = CYLINDRICAL_SURFACE( '', #2108, 88.2500000000000 );
#1246 = FACE_OUTER_BOUND( '', #2109, .T. );
#1247 = CYLINDRICAL_SURFACE( '', #2110, 88.2500000000000 );
#1248 = FACE_OUTER_BOUND( '', #2111, .T. );
#1249 = CYLINDRICAL_SURFACE( '', #2112, 88.2500000000000 );
#1250 = FACE_OUTER_BOUND( '', #2113, .T. );
#1251 = CYLINDRICAL_SURFACE( '', #2114, 88.2500000000000 );
#1252 = FACE_OUTER_BOUND( '', #2115, .T. );
#1253 = CYLINDRICAL_SURFACE( '', #2116, 88.2500000000000 );
#1254 = FACE_OUTER_BOUND( '', #2117, .T. );
#1255 = CYLINDRICAL_SURFACE( '', #2118, 88.2500000000000 );
#1256 = FACE_OUTER_BOUND( '', #2119, .T. );
#1257 = CYLINDRICAL_SURFACE( '', #2120, 88.2500000000000 );
#1258 = FACE_OUTER_BOUND( '', #2121, .T. );
#1259 = CYLINDRICAL_SURFACE( '', #2122, 88.2500000000000 );
#1260 = FACE_OUTER_BOUND( '', #2123, .T. );
#1261 = CYLINDRICAL_SURFACE( '', #2124, 88.2500000000000 );
#1262 = FACE_OUTER_BOUND( '', #2125, .T. );
#1263 = CYLINDRICAL_SURFACE( '', #2126, 88.2500000000000 );
#1264 = FACE_OUTER_BOUND( '', #2127, .T. );
#1265 = CYLINDRICAL_SURFACE( '', #2128, 88.2500000000000 );
#1266 = FACE_OUTER_BOUND( '', #2129, .T. );
#1267 = CYLINDRICAL_SURFACE( '', #2130, 88.2500000000000 );
#1268 = FACE_OUTER_BOUND( '', #2131, .T. );
#1269 = CYLINDRICAL_SURFACE( '', #2132, 88.2500000000000 );
#1270 = FACE_OUTER_BOUND( '', #2133, .T. );
#1271 = CYLINDRICAL_SURFACE( '', #2134, 88.2500000000000 );
#1272 = FACE_OUTER_BOUND( '', #2135, .T. );
#1273 = CYLINDRICAL_SURFACE( '', #2136, 88.2500000000000 );
#1274 = FACE_OUTER_BOUND( '', #2137, .T. );
#1275 = CYLINDRICAL_SURFACE( '', #2138, 88.2500000000000 );
#1276 = FACE_OUTER_BOUND( '', #2139, .T. );
#1277 = CYLINDRICAL_SURFACE( '', #2140, 88.2500000000000 );
#1278 = FACE_OUTER_BOUND( '', #2141, .T. );
#1279 = CYLINDRICAL_SURFACE( '', #2142, 88.2500000000000 );
#1280 = FACE_OUTER_BOUND( '', #2143, .T. );
#1281 = CYLINDRICAL_SURFACE( '', #2144, 88.2500000000000 );
#1282 = FACE_OUTER_BOUND( '', #2145, .T. );
#1283 = CYLINDRICAL_SURFACE( '', #2146, 5.00000000000000 );
#1284 = FACE_OUTER_BOUND( '', #2147, .T. );
#1285 = PLANE( '', #2148 );
#1286 = FACE_OUTER_BOUND( '', #2149, .T. );
#1287 = CYLINDRICAL_SURFACE( '', #2150, 70.0000000000000 );
#1288 = FACE_OUTER_BOUND( '', #2151, .T. );
#1289 = CYLINDRICAL_SURFACE( '', #2152, 5.00000000000000 );
#1290 = FACE_OUTER_BOUND( '', #2153, .T. );
#1291 = PLANE( '', #2154 );
#1292 = FACE_OUTER_BOUND( '', #2155, .T. );
#1293 = CYLINDRICAL_SURFACE( '', #2156, 3.00000000000000 );
#1294 = FACE_OUTER_BOUND( '', #2157, .T. );
#1295 = CYLINDRICAL_SURFACE( '', #2158, 45.0000000000000 );
#1296 = FACE_OUTER_BOUND( '', #2159, .T. );
#1297 = CYLINDRICAL_SURFACE( '', #2160, 3.00000000000000 );
#1298 = FACE_OUTER_BOUND( '', #2161, .T. );
#1299 = CYLINDRICAL_SURFACE( '', #2162, 45.0000000000000 );
#1300 = FACE_OUTER_BOUND( '', #2163, .T. );
#1301 = CYLINDRICAL_SURFACE( '', #2164, 3.00000000000000 );
#1302 = FACE_OUTER_BOUND( '', #2165, .T. );
#1303 = PLANE( '', #2166 );
#1304 = FACE_OUTER_BOUND( '', #2167, .T. );
#1305 = CYLINDRICAL_SURFACE( '', #2168, 5.00000000000000 );
#1306 = FACE_OUTER_BOUND( '', #2169, .T. );
#1307 = CYLINDRICAL_SURFACE( '', #2170, 70.0000000000000 );
#1308 = FACE_OUTER_BOUND( '', #2171, .T. );
#1309 = CYLINDRICAL_SURFACE( '', #2172, 5.00000000000000 );
#1310 = FACE_OUTER_BOUND( '', #2173, .T. );
#1311 = PLANE( '', #2174 );
#1312 = FACE_OUTER_BOUND( '', #2175, .T. );
#1313 = PLANE( '', #2176 );
#1314 = FACE_OUTER_BOUND( '', #2177, .T. );
#1315 = CYLINDRICAL_SURFACE( '', #2178, 3.00000000000000 );
#1316 = FACE_OUTER_BOUND( '', #2179, .T. );
#1317 = CYLINDRICAL_SURFACE( '', #2180, 45.0000000000000 );
#1318 = FACE_OUTER_BOUND( '', #2181, .T. );
#1319 = CYLINDRICAL_SURFACE( '', #2182, 3.00000000000000 );
#1320 = FACE_OUTER_BOUND( '', #2183, .T. );
#1321 = PLANE( '', #2184 );
#1322 = FACE_OUTER_BOUND( '', #2185, .T. );
#1323 = CYLINDRICAL_SURFACE( '', #2186, 5.00000000000000 );
#1324 = FACE_OUTER_BOUND( '', #2187, .T. );
#1325 = CYLINDRICAL_SURFACE( '', #2188, 70.0000000000000 );
#1326 = FACE_OUTER_BOUND( '', #2189, .T. );
#1327 = CYLINDRICAL_SURFACE( '', #2190, 5.00000000000000 );
#1328 = FACE_OUTER_BOUND( '', #2191, .T. );
#1329 = CYLINDRICAL_SURFACE( '', #2192, 5.00000000000000 );
#1330 = FACE_OUTER_BOUND( '', #2193, .T. );
#1331 = PLANE( '', #2194 );
#1332 = FACE_OUTER_BOUND( '', #2195, .T. );
#1333 = CYLINDRICAL_SURFACE( '', #2196, 3.00000000000000 );
#1334 = FACE_OUTER_BOUND( '', #2197, .T. );
#1335 = CYLINDRICAL_SURFACE( '', #2198, 45.0000000000000 );
#1336 = FACE_OUTER_BOUND( '', #2199, .T. );
#1337 = CYLINDRICAL_SURFACE( '', #2200, 3.00000000000000 );
#1338 = FACE_OUTER_BOUND( '', #2201, .T. );
#1339 = PLANE( '', #2202 );
#1340 = FACE_OUTER_BOUND( '', #2203, .T. );
#1341 = CYLINDRICAL_SURFACE( '', #2204, 5.00000000000000 );
#1342 = FACE_OUTER_BOUND( '', #2205, .T. );
#1343 = CYLINDRICAL_SURFACE( '', #2206, 3.00000000000000 );
#1344 = FACE_OUTER_BOUND( '', #2207, .T. );
#1345 = CYLINDRICAL_SURFACE( '', #2208, 45.0000000000000 );
#1346 = FACE_OUTER_BOUND( '', #2209, .T. );
#1347 = CYLINDRICAL_SURFACE( '', #2210, 3.00000000000000 );
#1348 = FACE_OUTER_BOUND( '', #2211, .T. );
#1349 = PLANE( '', #2212 );
#1350 = FACE_OUTER_BOUND( '', #2213, .T. );
#1351 = CYLINDRICAL_SURFACE( '', #2214, 5.00000000000000 );
#1352 = FACE_OUTER_BOUND( '', #2215, .T. );
#1353 = CYLINDRICAL_SURFACE( '', #2216, 70.0000000000000 );
#1354 = EDGE_LOOP( '', ( #2217, #2218, #2219, #2220 ) );
#1355 = AXIS2_PLACEMENT_3D( '', #2221, #2222, #2223 );
#1356 = EDGE_LOOP( '', ( #2224, #2225, #2226, #2227 ) );
#1357 = AXIS2_PLACEMENT_3D( '', #2228, #2229, #2230 );
#1358 = EDGE_LOOP( '', ( #2231, #2232, #2233, #2234 ) );
#1359 = AXIS2_PLACEMENT_3D( '', #2235, #2236, #2237 );
#1360 = EDGE_LOOP( '', ( #2238 ) );
#1361 = EDGE_LOOP( '', ( #2239, #2240, #2241, #2242, #2243, #2244, #2245, #2246 ) );
#1362 = EDGE_LOOP( '', ( #2247, #2248, #2249, #2250, #2251, #2252, #2253, #2254 ) );
#1363 = EDGE_LOOP( '', ( #2255 ) );
#1364 = EDGE_LOOP( '', ( #2256, #2257, #2258, #2259, #2260, #2261, #2262, #2263 ) );
#1365 = EDGE_LOOP( '', ( #2264, #2265, #2266, #2267, #2268, #2269, #2270, #2271 ) );
#1366 = EDGE_LOOP( '', ( #2272, #2273, #2274, #2275, #2276, #2277, #2278, #2279 ) );
#1367 = AXIS2_PLACEMENT_3D( '', #2280, #2281, #2282 );
#1368 = EDGE_LOOP( '', ( #2283 ) );
#1369 = EDGE_LOOP( '', ( #2284, #2285, #2286, #2287, #2288, #2289, #2290, #2291 ) );
#1370 = EDGE_LOOP( '', ( #2292, #2293, #2294, #2295, #2296, #2297, #2298, #2299 ) );
#1371 = EDGE_LOOP( '', ( #2300 ) );
#1372 = EDGE_LOOP( '', ( #2301, #2302, #2303, #2304, #2305, #2306, #2307, #2308 ) );
#1373 = EDGE_LOOP( '', ( #2309, #2310, #2311, #2312, #2313, #2314, #2315, #2316 ) );
#1374 = EDGE_LOOP( '', ( #2317, #2318, #2319, #2320, #2321, #2322, #2323, #2324 ) );
#1375 = AXIS2_PLACEMENT_3D( '', #2325, #2326, #2327 );
#1376 = EDGE_LOOP( '', ( #2328 ) );
#1377 = EDGE_LOOP( '', ( #2329 ) );
#1378 = AXIS2_PLACEMENT_3D( '', #2330, #2331, #2332 );
#1379 = EDGE_LOOP( '', ( #2333 ) );
#1380 = EDGE_LOOP( '', ( #2334 ) );
#1381 = AXIS2_PLACEMENT_3D( '', #2335, #2336, #2337 );
#1382 = EDGE_LOOP( '', ( #2338 ) );
#1383 = EDGE_LOOP( '', ( #2339 ) );
#1384 = AXIS2_PLACEMENT_3D( '', #2340, #2341, #2342 );
#1385 = EDGE_LOOP( '', ( #2343 ) );
#1386 = EDGE_LOOP( '', ( #2344 ) );
#1387 = AXIS2_PLACEMENT_3D( '', #2345, #2346, #2347 );
#1388 = EDGE_LOOP( '', ( #2348, #2349, #2350, #2351 ) );
#1389 = AXIS2_PLACEMENT_3D( '', #2352, #2353, #2354 );
#1390 = EDGE_LOOP( '', ( #2355 ) );
#1391 = EDGE_LOOP( '', ( #2356 ) );
#1392 = AXIS2_PLACEMENT_3D( '', #2357, #2358, #2359 );
#1393 = EDGE_LOOP( '', ( #2360 ) );
#1394 = EDGE_LOOP( '', ( #2361 ) );
#1395 = AXIS2_PLACEMENT_3D( '', #2362, #2363, #2364 );
#1396 = EDGE_LOOP( '', ( #2365 ) );
#1397 = EDGE_LOOP( '', ( #2366 ) );
#1398 = AXIS2_PLACEMENT_3D( '', #2367, #2368, #2369 );
#1399 = EDGE_LOOP( '', ( #2370 ) );
#1400 = EDGE_LOOP( '', ( #2371 ) );
#1401 = AXIS2_PLACEMENT_3D( '', #2372, #2373, #2374 );
#1402 = EDGE_LOOP( '', ( #2375, #2376, #2377, #2378, #2379, #2380, #2381, #2382, #2383, #2384, #2385, #2386, #2387, #2388, #2389, #2390, #2391, #2392, #2393, #2394, #2395, #2396, #2397, #2398, #2399, #2400, #2401, #2402, #2403, #2404, #2405, #2406, #2407, #2408, #2409, #2410, #2411, #2412, #2413, #2414, #2415, #2416, #2417, #2418, #2419, #2420, #2421, #2422, #2423, #2424, #2425, #2426, #2427, #2428, #2429, #2430, #2431, #2432, #2433, #2434, #2435, #2436, #2437, #2438, #2439, #2440, #2441, #2442, #2443, #2444, #2445, #2446, #2447, #2448, #2449, #2450, #2451, #2452, #2453, #2454, #2455, #2456, #2457, #2458, #2459, #2460, #2461, #2462, #2463, #2464, #2465, #2466, #2467, #2468, #2469, #2470, #2471, #2472, #2473, #2474, #2475, #2476, #2477, #2478, #2479, #2480, #2481, #2482, #2483, #2484, #2485, #2486, #2487, #2488, #2489, #2490, #2491, #2492, #2493, #2494, #2495, #2496, #2497, #2498, #2499, #2500, #2501, #2502, #2503, #2504, #2505, #2506, #2507, #2508, #2509, #2510, #2511, #2512, #2513, #2514, #2515, #2516, #2517, #2518, #2519, #2520, #2521, #2522, #2523, #2524, #2525, #2526, #2527, #2528, #2529, #2530, #2531, #2532, #2533, #2534, #2535, #2536, #2537, #2538, #2539, #2540, #2541, #2542, #2543, #2544, #2545, #2546, #2547, #2548, #2549, #2550, #2551, #2552, #2553, #2554, #2555, #2556, #2557, #2558, #2559, #2560, #2561, #2562, #2563, #2564, #2565, #2566, #2567, #2568, #2569, #2570, #2571, #2572, #2573, #2574, #2575, #2576, #2577, #2578, #2579, #2580, #2581, #2582, #2583, #2584, #2585, #2586, #2587, #2588, #2589, #2590, #2591, #2592, #2593, #2594, #2595, #2596, #2597, #2598, #2599, #2600, #2601, #2602, #2603, #2604, #2605, #2606, #2607, #2608, #2609, #2610, #2611, #2612, #2613, #2614, #2615, #2616, #2617, #2618, #2619, #2620, #2621, #2622, #2623, #2624, #2625, #2626, #2627, #2628, #2629, #2630, #2631, #2632, #2633, #2634, #2635, #2636, #2637, #2638, #2639, #2640, #2641, #2642, #2643, #2644, #2645, #2646, #2647, #2648, #2649, #2650, #2651, #2652, #2653, #2654, #2655, #2656, #2657, #2658, #2659, #2660, #2661, #2662, #2663, #2664, #2665, #2666, #2667, #2668, #2669, #2670, #2671, #2672, #2673, #2674, #2675, #2676, #2677, #2678, #2679, #2680, #2681, #2682, #2683, #2684, #2685, #2686, #2687, #2688, #2689, #2690, #2691, #2692, #2693, #2694, #2695, #2696, #2697, #2698, #2699, #2700, #2701, #2702, #2703, #2704, #2705, #2706, #2707, #2708, #2709, #2710, #2711, #2712, #2713, #2714, #2715, #2716, #2717, #2718, #2719, #2720, #2721, #2722, #2723, #2724, #2725, #2726 ) );
#1403 = EDGE_LOOP( '', ( #2727 ) );
#1404 = AXIS2_PLACEMENT_3D( '', #2728, #2729, #2730 );
#1405 = EDGE_LOOP( '', ( #2731 ) );
#1406 = EDGE_LOOP( '', ( #2732 ) );
#1407 = AXIS2_PLACEMENT_3D( '', #2733, #2734, #2735 );
#1408 = EDGE_LOOP( '', ( #2736 ) );
#1409 = EDGE_LOOP( '', ( #2737 ) );
#1410 = AXIS2_PLACEMENT_3D( '', #2738, #2739, #2740 );
#1411 = EDGE_LOOP( '', ( #2741 ) );
#1412 = EDGE_LOOP( '', ( #2742, #2743, #2744, #2745, #2746, #2747, #2748, #2749, #2750, #2751, #2752, #2753, #2754, #2755, #2756, #2757, #2758, #2759, #2760, #2761, #2762, #2763, #2764, #2765, #2766, #2767, #2768, #2769, #2770, #2771, #2772, #2773, #2774, #2775, #2776, #2777, #2778, #2779, #2780, #2781, #2782, #2783, #2784, #2785, #2786, #2787, #2788, #2789, #2790, #2791, #2792, #2793, #2794, #2795, #2796, #2797, #2798, #2799, #2800, #2801, #2802, #2803, #2804, #2805, #2806, #2807, #2808, #2809, #2810, #2811, #2812, #2813, #2814, #2815, #2816, #2817, #2818, #2819, #2820, #2821, #2822, #2823, #2824, #2825, #2826, #2827, #2828, #2829, #2830, #2831, #2832, #2833, #2834, #2835, #2836, #2837, #2838, #2839, #2840, #2841, #2842, #2843, #2844, #2845, #2846, #2847, #2848, #2849, #2850, #2851, #2852, #2853, #2854, #2855, #2856, #2857, #2858, #2859, #2860, #2861, #2862, #2863, #2864, #2865, #2866, #2867, #2868, #2869, #2870, #2871, #2872, #2873, #2874, #2875, #2876, #2877, #2878, #2879, #2880, #2881, #2882, #2883, #2884, #2885, #2886, #2887, #2888, #2889, #2890, #2891, #2892, #2893, #2894, #2895, #2896, #2897, #2898, #2899, #2900, #2901, #2902, #2903, #2904, #2905, #2906, #2907, #2908, #2909, #2910, #2911, #2912, #2913, #2914, #2915, #2916, #2917, #2918, #2919, #2920, #2921, #2922, #2923, #2924, #2925, #2926, #2927, #2928, #2929, #2930, #2931, #2932, #2933, #2934, #2935, #2936, #2937, #2938, #2939, #2940, #2941, #2942, #2943, #2944, #2945, #2946, #2947, #2948, #2949, #2950, #2951, #2952, #2953, #2954, #2955, #2956, #2957, #2958, #2959, #2960, #2961, #2962, #2963, #2964, #2965, #2966, #2967, #2968, #2969, #2970, #2971, #2972, #2973, #2974, #2975, #2976, #2977, #2978, #2979, #2980, #2981, #2982, #2983, #2984, #2985, #2986, #2987, #2988, #2989, #2990, #2991, #2992, #2993, #2994, #2995, #2996, #2997, #2998, #2999, #3000, #3001, #3002, #3003, #3004, #3005, #3006, #3007, #3008, #3009, #3010, #3011, #3012, #3013, #3014, #3015, #3016, #3017, #3018, #3019, #3020, #3021, #3022, #3023, #3024, #3025, #3026, #3027, #3028, #3029, #3030, #3031, #3032, #3033, #3034, #3035, #3036, #3037, #3038, #3039, #3040, #3041, #3042, #3043, #3044, #3045, #3046, #3047, #3048, #3049, #3050, #3051, #3052, #3053, #3054, #3055, #3056, #3057, #3058, #3059, #3060, #3061, #3062, #3063, #3064, #3065, #3066, #3067, #3068, #3069, #3070, #3071, #3072, #3073, #3074, #3075, #3076, #3077, #3078, #3079, #3080, #3081, #3082, #3083, #3084, #3085, #3086, #3087, #3088, #3089, #3090, #3091, #3092, #3093 ) );
#1413 = AXIS2_PLACEMENT_3D( '', #3094, #3095, #3096 );
#1414 = EDGE_LOOP( '', ( #3097 ) );
#1415 = EDGE_LOOP( '', ( #3098 ) );
#1416 = AXIS2_PLACEMENT_3D( '', #3099, #3100, #3101 );
#1417 = EDGE_LOOP( '', ( #3102 ) );
#1418 = EDGE_LOOP( '', ( #3103 ) );
#1419 = AXIS2_PLACEMENT_3D( '', #3104, #3105, #3106 );
#1420 = EDGE_LOOP( '', ( #3107 ) );
#1421 = EDGE_LOOP( '', ( #3108 ) );
#1422 = AXIS2_PLACEMENT_3D( '', #3109, #3110, #3111 );
#1423 = EDGE_LOOP( '', ( #3112, #3113, #3114, #3115 ) );
#1424 = AXIS2_PLACEMENT_3D( '', #3116, #3117, #3118 );
#1425 = EDGE_LOOP( '', ( #3119, #3120, #3121, #3122 ) );
#1426 = AXIS2_PLACEMENT_3D( '', #3123, #3124, #3125 );
#1427 = EDGE_LOOP( '', ( #3126, #3127, #3128, #3129 ) );
#1428 = AXIS2_PLACEMENT_3D( '', #3130, #3131, #3132 );
#1429 = EDGE_LOOP( '', ( #3133, #3134, #3135, #3136 ) );
#1430 = AXIS2_PLACEMENT_3D( '', #3137, #3138, #3139 );
#1431 = EDGE_LOOP( '', ( #3140, #3141, #3142, #3143 ) );
#1432 = AXIS2_PLACEMENT_3D( '', #3144, #3145, #3146 );
#1433 = EDGE_LOOP( '', ( #3147, #3148, #3149, #3150 ) );
#1434 = AXIS2_PLACEMENT_3D( '', #3151, #3152, #3153 );
#1435 = EDGE_LOOP( '', ( #3154, #3155, #3156, #3157 ) );
#1436 = AXIS2_PLACEMENT_3D( '', #3158, #3159, #3160 );
#1437 = EDGE_LOOP( '', ( #3161, #3162, #3163, #3164 ) );
#1438 = AXIS2_PLACEMENT_3D( '', #3165, #3166, #3167 );
#1439 = EDGE_LOOP( '', ( #3168, #3169, #3170, #3171 ) );
#1440 = AXIS2_PLACEMENT_3D( '', #3172, #3173, #3174 );
#1441 = EDGE_LOOP( '', ( #3175, #3176, #3177, #3178 ) );
#1442 = AXIS2_PLACEMENT_3D( '', #3179, #3180, #3181 );
#1443 = EDGE_LOOP( '', ( #3182, #3183, #3184, #3185 ) );
#1444 = AXIS2_PLACEMENT_3D( '', #3186, #3187, #3188 );
#1445 = EDGE_LOOP( '', ( #3189, #3190, #3191, #3192 ) );
#1446 = AXIS2_PLACEMENT_3D( '', #3193, #3194, #3195 );
#1447 = EDGE_LOOP( '', ( #3196, #3197, #3198, #3199 ) );
#1448 = AXIS2_PLACEMENT_3D( '', #3200, #3201, #3202 );
#1449 = EDGE_LOOP( '', ( #3203, #3204, #3205, #3206 ) );
#1450 = AXIS2_PLACEMENT_3D( '', #3207, #3208, #3209 );
#1451 = EDGE_LOOP( '', ( #3210, #3211, #3212, #3213 ) );
#1452 = AXIS2_PLACEMENT_3D( '', #3214, #3215, #3216 );
#1453 = EDGE_LOOP( '', ( #3217, #3218, #3219, #3220 ) );
#1454 = AXIS2_PLACEMENT_3D( '', #3221, #3222, #3223 );
#1455 = EDGE_LOOP( '', ( #3224, #3225, #3226, #3227 ) );
#1456 = AXIS2_PLACEMENT_3D( '', #3228, #3229, #3230 );
#1457 = EDGE_LOOP( '', ( #3231, #3232, #3233, #3234 ) );
#1458 = AXIS2_PLACEMENT_3D( '', #3235, #3236, #3237 );
#1459 = EDGE_LOOP( '', ( #3238, #3239, #3240, #3241 ) );
#1460 = AXIS2_PLACEMENT_3D( '', #3242, #3243, #3244 );
#1461 = EDGE_LOOP( '', ( #3245, #3246, #3247, #3248 ) );
#1462 = AXIS2_PLACEMENT_3D( '', #3249, #3250, #3251 );
#1463 = EDGE_LOOP( '', ( #3252, #3253, #3254, #3255 ) );
#1464 = AXIS2_PLACEMENT_3D( '', #3256, #3257, #3258 );
#1465 = EDGE_LOOP( '', ( #3259, #3260, #3261, #3262 ) );
#1466 = AXIS2_PLACEMENT_3D( '', #3263, #3264, #3265 );
#1467 = EDGE_LOOP( '', ( #3266, #3267, #3268, #3269 ) );
#1468 = AXIS2_PLACEMENT_3D( '', #3270, #3271, #3272 );
#1469 = EDGE_LOOP( '', ( #3273, #3274, #3275, #3276 ) );
#1470 = AXIS2_PLACEMENT_3D( '', #3277, #3278, #3279 );
#1471 = EDGE_LOOP( '', ( #3280, #3281, #3282, #3283 ) );
#1472 = AXIS2_PLACEMENT_3D( '', #3284, #3285, #3286 );
#1473 = EDGE_LOOP( '', ( #3287, #3288, #3289, #3290 ) );
#1474 = AXIS2_PLACEMENT_3D( '', #3291, #3292, #3293 );
#1475 = EDGE_LOOP( '', ( #3294, #3295, #3296, #3297 ) );
#1476 = AXIS2_PLACEMENT_3D( '', #3298, #3299, #3300 );
#1477 = EDGE_LOOP( '', ( #3301, #3302, #3303, #3304 ) );
#1478 = AXIS2_PLACEMENT_3D( '', #3305, #3306, #3307 );
#1479 = EDGE_LOOP( '', ( #3308, #3309, #3310, #3311 ) );
#1480 = AXIS2_PLACEMENT_3D( '', #3312, #3313, #3314 );
#1481 = EDGE_LOOP( '', ( #3315, #3316, #3317, #3318 ) );
#1482 = AXIS2_PLACEMENT_3D( '', #3319, #3320, #3321 );
#1483 = EDGE_LOOP( '', ( #3322, #3323, #3324, #3325 ) );
#1484 = AXIS2_PLACEMENT_3D( '', #3326, #3327, #3328 );
#1485 = EDGE_LOOP( '', ( #3329, #3330, #3331, #3332 ) );
#1486 = AXIS2_PLACEMENT_3D( '', #3333, #3334, #3335 );
#1487 = EDGE_LOOP( '', ( #3336, #3337, #3338, #3339 ) );
#1488 = AXIS2_PLACEMENT_3D( '', #3340, #3341, #3342 );
#1489 = EDGE_LOOP( '', ( #3343, #3344, #3345, #3346 ) );
#1490 = AXIS2_PLACEMENT_3D( '', #3347, #3348, #3349 );
#1491 = EDGE_LOOP( '', ( #3350, #3351, #3352, #3353 ) );
#1492 = AXIS2_PLACEMENT_3D( '', #3354, #3355, #3356 );
#1493 = EDGE_LOOP( '', ( #3357, #3358, #3359, #3360 ) );
#1494 = AXIS2_PLACEMENT_3D( '', #3361, #3362, #3363 );
#1495 = EDGE_LOOP( '', ( #3364, #3365, #3366, #3367 ) );
#1496 = AXIS2_PLACEMENT_3D( '', #3368, #3369, #3370 );
#1497 = EDGE_LOOP( '', ( #3371, #3372, #3373, #3374 ) );
#1498 = AXIS2_PLACEMENT_3D( '', #3375, #3376, #3377 );
#1499 = EDGE_LOOP( '', ( #3378, #3379, #3380, #3381 ) );
#1500 = AXIS2_PLACEMENT_3D( '', #3382, #3383, #3384 );
#1501 = EDGE_LOOP( '', ( #3385, #3386, #3387, #3388 ) );
#1502 = AXIS2_PLACEMENT_3D( '', #3389, #3390, #3391 );
#1503 = EDGE_LOOP( '', ( #3392, #3393, #3394, #3395 ) );
#1504 = AXIS2_PLACEMENT_3D( '', #3396, #3397, #3398 );
#1505 = EDGE_LOOP( '', ( #3399, #3400, #3401, #3402 ) );
#1506 = AXIS2_PLACEMENT_3D( '', #3403, #3404, #3405 );
#1507 = EDGE_LOOP( '', ( #3406, #3407, #3408, #3409 ) );
#1508 = AXIS2_PLACEMENT_3D( '', #3410, #3411, #3412 );
#1509 = EDGE_LOOP( '', ( #3413, #3414, #3415, #3416 ) );
#1510 = AXIS2_PLACEMENT_3D( '', #3417, #3418, #3419 );
#1511 = EDGE_LOOP( '', ( #3420, #3421, #3422, #3423 ) );
#1512 = AXIS2_PLACEMENT_3D( '', #3424, #3425, #3426 );
#1513 = EDGE_LOOP( '', ( #3427, #3428, #3429, #3430 ) );
#1514 = AXIS2_PLACEMENT_3D( '', #3431, #3432, #3433 );
#1515 = EDGE_LOOP( '', ( #3434, #3435, #3436, #3437 ) );
#1516 = AXIS2_PLACEMENT_3D( '', #3438, #3439, #3440 );
#1517 = EDGE_LOOP( '', ( #3441, #3442, #3443, #3444 ) );
#1518 = AXIS2_PLACEMENT_3D( '', #3445, #3446, #3447 );
#1519 = EDGE_LOOP( '', ( #3448, #3449, #3450, #3451 ) );
#1520 = AXIS2_PLACEMENT_3D( '', #3452, #3453, #3454 );
#1521 = EDGE_LOOP( '', ( #3455, #3456, #3457, #3458 ) );
#1522 = AXIS2_PLACEMENT_3D( '', #3459, #3460, #3461 );
#1523 = EDGE_LOOP( '', ( #3462, #3463, #3464, #3465 ) );
#1524 = AXIS2_PLACEMENT_3D( '', #3466, #3467, #3468 );
#1525 = EDGE_LOOP( '', ( #3469, #3470, #3471, #3472 ) );
#1526 = AXIS2_PLACEMENT_3D( '', #3473, #3474, #3475 );
#1527 = EDGE_LOOP( '', ( #3476, #3477, #3478, #3479 ) );
#1528 = AXIS2_PLACEMENT_3D( '', #3480, #3481, #3482 );
#1529 = EDGE_LOOP( '', ( #3483, #3484, #3485, #3486 ) );
#1530 = AXIS2_PLACEMENT_3D( '', #3487, #3488, #3489 );
#1531 = EDGE_LOOP( '', ( #3490, #3491, #3492, #3493 ) );
#1532 = AXIS2_PLACEMENT_3D( '', #3494, #3495, #3496 );
#1533 = EDGE_LOOP( '', ( #3497, #3498, #3499, #3500 ) );
#1534 = AXIS2_PLACEMENT_3D( '', #3501, #3502, #3503 );
#1535 = EDGE_LOOP( '', ( #3504, #3505, #3506, #3507 ) );
#1536 = AXIS2_PLACEMENT_3D( '', #3508, #3509, #3510 );
#1537 = EDGE_LOOP( '', ( #3511, #3512, #3513, #3514 ) );
#1538 = AXIS2_PLACEMENT_3D( '', #3515, #3516, #3517 );
#1539 = EDGE_LOOP( '', ( #3518, #3519, #3520, #3521 ) );
#1540 = AXIS2_PLACEMENT_3D( '', #3522, #3523, #3524 );
#1541 = EDGE_LOOP( '', ( #3525, #3526, #3527, #3528 ) );
#1542 = AXIS2_PLACEMENT_3D( '', #3529, #3530, #3531 );
#1543 = EDGE_LOOP( '', ( #3532, #3533, #3534, #3535 ) );
#1544 = AXIS2_PLACEMENT_3D( '', #3536, #3537, #3538 );
#1545 = EDGE_LOOP( '', ( #3539, #3540, #3541, #3542 ) );
#1546 = AXIS2_PLACEMENT_3D( '', #3543, #3544, #3545 );
#1547 = EDGE_LOOP( '', ( #3546, #3547, #3548, #3549 ) );
#1548 = AXIS2_PLACEMENT_3D( '', #3550, #3551, #3552 );
#1549 = EDGE_LOOP( '', ( #3553, #3554, #3555, #3556 ) );
#1550 = AXIS2_PLACEMENT_3D( '', #3557, #3558, #3559 );
#1551 = EDGE_LOOP( '', ( #3560, #3561, #3562, #3563 ) );
#1552 = AXIS2_PLACEMENT_3D( '', #3564, #3565, #3566 );
#1553 = EDGE_LOOP( '', ( #3567, #3568, #3569, #3570 ) );
#1554 = AXIS2_PLACEMENT_3D( '', #3571, #3572, #3573 );
#1555 = EDGE_LOOP( '', ( #3574, #3575, #3576, #3577 ) );
#1556 = AXIS2_PLACEMENT_3D( '', #3578, #3579, #3580 );
#1557 = EDGE_LOOP( '', ( #3581, #3582, #3583, #3584 ) );
#1558 = AXIS2_PLACEMENT_3D( '', #3585, #3586, #3587 );
#1559 = EDGE_LOOP( '', ( #3588, #3589, #3590, #3591 ) );
#1560 = AXIS2_PLACEMENT_3D( '', #3592, #3593, #3594 );
#1561 = EDGE_LOOP( '', ( #3595, #3596, #3597, #3598 ) );
#1562 = AXIS2_PLACEMENT_3D( '', #3599, #3600, #3601 );
#1563 = EDGE_LOOP( '', ( #3602, #3603, #3604, #3605 ) );
#1564 = AXIS2_PLACEMENT_3D( '', #3606, #3607, #3608 );
#1565 = EDGE_LOOP( '', ( #3609, #3610, #3611, #3612 ) );
#1566 = AXIS2_PLACEMENT_3D( '', #3613, #3614, #3615 );
#1567 = EDGE_LOOP( '', ( #3616, #3617, #3618, #3619 ) );
#1568 = AXIS2_PLACEMENT_3D( '', #3620, #3621, #3622 );
#1569 = EDGE_LOOP( '', ( #3623, #3624, #3625, #3626 ) );
#1570 = AXIS2_PLACEMENT_3D( '', #3627, #3628, #3629 );
#1571 = EDGE_LOOP( '', ( #3630, #3631, #3632, #3633 ) );
#1572 = AXIS2_PLACEMENT_3D( '', #3634, #3635, #3636 );
#1573 = EDGE_LOOP( '', ( #3637, #3638, #3639, #3640 ) );
#1574 = AXIS2_PLACEMENT_3D( '', #3641, #3642, #3643 );
#1575 = EDGE_LOOP( '', ( #3644, #3645, #3646, #3647 ) );
#1576 = AXIS2_PLACEMENT_3D( '', #3648, #3649, #3650 );
#1577 = EDGE_LOOP( '', ( #3651, #3652, #3653, #3654 ) );
#1578 = AXIS2_PLACEMENT_3D( '', #3655, #3656, #3657 );
#1579 = EDGE_LOOP( '', ( #3658, #3659, #3660, #3661 ) );
#1580 = AXIS2_PLACEMENT_3D( '', #3662, #3663, #3664 );
#1581 = EDGE_LOOP( '', ( #3665, #3666, #3667, #3668 ) );
#1582 = AXIS2_PLACEMENT_3D( '', #3669, #3670, #3671 );
#1583 = EDGE_LOOP( '', ( #3672, #3673, #3674, #3675 ) );
#1584 = AXIS2_PLACEMENT_3D( '', #3676, #3677, #3678 );
#1585 = EDGE_LOOP( '', ( #3679, #3680, #3681, #3682 ) );
#1586 = AXIS2_PLACEMENT_3D( '', #3683, #3684, #3685 );
#1587 = EDGE_LOOP( '', ( #3686, #3687, #3688, #3689 ) );
#1588 = AXIS2_PLACEMENT_3D( '', #3690, #3691, #3692 );
#1589 = EDGE_LOOP( '', ( #3693, #3694, #3695, #3696 ) );
#1590 = AXIS2_PLACEMENT_3D( '', #3697, #3698, #3699 );
#1591 = EDGE_LOOP( '', ( #3700, #3701, #3702, #3703 ) );
#1592 = AXIS2_PLACEMENT_3D( '', #3704, #3705, #3706 );
#1593 = EDGE_LOOP( '', ( #3707, #3708, #3709, #3710 ) );
#1594 = AXIS2_PLACEMENT_3D( '', #3711, #3712, #3713 );
#1595 = EDGE_LOOP( '', ( #3714, #3715, #3716, #3717 ) );
#1596 = AXIS2_PLACEMENT_3D( '', #3718, #3719, #3720 );
#1597 = EDGE_LOOP( '', ( #3721, #3722, #3723, #3724 ) );
#1598 = AXIS2_PLACEMENT_3D( '', #3725, #3726, #3727 );
#1599 = EDGE_LOOP( '', ( #3728, #3729, #3730, #3731 ) );
#1600 = AXIS2_PLACEMENT_3D( '', #3732, #3733, #3734 );
#1601 = EDGE_LOOP( '', ( #3735, #3736, #3737, #3738 ) );
#1602 = AXIS2_PLACEMENT_3D( '', #3739, #3740, #3741 );
#1603 = EDGE_LOOP( '', ( #3742, #3743, #3744, #3745 ) );
#1604 = AXIS2_PLACEMENT_3D( '', #3746, #3747, #3748 );
#1605 = EDGE_LOOP( '', ( #3749, #3750, #3751, #3752 ) );
#1606 = AXIS2_PLACEMENT_3D( '', #3753, #3754, #3755 );
#1607 = EDGE_LOOP( '', ( #3756, #3757, #3758, #3759 ) );
#1608 = AXIS2_PLACEMENT_3D( '', #3760, #3761, #3762 );
#1609 = EDGE_LOOP( '', ( #3763, #3764, #3765, #3766 ) );
#1610 = AXIS2_PLACEMENT_3D( '', #3767, #3768, #3769 );
#1611 = EDGE_LOOP( '', ( #3770, #3771, #3772, #3773 ) );
#1612 = AXIS2_PLACEMENT_3D( '', #3774, #3775, #3776 );
#1613 = EDGE_LOOP( '', ( #3777, #3778, #3779, #3780 ) );
#1614 = AXIS2_PLACEMENT_3D( '', #3781, #3782, #3783 );
#1615 = EDGE_LOOP( '', ( #3784, #3785, #3786, #3787 ) );
#1616 = AXIS2_PLACEMENT_3D( '', #3788, #3789, #3790 );
#1617 = EDGE_LOOP( '', ( #3791, #3792, #3793, #3794 ) );
#1618 = AXIS2_PLACEMENT_3D( '', #3795, #3796, #3797 );
#1619 = EDGE_LOOP( '', ( #3798, #3799, #3800, #3801 ) );
#1620 = AXIS2_PLACEMENT_3D( '', #3802, #3803, #3804 );
#1621 = EDGE_LOOP( '', ( #3805, #3806, #3807, #3808 ) );
#1622 = AXIS2_PLACEMENT_3D( '', #3809, #3810, #3811 );
#1623 = EDGE_LOOP( '', ( #3812, #3813, #3814, #3815 ) );
#1624 = AXIS2_PLACEMENT_3D( '', #3816, #3817, #3818 );
#1625 = EDGE_LOOP( '', ( #3819, #3820, #3821, #3822 ) );
#1626 = AXIS2_PLACEMENT_3D( '', #3823, #3824, #3825 );
#1627 = EDGE_LOOP( '', ( #3826, #3827, #3828, #3829 ) );
#1628 = AXIS2_PLACEMENT_3D( '', #3830, #3831, #3832 );
#1629 = EDGE_LOOP( '', ( #3833, #3834, #3835, #3836 ) );
#1630 = AXIS2_PLACEMENT_3D( '', #3837, #3838, #3839 );
#1631 = EDGE_LOOP( '', ( #3840, #3841, #3842, #3843 ) );
#1632 = AXIS2_PLACEMENT_3D( '', #3844, #3845, #3846 );
#1633 = EDGE_LOOP( '', ( #3847, #3848, #3849, #3850 ) );
#1634 = AXIS2_PLACEMENT_3D( '', #3851, #3852, #3853 );
#1635 = EDGE_LOOP( '', ( #3854, #3855, #3856, #3857 ) );
#1636 = AXIS2_PLACEMENT_3D( '', #3858, #3859, #3860 );
#1637 = EDGE_LOOP( '', ( #3861, #3862, #3863, #3864 ) );
#1638 = AXIS2_PLACEMENT_3D( '', #3865, #3866, #3867 );
#1639 = EDGE_LOOP( '', ( #3868, #3869, #3870, #3871 ) );
#1640 = AXIS2_PLACEMENT_3D( '', #3872, #3873, #3874 );
#1641 = EDGE_LOOP( '', ( #3875, #3876, #3877, #3878 ) );
#1642 = AXIS2_PLACEMENT_3D( '', #3879, #3880, #3881 );
#1643 = EDGE_LOOP( '', ( #3882, #3883, #3884, #3885 ) );
#1644 = AXIS2_PLACEMENT_3D( '', #3886, #3887, #3888 );
#1645 = EDGE_LOOP( '', ( #3889, #3890, #3891, #3892 ) );
#1646 = AXIS2_PLACEMENT_3D( '', #3893, #3894, #3895 );
#1647 = EDGE_LOOP( '', ( #3896, #3897, #3898, #3899 ) );
#1648 = AXIS2_PLACEMENT_3D( '', #3900, #3901, #3902 );
#1649 = EDGE_LOOP( '', ( #3903, #3904, #3905, #3906 ) );
#1650 = AXIS2_PLACEMENT_3D( '', #3907, #3908, #3909 );
#1651 = EDGE_LOOP( '', ( #3910, #3911, #3912, #3913 ) );
#1652 = AXIS2_PLACEMENT_3D( '', #3914, #3915, #3916 );
#1653 = EDGE_LOOP( '', ( #3917, #3918, #3919, #3920 ) );
#1654 = AXIS2_PLACEMENT_3D( '', #3921, #3922, #3923 );
#1655 = EDGE_LOOP( '', ( #3924, #3925, #3926, #3927 ) );
#1656 = AXIS2_PLACEMENT_3D( '', #3928, #3929, #3930 );
#1657 = EDGE_LOOP( '', ( #3931, #3932, #3933, #3934 ) );
#1658 = AXIS2_PLACEMENT_3D( '', #3935, #3936, #3937 );
#1659 = EDGE_LOOP( '', ( #3938, #3939, #3940, #3941 ) );
#1660 = AXIS2_PLACEMENT_3D( '', #3942, #3943, #3944 );
#1661 = EDGE_LOOP( '', ( #3945, #3946, #3947, #3948 ) );
#1662 = AXIS2_PLACEMENT_3D( '', #3949, #3950, #3951 );
#1663 = EDGE_LOOP( '', ( #3952, #3953, #3954, #3955 ) );
#1664 = AXIS2_PLACEMENT_3D( '', #3956, #3957, #3958 );
#1665 = EDGE_LOOP( '', ( #3959, #3960, #3961, #3962 ) );
#1666 = AXIS2_PLACEMENT_3D( '', #3963, #3964, #3965 );
#1667 = EDGE_LOOP( '', ( #3966, #3967, #3968, #3969 ) );
#1668 = AXIS2_PLACEMENT_3D( '', #3970, #3971, #3972 );
#1669 = EDGE_LOOP( '', ( #3973, #3974, #3975, #3976 ) );
#1670 = AXIS2_PLACEMENT_3D( '', #3977, #3978, #3979 );
#1671 = EDGE_LOOP( '', ( #3980, #3981, #3982, #3983 ) );
#1672 = AXIS2_PLACEMENT_3D( '', #3984, #3985, #3986 );
#1673 = EDGE_LOOP( '', ( #3987, #3988, #3989, #3990 ) );
#1674 = AXIS2_PLACEMENT_3D( '', #3991, #3992, #3993 );
#1675 = EDGE_LOOP( '', ( #3994, #3995, #3996, #3997 ) );
#1676 = AXIS2_PLACEMENT_3D( '', #3998, #3999, #4000 );
#1677 = EDGE_LOOP( '', ( #4001, #4002, #4003, #4004 ) );
#1678 = AXIS2_PLACEMENT_3D( '', #4005, #4006, #4007 );
#1679 = EDGE_LOOP( '', ( #4008, #4009, #4010, #4011 ) );
#1680 = AXIS2_PLACEMENT_3D( '', #4012, #4013, #4014 );
#1681 = EDGE_LOOP( '', ( #4015, #4016, #4017, #4018 ) );
#1682 = AXIS2_PLACEMENT_3D( '', #4019, #4020, #4021 );
#1683 = EDGE_LOOP( '', ( #4022, #4023, #4024, #4025 ) );
#1684 = AXIS2_PLACEMENT_3D( '', #4026, #4027, #4028 );
#1685 = EDGE_LOOP( '', ( #4029, #4030, #4031, #4032 ) );
#1686 = AXIS2_PLACEMENT_3D( '', #4033, #4034, #4035 );
#1687 = EDGE_LOOP( '', ( #4036, #4037, #4038, #4039 ) );
#1688 = AXIS2_PLACEMENT_3D( '', #4040, #4041, #4042 );
#1689 = EDGE_LOOP( '', ( #4043, #4044, #4045, #4046 ) );
#1690 = AXIS2_PLACEMENT_3D( '', #4047, #4048, #4049 );
#1691 = EDGE_LOOP( '', ( #4050, #4051, #4052, #4053 ) );
#1692 = AXIS2_PLACEMENT_3D( '', #4054, #4055, #4056 );
#1693 = EDGE_LOOP( '', ( #4057, #4058, #4059, #4060 ) );
#1694 = AXIS2_PLACEMENT_3D( '', #4061, #4062, #4063 );
#1695 = EDGE_LOOP( '', ( #4064, #4065, #4066, #4067 ) );
#1696 = AXIS2_PLACEMENT_3D( '', #4068, #4069, #4070 );
#1697 = EDGE_LOOP( '', ( #4071, #4072, #4073, #4074 ) );
#1698 = AXIS2_PLACEMENT_3D( '', #4075, #4076, #4077 );
#1699 = EDGE_LOOP( '', ( #4078, #4079, #4080, #4081 ) );
#1700 = AXIS2_PLACEMENT_3D( '', #4082, #4083, #4084 );
#1701 = EDGE_LOOP( '', ( #4085, #4086, #4087, #4088 ) );
#1702 = AXIS2_PLACEMENT_3D( '', #4089, #4090, #4091 );
#1703 = EDGE_LOOP( '', ( #4092, #4093, #4094, #4095 ) );
#1704 = AXIS2_PLACEMENT_3D( '', #4096, #4097, #4098 );
#1705 = EDGE_LOOP( '', ( #4099, #4100, #4101, #4102 ) );
#1706 = AXIS2_PLACEMENT_3D( '', #4103, #4104, #4105 );
#1707 = EDGE_LOOP( '', ( #4106, #4107, #4108, #4109 ) );
#1708 = AXIS2_PLACEMENT_3D( '', #4110, #4111, #4112 );
#1709 = EDGE_LOOP( '', ( #4113, #4114, #4115, #4116 ) );
#1710 = AXIS2_PLACEMENT_3D( '', #4117, #4118, #4119 );
#1711 = EDGE_LOOP( '', ( #4120, #4121, #4122, #4123 ) );
#1712 = AXIS2_PLACEMENT_3D( '', #4124, #4125, #4126 );
#1713 = EDGE_LOOP( '', ( #4127, #4128, #4129, #4130 ) );
#1714 = AXIS2_PLACEMENT_3D( '', #4131, #4132, #4133 );
#1715 = EDGE_LOOP( '', ( #4134, #4135, #4136, #4137 ) );
#1716 = AXIS2_PLACEMENT_3D( '', #4138, #4139, #4140 );
#1717 = EDGE_LOOP( '', ( #4141, #4142, #4143, #4144 ) );
#1718 = AXIS2_PLACEMENT_3D( '', #4145, #4146, #4147 );
#1719 = EDGE_LOOP( '', ( #4148, #4149, #4150, #4151 ) );
#1720 = AXIS2_PLACEMENT_3D( '', #4152, #4153, #4154 );
#1721 = EDGE_LOOP( '', ( #4155, #4156, #4157, #4158 ) );
#1722 = AXIS2_PLACEMENT_3D( '', #4159, #4160, #4161 );
#1723 = EDGE_LOOP( '', ( #4162, #4163, #4164, #4165 ) );
#1724 = AXIS2_PLACEMENT_3D( '', #4166, #4167, #4168 );
#1725 = EDGE_LOOP( '', ( #4169, #4170, #4171, #4172 ) );
#1726 = AXIS2_PLACEMENT_3D( '', #4173, #4174, #4175 );
#1727 = EDGE_LOOP( '', ( #4176, #4177, #4178, #4179 ) );
#1728 = AXIS2_PLACEMENT_3D( '', #4180, #4181, #4182 );
#1729 = EDGE_LOOP( '', ( #4183, #4184, #4185, #4186 ) );
#1730 = AXIS2_PLACEMENT_3D( '', #4187, #4188, #4189 );
#1731 = EDGE_LOOP( '', ( #4190, #4191, #4192, #4193 ) );
#1732 = AXIS2_PLACEMENT_3D( '', #4194, #4195, #4196 );
#1733 = EDGE_LOOP( '', ( #4197, #4198, #4199, #4200 ) );
#1734 = AXIS2_PLACEMENT_3D( '', #4201, #4202, #4203 );
#1735 = EDGE_LOOP( '', ( #4204, #4205, #4206, #4207 ) );
#1736 = AXIS2_PLACEMENT_3D( '', #4208, #4209, #4210 );
#1737 = EDGE_LOOP( '', ( #4211, #4212, #4213, #4214 ) );
#1738 = AXIS2_PLACEMENT_3D( '', #4215, #4216, #4217 );
#1739 = EDGE_LOOP( '', ( #4218, #4219, #4220, #4221 ) );
#1740 = AXIS2_PLACEMENT_3D( '', #4222, #4223, #4224 );
#1741 = EDGE_LOOP( '', ( #4225, #4226, #4227, #4228 ) );
#1742 = AXIS2_PLACEMENT_3D( '', #4229, #4230, #4231 );
#1743 = EDGE_LOOP( '', ( #4232, #4233, #4234, #4235 ) );
#1744 = AXIS2_PLACEMENT_3D( '', #4236, #4237, #4238 );
#1745 = EDGE_LOOP( '', ( #4239, #4240, #4241, #4242 ) );
#1746 = AXIS2_PLACEMENT_3D( '', #4243, #4244, #4245 );
#1747 = EDGE_LOOP( '', ( #4246, #4247, #4248, #4249 ) );
#1748 = AXIS2_PLACEMENT_3D( '', #4250, #4251, #4252 );
#1749 = EDGE_LOOP( '', ( #4253, #4254, #4255, #4256 ) );
#1750 = AXIS2_PLACEMENT_3D( '', #4257, #4258, #4259 );
#1751 = EDGE_LOOP( '', ( #4260, #4261, #4262, #4263 ) );
#1752 = AXIS2_PLACEMENT_3D( '', #4264, #4265, #4266 );
#1753 = EDGE_LOOP( '', ( #4267, #4268, #4269, #4270 ) );
#1754 = AXIS2_PLACEMENT_3D( '', #4271, #4272, #4273 );
#1755 = EDGE_LOOP( '', ( #4274, #4275, #4276, #4277 ) );
#1756 = AXIS2_PLACEMENT_3D( '', #4278, #4279, #4280 );
#1757 = EDGE_LOOP( '', ( #4281, #4282, #4283, #4284 ) );
#1758 = AXIS2_PLACEMENT_3D( '', #4285, #4286, #4287 );
#1759 = EDGE_LOOP( '', ( #4288, #4289, #4290, #4291 ) );
#1760 = AXIS2_PLACEMENT_3D( '', #4292, #4293, #4294 );
#1761 = EDGE_LOOP( '', ( #4295, #4296, #4297, #4298 ) );
#1762 = AXIS2_PLACEMENT_3D( '', #4299, #4300, #4301 );
#1763 = EDGE_LOOP( '', ( #4302, #4303, #4304, #4305 ) );
#1764 = AXIS2_PLACEMENT_3D( '', #4306, #4307, #4308 );
#1765 = EDGE_LOOP( '', ( #4309, #4310, #4311, #4312 ) );
#1766 = AXIS2_PLACEMENT_3D( '', #4313, #4314, #4315 );
#1767 = EDGE_LOOP( '', ( #4316, #4317, #4318, #4319 ) );
#1768 = AXIS2_PLACEMENT_3D( '', #4320, #4321, #4322 );
#1769 = EDGE_LOOP( '', ( #4323, #4324, #4325, #4326 ) );
#1770 = AXIS2_PLACEMENT_3D( '', #4327, #4328, #4329 );
#1771 = EDGE_LOOP( '', ( #4330, #4331, #4332, #4333 ) );
#1772 = AXIS2_PLACEMENT_3D( '', #4334, #4335, #4336 );
#1773 = EDGE_LOOP( '', ( #4337, #4338, #4339, #4340 ) );
#1774 = AXIS2_PLACEMENT_3D( '', #4341, #4342, #4343 );
#1775 = EDGE_LOOP( '', ( #4344, #4345, #4346, #4347 ) );
#1776 = AXIS2_PLACEMENT_3D( '', #4348, #4349, #4350 );
#1777 = EDGE_LOOP( '', ( #4351, #4352, #4353, #4354 ) );
#1778 = AXIS2_PLACEMENT_3D( '', #4355, #4356, #4357 );
#1779 = EDGE_LOOP( '', ( #4358, #4359, #4360, #4361 ) );
#1780 = AXIS2_PLACEMENT_3D( '', #4362, #4363, #4364 );
#1781 = EDGE_LOOP( '', ( #4365, #4366, #4367, #4368 ) );
#1782 = AXIS2_PLACEMENT_3D( '', #4369, #4370, #4371 );
#1783 = EDGE_LOOP( '', ( #4372, #4373, #4374, #4375 ) );
#1784 = AXIS2_PLACEMENT_3D( '', #4376, #4377, #4378 );
#1785 = EDGE_LOOP( '', ( #4379, #4380, #4381, #4382 ) );
#1786 = AXIS2_PLACEMENT_3D( '', #4383, #4384, #4385 );
#1787 = EDGE_LOOP( '', ( #4386, #4387, #4388, #4389 ) );
#1788 = AXIS2_PLACEMENT_3D( '', #4390, #4391, #4392 );
#1789 = EDGE_LOOP( '', ( #4393, #4394, #4395, #4396 ) );
#1790 = AXIS2_PLACEMENT_3D( '', #4397, #4398, #4399 );
#1791 = EDGE_LOOP( '', ( #4400, #4401, #4402, #4403 ) );
#1792 = AXIS2_PLACEMENT_3D( '', #4404, #4405, #4406 );
#1793 = EDGE_LOOP( '', ( #4407, #4408, #4409, #4410 ) );
#1794 = AXIS2_PLACEMENT_3D( '', #4411, #4412, #4413 );
#1795 = EDGE_LOOP( '', ( #4414, #4415, #4416, #4417 ) );
#1796 = AXIS2_PLACEMENT_3D( '', #4418, #4419, #4420 );
#1797 = EDGE_LOOP( '', ( #4421, #4422, #4423, #4424 ) );
#1798 = AXIS2_PLACEMENT_3D( '', #4425, #4426, #4427 );
#1799 = EDGE_LOOP( '', ( #4428, #4429, #4430, #4431 ) );
#1800 = AXIS2_PLACEMENT_3D( '', #4432, #4433, #4434 );
#1801 = EDGE_LOOP( '', ( #4435, #4436, #4437, #4438 ) );
#1802 = AXIS2_PLACEMENT_3D( '', #4439, #4440, #4441 );
#1803 = EDGE_LOOP( '', ( #4442, #4443, #4444, #4445 ) );
#1804 = AXIS2_PLACEMENT_3D( '', #4446, #4447, #4448 );
#1805 = EDGE_LOOP( '', ( #4449, #4450, #4451, #4452 ) );
#1806 = AXIS2_PLACEMENT_3D( '', #4453, #4454, #4455 );
#1807 = EDGE_LOOP( '', ( #4456, #4457, #4458, #4459 ) );
#1808 = AXIS2_PLACEMENT_3D( '', #4460, #4461, #4462 );
#1809 = EDGE_LOOP( '', ( #4463, #4464, #4465, #4466 ) );
#1810 = AXIS2_PLACEMENT_3D( '', #4467, #4468, #4469 );
#1811 = EDGE_LOOP( '', ( #4470, #4471, #4472, #4473 ) );
#1812 = AXIS2_PLACEMENT_3D( '', #4474, #4475, #4476 );
#1813 = EDGE_LOOP( '', ( #4477, #4478, #4479, #4480 ) );
#1814 = AXIS2_PLACEMENT_3D( '', #4481, #4482, #4483 );
#1815 = EDGE_LOOP( '', ( #4484, #4485, #4486, #4487 ) );
#1816 = AXIS2_PLACEMENT_3D( '', #4488, #4489, #4490 );
#1817 = EDGE_LOOP( '', ( #4491, #4492, #4493, #4494 ) );
#1818 = AXIS2_PLACEMENT_3D( '', #4495, #4496, #4497 );
#1819 = EDGE_LOOP( '', ( #4498, #4499, #4500, #4501 ) );
#1820 = AXIS2_PLACEMENT_3D( '', #4502, #4503, #4504 );
#1821 = EDGE_LOOP( '', ( #4505, #4506, #4507, #4508 ) );
#1822 = AXIS2_PLACEMENT_3D( '', #4509, #4510, #4511 );
#1823 = EDGE_LOOP( '', ( #4512, #4513, #4514, #4515 ) );
#1824 = AXIS2_PLACEMENT_3D( '', #4516, #4517, #4518 );
#1825 = EDGE_LOOP( '', ( #4519, #4520, #4521, #4522 ) );
#1826 = AXIS2_PLACEMENT_3D( '', #4523, #4524, #4525 );
#1827 = EDGE_LOOP( '', ( #4526, #4527, #4528, #4529 ) );
#1828 = AXIS2_PLACEMENT_3D( '', #4530, #4531, #4532 );
#1829 = EDGE_LOOP( '', ( #4533, #4534, #4535, #4536 ) );
#1830 = AXIS2_PLACEMENT_3D( '', #4537, #4538, #4539 );
#1831 = EDGE_LOOP( '', ( #4540, #4541, #4542, #4543 ) );
#1832 = AXIS2_PLACEMENT_3D( '', #4544, #4545, #4546 );
#1833 = EDGE_LOOP( '', ( #4547, #4548, #4549, #4550 ) );
#1834 = AXIS2_PLACEMENT_3D( '', #4551, #4552, #4553 );
#1835 = EDGE_LOOP( '', ( #4554, #4555, #4556, #4557 ) );
#1836 = AXIS2_PLACEMENT_3D( '', #4558, #4559, #4560 );
#1837 = EDGE_LOOP( '', ( #4561, #4562, #4563, #4564 ) );
#1838 = AXIS2_PLACEMENT_3D( '', #4565, #4566, #4567 );
#1839 = EDGE_LOOP( '', ( #4568, #4569, #4570, #4571 ) );
#1840 = AXIS2_PLACEMENT_3D( '', #4572, #4573, #4574 );
#1841 = EDGE_LOOP( '', ( #4575, #4576, #4577, #4578 ) );
#1842 = AXIS2_PLACEMENT_3D( '', #4579, #4580, #4581 );
#1843 = EDGE_LOOP( '', ( #4582, #4583, #4584, #4585 ) );
#1844 = AXIS2_PLACEMENT_3D( '', #4586, #4587, #4588 );
#1845 = EDGE_LOOP( '', ( #4589, #4590, #4591, #4592 ) );
#1846 = AXIS2_PLACEMENT_3D( '', #4593, #4594, #4595 );
#1847 = EDGE_LOOP( '', ( #4596, #4597, #4598, #4599 ) );
#1848 = AXIS2_PLACEMENT_3D( '', #4600, #4601, #4602 );
#1849 = EDGE_LOOP( '', ( #4603, #4604, #4605, #4606 ) );
#1850 = AXIS2_PLACEMENT_3D( '', #4607, #4608, #4609 );
#1851 = EDGE_LOOP( '', ( #4610, #4611, #4612, #4613 ) );
#1852 = AXIS2_PLACEMENT_3D( '', #4614, #4615, #4616 );
#1853 = EDGE_LOOP( '', ( #4617, #4618, #4619, #4620 ) );
#1854 = AXIS2_PLACEMENT_3D( '', #4621, #4622, #4623 );
#1855 = EDGE_LOOP( '', ( #4624, #4625, #4626, #4627 ) );
#1856 = AXIS2_PLACEMENT_3D( '', #4628, #4629, #4630 );
#1857 = EDGE_LOOP( '', ( #4631, #4632, #4633, #4634 ) );
#1858 = AXIS2_PLACEMENT_3D( '', #4635, #4636, #4637 );
#1859 = EDGE_LOOP( '', ( #4638, #4639, #4640, #4641 ) );
#1860 = AXIS2_PLACEMENT_3D( '', #4642, #4643, #4644 );
#1861 = EDGE_LOOP( '', ( #4645, #4646, #4647, #4648 ) );
#1862 = AXIS2_PLACEMENT_3D( '', #4649, #4650, #4651 );
#1863 = EDGE_LOOP( '', ( #4652, #4653, #4654, #4655 ) );
#1864 = AXIS2_PLACEMENT_3D( '', #4656, #4657, #4658 );
#1865 = EDGE_LOOP( '', ( #4659, #4660, #4661, #4662 ) );
#1866 = AXIS2_PLACEMENT_3D( '', #4663, #4664, #4665 );
#1867 = EDGE_LOOP( '', ( #4666, #4667, #4668, #4669 ) );
#1868 = AXIS2_PLACEMENT_3D( '', #4670, #4671, #4672 );
#1869 = EDGE_LOOP( '', ( #4673, #4674, #4675, #4676 ) );
#1870 = AXIS2_PLACEMENT_3D( '', #4677, #4678, #4679 );
#1871 = EDGE_LOOP( '', ( #4680, #4681, #4682, #4683 ) );
#1872 = AXIS2_PLACEMENT_3D( '', #4684, #4685, #4686 );
#1873 = EDGE_LOOP( '', ( #4687, #4688, #4689, #4690 ) );
#1874 = AXIS2_PLACEMENT_3D( '', #4691, #4692, #4693 );
#1875 = EDGE_LOOP( '', ( #4694, #4695, #4696, #4697 ) );
#1876 = AXIS2_PLACEMENT_3D( '', #4698, #4699, #4700 );
#1877 = EDGE_LOOP( '', ( #4701, #4702, #4703, #4704 ) );
#1878 = AXIS2_PLACEMENT_3D( '', #4705, #4706, #4707 );
#1879 = EDGE_LOOP( '', ( #4708, #4709, #4710, #4711 ) );
#1880 = AXIS2_PLACEMENT_3D( '', #4712, #4713, #4714 );
#1881 = EDGE_LOOP( '', ( #4715, #4716, #4717, #4718 ) );
#1882 = AXIS2_PLACEMENT_3D( '', #4719, #4720, #4721 );
#1883 = EDGE_LOOP( '', ( #4722, #4723, #4724, #4725 ) );
#1884 = AXIS2_PLACEMENT_3D( '', #4726, #4727, #4728 );
#1885 = EDGE_LOOP( '', ( #4729, #4730, #4731, #4732 ) );
#1886 = AXIS2_PLACEMENT_3D( '', #4733, #4734, #4735 );
#1887 = EDGE_LOOP( '', ( #4736, #4737, #4738, #4739 ) );
#1888 = AXIS2_PLACEMENT_3D( '', #4740, #4741, #4742 );
#1889 = EDGE_LOOP( '', ( #4743, #4744, #4745, #4746 ) );
#1890 = AXIS2_PLACEMENT_3D( '', #4747, #4748, #4749 );
#1891 = EDGE_LOOP( '', ( #4750, #4751, #4752, #4753 ) );
#1892 = AXIS2_PLACEMENT_3D( '', #4754, #4755, #4756 );
#1893 = EDGE_LOOP( '', ( #4757, #4758, #4759, #4760 ) );
#1894 = AXIS2_PLACEMENT_3D( '', #4761, #4762, #4763 );
#1895 = EDGE_LOOP( '', ( #4764, #4765, #4766, #4767 ) );
#1896 = AXIS2_PLACEMENT_3D( '', #4768, #4769, #4770 );
#1897 = EDGE_LOOP( '', ( #4771, #4772, #4773, #4774 ) );
#1898 = AXIS2_PLACEMENT_3D( '', #4775, #4776, #4777 );
#1899 = EDGE_LOOP( '', ( #4778, #4779, #4780, #4781 ) );
#1900 = AXIS2_PLACEMENT_3D( '', #4782, #4783, #4784 );
#1901 = EDGE_LOOP( '', ( #4785, #4786, #4787, #4788 ) );
#1902 = AXIS2_PLACEMENT_3D( '', #4789, #4790, #4791 );
#1903 = EDGE_LOOP( '', ( #4792, #4793, #4794, #4795 ) );
#1904 = AXIS2_PLACEMENT_3D( '', #4796, #4797, #4798 );
#1905 = EDGE_LOOP( '', ( #4799, #4800, #4801, #4802 ) );
#1906 = AXIS2_PLACEMENT_3D( '', #4803, #4804, #4805 );
#1907 = EDGE_LOOP( '', ( #4806, #4807, #4808, #4809 ) );
#1908 = AXIS2_PLACEMENT_3D( '', #4810, #4811, #4812 );
#1909 = EDGE_LOOP( '', ( #4813, #4814, #4815, #4816 ) );
#1910 = AXIS2_PLACEMENT_3D( '', #4817, #4818, #4819 );
#1911 = EDGE_LOOP( '', ( #4820, #4821, #4822, #4823 ) );
#1912 = AXIS2_PLACEMENT_3D( '', #4824, #4825, #4826 );
#1913 = EDGE_LOOP( '', ( #4827, #4828, #4829, #4830 ) );
#1914 = AXIS2_PLACEMENT_3D( '', #4831, #4832, #4833 );
#1915 = EDGE_LOOP( '', ( #4834, #4835, #4836, #4837 ) );
#1916 = AXIS2_PLACEMENT_3D( '', #4838, #4839, #4840 );
#1917 = EDGE_LOOP( '', ( #4841, #4842, #4843, #4844 ) );
#1918 = AXIS2_PLACEMENT_3D( '', #4845, #4846, #4847 );
#1919 = EDGE_LOOP( '', ( #4848, #4849, #4850, #4851 ) );
#1920 = AXIS2_PLACEMENT_3D( '', #4852, #4853, #4854 );
#1921 = EDGE_LOOP( '', ( #4855, #4856, #4857, #4858 ) );
#1922 = AXIS2_PLACEMENT_3D( '', #4859, #4860, #4861 );
#1923 = EDGE_LOOP( '', ( #4862, #4863, #4864, #4865 ) );
#1924 = AXIS2_PLACEMENT_3D( '', #4866, #4867, #4868 );
#1925 = EDGE_LOOP( '', ( #4869, #4870, #4871, #4872 ) );
#1926 = AXIS2_PLACEMENT_3D( '', #4873, #4874, #4875 );
#1927 = EDGE_LOOP( '', ( #4876, #4877, #4878, #4879 ) );
#1928 = AXIS2_PLACEMENT_3D( '', #4880, #4881, #4882 );
#1929 = EDGE_LOOP( '', ( #4883, #4884, #4885, #4886 ) );
#1930 = AXIS2_PLACEMENT_3D( '', #4887, #4888, #4889 );
#1931 = EDGE_LOOP( '', ( #4890, #4891, #4892, #4893 ) );
#1932 = AXIS2_PLACEMENT_3D( '', #4894, #4895, #4896 );
#1933 = EDGE_LOOP( '', ( #4897, #4898, #4899, #4900 ) );
#1934 = AXIS2_PLACEMENT_3D( '', #4901, #4902, #4903 );
#1935 = EDGE_LOOP( '', ( #4904, #4905, #4906, #4907 ) );
#1936 = AXIS2_PLACEMENT_3D( '', #4908, #4909, #4910 );
#1937 = EDGE_LOOP( '', ( #4911, #4912, #4913, #4914 ) );
#1938 = AXIS2_PLACEMENT_3D( '', #4915, #4916, #4917 );
#1939 = EDGE_LOOP( '', ( #4918, #4919, #4920, #4921 ) );
#1940 = AXIS2_PLACEMENT_3D( '', #4922, #4923, #4924 );
#1941 = EDGE_LOOP( '', ( #4925, #4926, #4927, #4928 ) );
#1942 = AXIS2_PLACEMENT_3D( '', #4929, #4930, #4931 );
#1943 = EDGE_LOOP( '', ( #4932, #4933, #4934, #4935 ) );
#1944 = AXIS2_PLACEMENT_3D( '', #4936, #4937, #4938 );
#1945 = EDGE_LOOP( '', ( #4939, #4940, #4941, #4942 ) );
#1946 = AXIS2_PLACEMENT_3D( '', #4943, #4944, #4945 );
#1947 = EDGE_LOOP( '', ( #4946, #4947, #4948, #4949 ) );
#1948 = AXIS2_PLACEMENT_3D( '', #4950, #4951, #4952 );
#1949 = EDGE_LOOP( '', ( #4953, #4954, #4955, #4956 ) );
#1950 = AXIS2_PLACEMENT_3D( '', #4957, #4958, #4959 );
#1951 = EDGE_LOOP( '', ( #4960, #4961, #4962, #4963 ) );
#1952 = AXIS2_PLACEMENT_3D( '', #4964, #4965, #4966 );
#1953 = EDGE_LOOP( '', ( #4967, #4968, #4969, #4970 ) );
#1954 = AXIS2_PLACEMENT_3D( '', #4971, #4972, #4973 );
#1955 = EDGE_LOOP( '', ( #4974, #4975, #4976, #4977 ) );
#1956 = AXIS2_PLACEMENT_3D( '', #4978, #4979, #4980 );
#1957 = EDGE_LOOP( '', ( #4981, #4982, #4983, #4984 ) );
#1958 = AXIS2_PLACEMENT_3D( '', #4985, #4986, #4987 );
#1959 = EDGE_LOOP( '', ( #4988, #4989, #4990, #4991 ) );
#1960 = AXIS2_PLACEMENT_3D( '', #4992, #4993, #4994 );
#1961 = EDGE_LOOP( '', ( #4995, #4996, #4997, #4998 ) );
#1962 = AXIS2_PLACEMENT_3D( '', #4999, #5000, #5001 );
#1963 = EDGE_LOOP( '', ( #5002, #5003, #5004, #5005 ) );
#1964 = AXIS2_PLACEMENT_3D( '', #5006, #5007, #5008 );
#1965 = EDGE_LOOP( '', ( #5009, #5010, #5011, #5012 ) );
#1966 = AXIS2_PLACEMENT_3D( '', #5013, #5014, #5015 );
#1967 = EDGE_LOOP( '', ( #5016, #5017, #5018, #5019 ) );
#1968 = AXIS2_PLACEMENT_3D( '', #5020, #5021, #5022 );
#1969 = EDGE_LOOP( '', ( #5023, #5024, #5025, #5026 ) );
#1970 = AXIS2_PLACEMENT_3D( '', #5027, #5028, #5029 );
#1971 = EDGE_LOOP( '', ( #5030, #5031, #5032, #5033 ) );
#1972 = AXIS2_PLACEMENT_3D( '', #5034, #5035, #5036 );
#1973 = EDGE_LOOP( '', ( #5037, #5038, #5039, #5040 ) );
#1974 = AXIS2_PLACEMENT_3D( '', #5041, #5042, #5043 );
#1975 = EDGE_LOOP( '', ( #5044, #5045, #5046, #5047 ) );
#1976 = AXIS2_PLACEMENT_3D( '', #5048, #5049, #5050 );
#1977 = EDGE_LOOP( '', ( #5051, #5052, #5053, #5054 ) );
#1978 = AXIS2_PLACEMENT_3D( '', #5055, #5056, #5057 );
#1979 = EDGE_LOOP( '', ( #5058, #5059, #5060, #5061 ) );
#1980 = AXIS2_PLACEMENT_3D( '', #5062, #5063, #5064 );
#1981 = EDGE_LOOP( '', ( #5065, #5066, #5067, #5068 ) );
#1982 = AXIS2_PLACEMENT_3D( '', #5069, #5070, #5071 );
#1983 = EDGE_LOOP( '', ( #5072, #5073, #5074, #5075 ) );
#1984 = AXIS2_PLACEMENT_3D( '', #5076, #5077, #5078 );
#1985 = EDGE_LOOP( '', ( #5079, #5080, #5081, #5082 ) );
#1986 = AXIS2_PLACEMENT_3D( '', #5083, #5084, #5085 );
#1987 = EDGE_LOOP( '', ( #5086, #5087, #5088, #5089 ) );
#1988 = AXIS2_PLACEMENT_3D( '', #5090, #5091, #5092 );
#1989 = EDGE_LOOP( '', ( #5093, #5094, #5095, #5096 ) );
#1990 = AXIS2_PLACEMENT_3D( '', #5097, #5098, #5099 );
#1991 = EDGE_LOOP( '', ( #5100, #5101, #5102, #5103 ) );
#1992 = AXIS2_PLACEMENT_3D( '', #5104, #5105, #5106 );
#1993 = EDGE_LOOP( '', ( #5107, #5108, #5109, #5110 ) );
#1994 = AXIS2_PLACEMENT_3D( '', #5111, #5112, #5113 );
#1995 = EDGE_LOOP( '', ( #5114, #5115, #5116, #5117 ) );
#1996 = AXIS2_PLACEMENT_3D( '', #5118, #5119, #5120 );
#1997 = EDGE_LOOP( '', ( #5121, #5122, #5123, #5124 ) );
#1998 = AXIS2_PLACEMENT_3D( '', #5125, #5126, #5127 );
#1999 = EDGE_LOOP( '', ( #5128, #5129, #5130, #5131 ) );
#2000 = AXIS2_PLACEMENT_3D( '', #5132, #5133, #5134 );
#2001 = EDGE_LOOP( '', ( #5135, #5136, #5137, #5138 ) );
#2002 = AXIS2_PLACEMENT_3D( '', #5139, #5140, #5141 );
#2003 = EDGE_LOOP( '', ( #5142, #5143, #5144, #5145 ) );
#2004 = AXIS2_PLACEMENT_3D( '', #5146, #5147, #5148 );
#2005 = EDGE_LOOP( '', ( #5149, #5150, #5151, #5152 ) );
#2006 = AXIS2_PLACEMENT_3D( '', #5153, #5154, #5155 );
#2007 = EDGE_LOOP( '', ( #5156, #5157, #5158, #5159 ) );
#2008 = AXIS2_PLACEMENT_3D( '', #5160, #5161, #5162 );
#2009 = EDGE_LOOP( '', ( #5163, #5164, #5165, #5166 ) );
#2010 = AXIS2_PLACEMENT_3D( '', #5167, #5168, #5169 );
#2011 = EDGE_LOOP( '', ( #5170, #5171, #5172, #5173 ) );
#2012 = AXIS2_PLACEMENT_3D( '', #5174, #5175, #5176 );
#2013 = EDGE_LOOP( '', ( #5177, #5178, #5179, #5180 ) );
#2014 = AXIS2_PLACEMENT_3D( '', #5181, #5182, #5183 );
#2015 = EDGE_LOOP( '', ( #5184, #5185, #5186, #5187 ) );
#2016 = AXIS2_PLACEMENT_3D( '', #5188, #5189, #5190 );
#2017 = EDGE_LOOP( '', ( #5191, #5192, #5193, #5194 ) );
#2018 = AXIS2_PLACEMENT_3D( '', #5195, #5196, #5197 );
#2019 = EDGE_LOOP( '', ( #5198, #5199, #5200, #5201 ) );
#2020 = AXIS2_PLACEMENT_3D( '', #5202, #5203, #5204 );
#2021 = EDGE_LOOP( '', ( #5205, #5206, #5207, #5208 ) );
#2022 = AXIS2_PLACEMENT_3D( '', #5209, #5210, #5211 );
#2023 = EDGE_LOOP( '', ( #5212, #5213, #5214, #5215 ) );
#2024 = AXIS2_PLACEMENT_3D( '', #5216, #5217, #5218 );
#2025 = EDGE_LOOP( '', ( #5219, #5220, #5221, #5222 ) );
#2026 = AXIS2_PLACEMENT_3D( '', #5223, #5224, #5225 );
#2027 = EDGE_LOOP( '', ( #5226, #5227, #5228, #5229 ) );
#2028 = AXIS2_PLACEMENT_3D( '', #5230, #5231, #5232 );
#2029 = EDGE_LOOP( '', ( #5233, #5234, #5235, #5236 ) );
#2030 = AXIS2_PLACEMENT_3D( '', #5237, #5238, #5239 );
#2031 = EDGE_LOOP( '', ( #5240, #5241, #5242, #5243 ) );
#2032 = AXIS2_PLACEMENT_3D( '', #5244, #5245, #5246 );
#2033 = EDGE_LOOP( '', ( #5247, #5248, #5249, #5250 ) );
#2034 = AXIS2_PLACEMENT_3D( '', #5251, #5252, #5253 );
#2035 = EDGE_LOOP( '', ( #5254, #5255, #5256, #5257 ) );
#2036 = AXIS2_PLACEMENT_3D( '', #5258, #5259, #5260 );
#2037 = EDGE_LOOP( '', ( #5261, #5262, #5263, #5264 ) );
#2038 = AXIS2_PLACEMENT_3D( '', #5265, #5266, #5267 );
#2039 = EDGE_LOOP( '', ( #5268 ) );
#2040 = EDGE_LOOP( '', ( #5269 ) );
#2041 = AXIS2_PLACEMENT_3D( '', #5270, #5271, #5272 );
#2042 = EDGE_LOOP( '', ( #5273 ) );
#2043 = EDGE_LOOP( '', ( #5274 ) );
#2044 = AXIS2_PLACEMENT_3D( '', #5275, #5276, #5277 );
#2045 = EDGE_LOOP( '', ( #5278 ) );
#2046 = EDGE_LOOP( '', ( #5279 ) );
#2047 = AXIS2_PLACEMENT_3D( '', #5280, #5281, #5282 );
#2048 = EDGE_LOOP( '', ( #5283 ) );
#2049 = EDGE_LOOP( '', ( #5284 ) );
#2050 = AXIS2_PLACEMENT_3D( '', #5285, #5286, #5287 );
#2051 = EDGE_LOOP( '', ( #5288, #5289, #5290, #5291 ) );
#2052 = AXIS2_PLACEMENT_3D( '', #5292, #5293, #5294 );
#2053 = EDGE_LOOP( '', ( #5295 ) );
#2054 = EDGE_LOOP( '', ( #5296 ) );
#2055 = AXIS2_PLACEMENT_3D( '', #5297, #5298, #5299 );
#2056 = EDGE_LOOP( '', ( #5300 ) );
#2057 = EDGE_LOOP( '', ( #5301 ) );
#2058 = AXIS2_PLACEMENT_3D( '', #5302, #5303, #5304 );
#2059 = EDGE_LOOP( '', ( #5305, #5306, #5307, #5308 ) );
#2060 = AXIS2_PLACEMENT_3D( '', #5309, #5310, #5311 );
#2061 = EDGE_LOOP( '', ( #5312, #5313, #5314, #5315 ) );
#2062 = AXIS2_PLACEMENT_3D( '', #5316, #5317, #5318 );
#2063 = EDGE_LOOP( '', ( #5319, #5320, #5321, #5322 ) );
#2064 = AXIS2_PLACEMENT_3D( '', #5323, #5324, #5325 );
#2065 = EDGE_LOOP( '', ( #5326, #5327, #5328, #5329 ) );
#2066 = AXIS2_PLACEMENT_3D( '', #5330, #5331, #5332 );
#2067 = EDGE_LOOP( '', ( #5333, #5334, #5335, #5336 ) );
#2068 = AXIS2_PLACEMENT_3D( '', #5337, #5338, #5339 );
#2069 = EDGE_LOOP( '', ( #5340, #5341, #5342, #5343 ) );
#2070 = AXIS2_PLACEMENT_3D( '', #5344, #5345, #5346 );
#2071 = EDGE_LOOP( '', ( #5347, #5348, #5349, #5350 ) );
#2072 = AXIS2_PLACEMENT_3D( '', #5351, #5352, #5353 );
#2073 = EDGE_LOOP( '', ( #5354, #5355, #5356, #5357 ) );
#2074 = AXIS2_PLACEMENT_3D( '', #5358, #5359, #5360 );
#2075 = EDGE_LOOP( '', ( #5361, #5362, #5363, #5364 ) );
#2076 = AXIS2_PLACEMENT_3D( '', #5365, #5366, #5367 );
#2077 = EDGE_LOOP( '', ( #5368, #5369, #5370, #5371 ) );
#2078 = AXIS2_PLACEMENT_3D( '', #5372, #5373, #5374 );
#2079 = EDGE_LOOP( '', ( #5375, #5376, #5377, #5378 ) );
#2080 = AXIS2_PLACEMENT_3D( '', #5379, #5380, #5381 );
#2081 = EDGE_LOOP( '', ( #5382, #5383, #5384, #5385 ) );
#2082 = AXIS2_PLACEMENT_3D( '', #5386, #5387, #5388 );
#2083 = EDGE_LOOP( '', ( #5389, #5390, #5391, #5392 ) );
#2084 = AXIS2_PLACEMENT_3D( '', #5393, #5394, #5395 );
#2085 = EDGE_LOOP( '', ( #5396, #5397, #5398, #5399 ) );
#2086 = AXIS2_PLACEMENT_3D( '', #5400, #5401, #5402 );
#2087 = EDGE_LOOP( '', ( #5403, #5404, #5405, #5406 ) );
#2088 = AXIS2_PLACEMENT_3D( '', #5407, #5408, #5409 );
#2089 = EDGE_LOOP( '', ( #5410, #5411, #5412, #5413 ) );
#2090 = AXIS2_PLACEMENT_3D( '', #5414, #5415, #5416 );
#2091 = EDGE_LOOP( '', ( #5417, #5418, #5419, #5420 ) );
#2092 = AXIS2_PLACEMENT_3D( '', #5421, #5422, #5423 );
#2093 = EDGE_LOOP( '', ( #5424, #5425, #5426, #5427 ) );
#2094 = AXIS2_PLACEMENT_3D( '', #5428, #5429, #5430 );
#2095 = EDGE_LOOP( '', ( #5431, #5432, #5433, #5434 ) );
#2096 = AXIS2_PLACEMENT_3D( '', #5435, #5436, #5437 );
#2097 = EDGE_LOOP( '', ( #5438, #5439, #5440, #5441 ) );
#2098 = AXIS2_PLACEMENT_3D( '', #5442, #5443, #5444 );
#2099 = EDGE_LOOP( '', ( #5445, #5446, #5447, #5448 ) );
#2100 = AXIS2_PLACEMENT_3D( '', #5449, #5450, #5451 );
#2101 = EDGE_LOOP( '', ( #5452, #5453, #5454, #5455 ) );
#2102 = AXIS2_PLACEMENT_3D( '', #5456, #5457, #5458 );
#2103 = EDGE_LOOP( '', ( #5459, #5460, #5461, #5462 ) );
#2104 = AXIS2_PLACEMENT_3D( '', #5463, #5464, #5465 );
#2105 = EDGE_LOOP( '', ( #5466, #5467, #5468, #5469 ) );
#2106 = AXIS2_PLACEMENT_3D( '', #5470, #5471, #5472 );
#2107 = EDGE_LOOP( '', ( #5473, #5474, #5475, #5476 ) );
#2108 = AXIS2_PLACEMENT_3D( '', #5477, #5478, #5479 );
#2109 = EDGE_LOOP( '', ( #5480, #5481, #5482, #5483 ) );
#2110 = AXIS2_PLACEMENT_3D( '', #5484, #5485, #5486 );
#2111 = EDGE_LOOP( '', ( #5487, #5488, #5489, #5490 ) );
#2112 = AXIS2_PLACEMENT_3D( '', #5491, #5492, #5493 );
#2113 = EDGE_LOOP( '', ( #5494, #5495, #5496, #5497 ) );
#2114 = AXIS2_PLACEMENT_3D( '', #5498, #5499, #5500 );
#2115 = EDGE_LOOP( '', ( #5501, #5502, #5503, #5504 ) );
#2116 = AXIS2_PLACEMENT_3D( '', #5505, #5506, #5507 );
#2117 = EDGE_LOOP( '', ( #5508, #5509, #5510, #5511 ) );
#2118 = AXIS2_PLACEMENT_3D( '', #5512, #5513, #5514 );
#2119 = EDGE_LOOP( '', ( #5515, #5516, #5517, #5518 ) );
#2120 = AXIS2_PLACEMENT_3D( '', #5519, #5520, #5521 );
#2121 = EDGE_LOOP( '', ( #5522, #5523, #5524, #5525 ) );
#2122 = AXIS2_PLACEMENT_3D( '', #5526, #5527, #5528 );
#2123 = EDGE_LOOP( '', ( #5529, #5530, #5531, #5532 ) );
#2124 = AXIS2_PLACEMENT_3D( '', #5533, #5534, #5535 );
#2125 = EDGE_LOOP( '', ( #5536, #5537, #5538, #5539 ) );
#2126 = AXIS2_PLACEMENT_3D( '', #5540, #5541, #5542 );
#2127 = EDGE_LOOP( '', ( #5543, #5544, #5545, #5546 ) );
#2128 = AXIS2_PLACEMENT_3D( '', #5547, #5548, #5549 );
#2129 = EDGE_LOOP( '', ( #5550, #5551, #5552, #5553 ) );
#2130 = AXIS2_PLACEMENT_3D( '', #5554, #5555, #5556 );
#2131 = EDGE_LOOP( '', ( #5557, #5558, #5559, #5560 ) );
#2132 = AXIS2_PLACEMENT_3D( '', #5561, #5562, #5563 );
#2133 = EDGE_LOOP( '', ( #5564, #5565, #5566, #5567 ) );
#2134 = AXIS2_PLACEMENT_3D( '', #5568, #5569, #5570 );
#2135 = EDGE_LOOP( '', ( #5571, #5572, #5573, #5574 ) );
#2136 = AXIS2_PLACEMENT_3D( '', #5575, #5576, #5577 );
#2137 = EDGE_LOOP( '', ( #5578, #5579, #5580, #5581 ) );
#2138 = AXIS2_PLACEMENT_3D( '', #5582, #5583, #5584 );
#2139 = EDGE_LOOP( '', ( #5585, #5586, #5587, #5588 ) );
#2140 = AXIS2_PLACEMENT_3D( '', #5589, #5590, #5591 );
#2141 = EDGE_LOOP( '', ( #5592, #5593, #5594, #5595 ) );
#2142 = AXIS2_PLACEMENT_3D( '', #5596, #5597, #5598 );
#2143 = EDGE_LOOP( '', ( #5599, #5600, #5601, #5602 ) );
#2144 = AXIS2_PLACEMENT_3D( '', #5603, #5604, #5605 );
#2145 = EDGE_LOOP( '', ( #5606, #5607, #5608, #5609 ) );
#2146 = AXIS2_PLACEMENT_3D( '', #5610, #5611, #5612 );
#2147 = EDGE_LOOP( '', ( #5613, #5614, #5615, #5616 ) );
#2148 = AXIS2_PLACEMENT_3D( '', #5617, #5618, #5619 );
#2149 = EDGE_LOOP( '', ( #5620, #5621, #5622, #5623 ) );
#2150 = AXIS2_PLACEMENT_3D( '', #5624, #5625, #5626 );
#2151 = EDGE_LOOP( '', ( #5627, #5628, #5629, #5630 ) );
#2152 = AXIS2_PLACEMENT_3D( '', #5631, #5632, #5633 );
#2153 = EDGE_LOOP( '', ( #5634, #5635, #5636, #5637 ) );
#2154 = AXIS2_PLACEMENT_3D( '', #5638, #5639, #5640 );
#2155 = EDGE_LOOP( '', ( #5641, #5642, #5643, #5644 ) );
#2156 = AXIS2_PLACEMENT_3D( '', #5645, #5646, #5647 );
#2157 = EDGE_LOOP( '', ( #5648, #5649, #5650, #5651 ) );
#2158 = AXIS2_PLACEMENT_3D( '', #5652, #5653, #5654 );
#2159 = EDGE_LOOP( '', ( #5655, #5656, #5657, #5658 ) );
#2160 = AXIS2_PLACEMENT_3D( '', #5659, #5660, #5661 );
#2161 = EDGE_LOOP( '', ( #5662, #5663, #5664, #5665 ) );
#2162 = AXIS2_PLACEMENT_3D( '', #5666, #5667, #5668 );
#2163 = EDGE_LOOP( '', ( #5669, #5670, #5671, #5672 ) );
#2164 = AXIS2_PLACEMENT_3D( '', #5673, #5674, #5675 );
#2165 = EDGE_LOOP( '', ( #5676, #5677, #5678, #5679 ) );
#2166 = AXIS2_PLACEMENT_3D( '', #5680, #5681, #5682 );
#2167 = EDGE_LOOP( '', ( #5683, #5684, #5685, #5686 ) );
#2168 = AXIS2_PLACEMENT_3D( '', #5687, #5688, #5689 );
#2169 = EDGE_LOOP( '', ( #5690, #5691, #5692, #5693 ) );
#2170 = AXIS2_PLACEMENT_3D( '', #5694, #5695, #5696 );
#2171 = EDGE_LOOP( '', ( #5697, #5698, #5699, #5700 ) );
#2172 = AXIS2_PLACEMENT_3D( '', #5701, #5702, #5703 );
#2173 = EDGE_LOOP( '', ( #5704, #5705, #5706, #5707 ) );
#2174 = AXIS2_PLACEMENT_3D( '', #5708, #5709, #5710 );
#2175 = EDGE_LOOP( '', ( #5711, #5712, #5713, #5714 ) );
#2176 = AXIS2_PLACEMENT_3D( '', #5715, #5716, #5717 );
#2177 = EDGE_LOOP( '', ( #5718, #5719, #5720, #5721 ) );
#2178 = AXIS2_PLACEMENT_3D( '', #5722, #5723, #5724 );
#2179 = EDGE_LOOP( '', ( #5725, #5726, #5727, #5728 ) );
#2180 = AXIS2_PLACEMENT_3D( '', #5729, #5730, #5731 );
#2181 = EDGE_LOOP( '', ( #5732, #5733, #5734, #5735 ) );
#2182 = AXIS2_PLACEMENT_3D( '', #5736, #5737, #5738 );
#2183 = EDGE_LOOP( '', ( #5739, #5740, #5741, #5742 ) );
#2184 = AXIS2_PLACEMENT_3D( '', #5743, #5744, #5745 );
#2185 = EDGE_LOOP( '', ( #5746, #5747, #5748, #5749 ) );
#2186 = AXIS2_PLACEMENT_3D( '', #5750, #5751, #5752 );
#2187 = EDGE_LOOP( '', ( #5753, #5754, #5755, #5756 ) );
#2188 = AXIS2_PLACEMENT_3D( '', #5757, #5758, #5759 );
#2189 = EDGE_LOOP( '', ( #5760, #5761, #5762, #5763 ) );
#2190 = AXIS2_PLACEMENT_3D( '', #5764, #5765, #5766 );
#2191 = EDGE_LOOP( '', ( #5767, #5768, #5769, #5770 ) );
#2192 = AXIS2_PLACEMENT_3D( '', #5771, #5772, #5773 );
#2193 = EDGE_LOOP( '', ( #5774, #5775, #5776, #5777 ) );
#2194 = AXIS2_PLACEMENT_3D( '', #5778, #5779, #5780 );
#2195 = EDGE_LOOP( '', ( #5781, #5782, #5783, #5784 ) );
#2196 = AXIS2_PLACEMENT_3D( '', #5785, #5786, #5787 );
#2197 = EDGE_LOOP( '', ( #5788, #5789, #5790, #5791 ) );
#2198 = AXIS2_PLACEMENT_3D( '', #5792, #5793, #5794 );
#2199 = EDGE_LOOP( '', ( #5795, #5796, #5797, #5798 ) );
#2200 = AXIS2_PLACEMENT_3D( '', #5799, #5800, #5801 );
#2201 = EDGE_LOOP( '', ( #5802, #5803, #5804, #5805 ) );
#2202 = AXIS2_PLACEMENT_3D( '', #5806, #5807, #5808 );
#2203 = EDGE_LOOP( '', ( #5809, #5810, #5811, #5812 ) );
#2204 = AXIS2_PLACEMENT_3D( '', #5813, #5814, #5815 );
#2205 = EDGE_LOOP( '', ( #5816, #5817, #5818, #5819 ) );
#2206 = AXIS2_PLACEMENT_3D( '', #5820, #5821, #5822 );
#2207 = EDGE_LOOP( '', ( #5823, #5824, #5825, #5826 ) );
#2208 = AXIS2_PLACEMENT_3D( '', #5827, #5828, #5829 );
#2209 = EDGE_LOOP( '', ( #5830, #5831, #5832, #5833 ) );
#2210 = AXIS2_PLACEMENT_3D( '', #5834, #5835, #5836 );
#2211 = EDGE_LOOP( '', ( #5837, #5838, #5839, #5840 ) );
#2212 = AXIS2_PLACEMENT_3D( '', #5841, #5842, #5843 );
#2213 = EDGE_LOOP( '', ( #5844, #5845, #5846, #5847 ) );
#2214 = AXIS2_PLACEMENT_3D( '', #5848, #5849, #5850 );
#2215 = EDGE_LOOP( '', ( #5851, #5852, #5853, #5854 ) );
#2216 = AXIS2_PLACEMENT_3D( '', #5855, #5856, #5857 );
#2217 = ORIENTED_EDGE( '', *, *, #5858, .T. );
#2218 = ORIENTED_EDGE( '', *, *, #5859, .F. );
#2219 = ORIENTED_EDGE( '', *, *, #5860, .T. );
#2220 = ORIENTED_EDGE( '', *, *, #5861, .T. );
#2221 = CARTESIAN_POINT( '', ( 47.7000000000000, 64.3148881966687, -4.41250000000000 ) );
#2222 = DIRECTION( '', ( 0.000000000000000, 0.000000000000000, -1.00000000000000 ) );
#2223 = DIRECTION( '', ( -1.00000000000000, 0.000000000000000, 0.000000000000000 ) );
#2224 = ORIENTED_EDGE( '', *, *, #5862, .T. );
#2225 = ORIENTED_EDGE( '', *, *, #5861, .F. );
#2226 = ORIENTED_EDGE( '', *, *, #5863, .T. );
#2227 = ORIENTED_EDGE( '', *, *, #5864, .T. );
#2228 = CARTESIAN_POINT( '', ( 47.7000000000000, 47.4242010343875, -7.41250000000000 ) );
#2229 = DIRECTION( '', ( 1.00000000000000, -0.000000000000000, -0.000000000000000 ) );
#2230 = DIRECTION( '', ( 0.000000000000000, 0.000000000000000, 1.00000000000000 ) );
#2231 = ORIENTED_EDGE( '', *, *, #5865, .T. );
#2232 = ORIENTED_EDGE( '', *, *, #5866, .F. );
#2233 = ORIENTED_EDGE( '', *, *, #5867, .T. );
#2234 = ORIENTED_EDGE( '', *, *, #5859, .T. );
#2235 = CARTESIAN_POINT( '', ( 47.7000000000000, 64.3148881966687, -9.41250000000000 ) );
#2236 = DIRECTION( '', ( 1.00000000000000, -0.000000000000000, -0.000000000000000 ) );
#2237 = DIRECTION( '', ( 0.000000000000000, 0.000000000000000, 1.00000000000000 ) );
#2238 = ORIENTED_EDGE( '', *, *, #5868, .F. );
#2239 = ORIENTED_EDGE( '', *, *, #5865, .F. );
#2240 = ORIENTED_EDGE( '', *, *, #5858, .F. );
#2241 = ORIENTED_EDGE( '', *, *, #5862, .F. );
#2242 = ORIENTED_EDGE( '', *, *, #5869, .T. );
#2243 = ORIENTED_EDGE( '', *, *, #5870, .F. );
#2244 = ORIENTED_EDGE( '', *, *, #5871, .F. );
#2245 = ORIENTED_EDGE( '', *, *, #5872, .F. );
#2246 = ORIENTED_EDGE( '', *, *, #5873, .F. );
#2247 = ORIENTED_EDGE( '', *, *, #5874, .F. );
#2248 = ORIENTED_EDGE( '', *, *, #5875, .F. );
#2249 = ORIENTED_EDGE( '', *, *, #5876, .F. );
#2250 = ORIENTED_EDGE( '', *, *, #5877, .F. );
#2251 = ORIENTED_EDGE( '', *, *, #5878, .F. );
#2252 = ORIENTED_EDGE( '', *, *, #5879, .F. );
#2253 = ORIENTED_EDGE( '', *, *, #5880, .T. );
#2254 = ORIENTED_EDGE( '', *, *, #5881, .F. );
#2255 = ORIENTED_EDGE( '', *, *, #5882, .T. );
#2256 = ORIENTED_EDGE( '', *, *, #5883, .F. );
#2257 = ORIENTED_EDGE( '', *, *, #5884, .F. );
#2258 = ORIENTED_EDGE( '', *, *, #5885, .F. );
#2259 = ORIENTED_EDGE( '', *, *, #5886, .F. );
#2260 = ORIENTED_EDGE( '', *, *, #5887, .T. );
#2261 = ORIENTED_EDGE( '', *, *, #5888, .F. );
#2262 = ORIENTED_EDGE( '', *, *, #5889, .F. );
#2263 = ORIENTED_EDGE( '', *, *, #5890, .F. );
#2264 = ORIENTED_EDGE( '', *, *, #5891, .F. );
#2265 = ORIENTED_EDGE( '', *, *, #5892, .F. );
#2266 = ORIENTED_EDGE( '', *, *, #5893, .F. );
#2267 = ORIENTED_EDGE( '', *, *, #5894, .F. );
#2268 = ORIENTED_EDGE( '', *, *, #5895, .F. );
#2269 = ORIENTED_EDGE( '', *, *, #5896, .T. );
#2270 = ORIENTED_EDGE( '', *, *, #5897, .F. );
#2271 = ORIENTED_EDGE( '', *, *, #5898, .F. );
#2272 = ORIENTED_EDGE( '', *, *, #5899, .F. );
#2273 = ORIENTED_EDGE( '', *, *, #5900, .T. );
#2274 = ORIENTED_EDGE( '', *, *, #5901, .F. );
#2275 = ORIENTED_EDGE( '', *, *, #5902, .F. );
#2276 = ORIENTED_EDGE( '', *, *, #5903, .F. );
#2277 = ORIENTED_EDGE( '', *, *, #5904, .F. );
#2278 = ORIENTED_EDGE( '', *, *, #5905, .F. );
#2279 = ORIENTED_EDGE( '', *, *, #5906, .F. );
#2280 = CARTESIAN_POINT( '', ( 10.6000000000000, 40.0000000000000, 0.000000000000000 ) );
#2281 = DIRECTION( '', ( 1.00000000000000, 0.000000000000000, -0.000000000000000 ) );
#2282 = DIRECTION( '', ( -0.000000000000000, 0.000000000000000, -1.00000000000000 ) );
#2283 = ORIENTED_EDGE( '', *, *, #5907, .F. );
#2284 = ORIENTED_EDGE( '', *, *, #5867, .F. );
#2285 = ORIENTED_EDGE( '', *, *, #5908, .F. );
#2286 = ORIENTED_EDGE( '', *, *, #5909, .F. );
#2287 = ORIENTED_EDGE( '', *, *, #5910, .F. );
#2288 = ORIENTED_EDGE( '', *, *, #5911, .F. );
#2289 = ORIENTED_EDGE( '', *, *, #5912, .T. );
#2290 = ORIENTED_EDGE( '', *, *, #5863, .F. );
#2291 = ORIENTED_EDGE( '', *, *, #5860, .F. );
#2292 = ORIENTED_EDGE( '', *, *, #5913, .F. );
#2293 = ORIENTED_EDGE( '', *, *, #5914, .F. );
#2294 = ORIENTED_EDGE( '', *, *, #5915, .T. );
#2295 = ORIENTED_EDGE( '', *, *, #5916, .F. );
#2296 = ORIENTED_EDGE( '', *, *, #5917, .F. );
#2297 = ORIENTED_EDGE( '', *, *, #5918, .F. );
#2298 = ORIENTED_EDGE( '', *, *, #5919, .F. );
#2299 = ORIENTED_EDGE( '', *, *, #5920, .F. );
#2300 = ORIENTED_EDGE( '', *, *, #5921, .T. );
#2301 = ORIENTED_EDGE( '', *, *, #5922, .F. );
#2302 = ORIENTED_EDGE( '', *, *, #5923, .F. );
#2303 = ORIENTED_EDGE( '', *, *, #5924, .F. );
#2304 = ORIENTED_EDGE( '', *, *, #5925, .F. );
#2305 = ORIENTED_EDGE( '', *, *, #5926, .T. );
#2306 = ORIENTED_EDGE( '', *, *, #5927, .F. );
#2307 = ORIENTED_EDGE( '', *, *, #5928, .F. );
#2308 = ORIENTED_EDGE( '', *, *, #5929, .F. );
#2309 = ORIENTED_EDGE( '', *, *, #5930, .F. );
#2310 = ORIENTED_EDGE( '', *, *, #5931, .F. );
#2311 = ORIENTED_EDGE( '', *, *, #5932, .F. );
#2312 = ORIENTED_EDGE( '', *, *, #5933, .T. );
#2313 = ORIENTED_EDGE( '', *, *, #5934, .F. );
#2314 = ORIENTED_EDGE( '', *, *, #5935, .F. );
#2315 = ORIENTED_EDGE( '', *, *, #5936, .F. );
#2316 = ORIENTED_EDGE( '', *, *, #5937, .F. );
#2317 = ORIENTED_EDGE( '', *, *, #5938, .F. );
#2318 = ORIENTED_EDGE( '', *, *, #5939, .T. );
#2319 = ORIENTED_EDGE( '', *, *, #5940, .F. );
#2320 = ORIENTED_EDGE( '', *, *, #5941, .F. );
#2321 = ORIENTED_EDGE( '', *, *, #5942, .F. );
#2322 = ORIENTED_EDGE( '', *, *, #5943, .F. );
#2323 = ORIENTED_EDGE( '', *, *, #5944, .F. );
#2324 = ORIENTED_EDGE( '', *, *, #5945, .F. );
#2325 = CARTESIAN_POINT( '', ( 21.2000000000000, 75.0000000000000, 0.000000000000000 ) );
#2326 = DIRECTION( '', ( -1.00000000000000, 0.000000000000000, 0.000000000000000 ) );
#2327 = DIRECTION( '', ( 0.000000000000000, 0.000000000000000, 1.00000000000000 ) );
#2328 = ORIENTED_EDGE( '', *, *, #5882, .F. );
#2329 = ORIENTED_EDGE( '', *, *, #5946, .T. );
#2330 = CARTESIAN_POINT( '', ( 50.0000000000000, 0.000000000000000, 0.000000000000000 ) );
#2331 = DIRECTION( '', ( -1.00000000000000, -0.000000000000000, 0.000000000000000 ) );
#2332 = DIRECTION( '', ( -0.000000000000000, 0.000000000000000, -1.00000000000000 ) );
#2333 = ORIENTED_EDGE( '', *, *, #5947, .F. );
#2334 = ORIENTED_EDGE( '', *, *, #5868, .T. );
#2335 = CARTESIAN_POINT( '', ( 50.0000000000000, 0.000000000000000, 0.000000000000000 ) );
#2336 = DIRECTION( '', ( -1.00000000000000, -0.000000000000000, 0.000000000000000 ) );
#2337 = DIRECTION( '', ( -0.000000000000000, 0.000000000000000, -1.00000000000000 ) );
#2338 = ORIENTED_EDGE( '', *, *, #5946, .F. );
#2339 = ORIENTED_EDGE( '', *, *, #5948, .T. );
#2340 = CARTESIAN_POINT( '', ( 0.000000000000000, 0.000000000000000, 0.000000000000000 ) );
#2341 = DIRECTION( '', ( 1.00000000000000, 0.000000000000000, -0.000000000000000 ) );
#2342 = DIRECTION( '', ( -0.000000000000000, 0.000000000000000, -1.00000000000000 ) );
#2343 = ORIENTED_EDGE( '', *, *, #5949, .T. );
#2344 = ORIENTED_EDGE( '', *, *, #5948, .F. );
#2345 = CARTESIAN_POINT( '', ( 50.0000000000000, 0.000000000000000, 0.000000000000000 ) );
#2346 = DIRECTION( '', ( -1.00000000000000, -0.000000000000000, 0.000000000000000 ) );
#2347 = DIRECTION( '', ( -0.000000000000000, 0.000000000000000, -1.00000000000000 ) );
#2348 = ORIENTED_EDGE( '', *, *, #5883, .T. );
#2349 = ORIENTED_EDGE( '', *, *, #5950, .F. );
#2350 = ORIENTED_EDGE( '', *, *, #5922, .T. );
#2351 = ORIENTED_EDGE( '', *, *, #5951, .T. );
#2352 = CARTESIAN_POINT( '', ( 47.7000000000000, -6.93889390390723E-14, -1.73472347597681E-14 ) );
#2353 = DIRECTION( '', ( 1.00000000000000, -0.000000000000000, -0.000000000000000 ) );
#2354 = DIRECTION( '', ( 0.000000000000000, 0.000000000000000, 1.00000000000000 ) );
#2355 = ORIENTED_EDGE( '', *, *, #5952, .F. );
#2356 = ORIENTED_EDGE( '', *, *, #5953, .T. );
#2357 = CARTESIAN_POINT( '', ( 50.0000000000000, 0.000000000000000, 0.000000000000000 ) );
#2358 = DIRECTION( '', ( -1.00000000000000, -0.000000000000000, 0.000000000000000 ) );
#2359 = DIRECTION( '', ( -0.000000000000000, 0.000000000000000, -1.00000000000000 ) );
#2360 = ORIENTED_EDGE( '', *, *, #5954, .T. );
#2361 = ORIENTED_EDGE( '', *, *, #5955, .F. );
#2362 = CARTESIAN_POINT( '', ( 368.000000000000, 0.000000000000000, 0.000000000000000 ) );
#2363 = DIRECTION( '', ( -1.00000000000000, -0.000000000000000, 0.000000000000000 ) );
#2364 = DIRECTION( '', ( -0.000000000000000, 0.000000000000000, -1.00000000000000 ) );
#2365 = ORIENTED_EDGE( '', *, *, #5955, .T. );
#2366 = ORIENTED_EDGE( '', *, *, #5956, .F. );
#2367 = CARTESIAN_POINT( '', ( 31.7500000000000, 0.000000000000000, 0.000000000000000 ) );
#2368 = DIRECTION( '', ( 1.00000000000000, -0.000000000000000, -0.000000000000000 ) );
#2369 = DIRECTION( '', ( -0.000000000000000, 0.000000000000000, -1.00000000000000 ) );
#2370 = ORIENTED_EDGE( '', *, *, #5956, .T. );
#2371 = ORIENTED_EDGE( '', *, *, #5953, .F. );
#2372 = CARTESIAN_POINT( '', ( 31.7500000000000, 82.4999999999999, 0.000000000000000 ) );
#2373 = DIRECTION( '', ( 1.00000000000000, 0.000000000000000, -0.000000000000000 ) );
#2374 = DIRECTION( '', ( -0.000000000000000, 0.000000000000000, -1.00000000000000 ) );
#2375 = ORIENTED_EDGE( '', *, *, #5957, .F. );
#2376 = ORIENTED_EDGE( '', *, *, #5958, .F. );
#2377 = ORIENTED_EDGE( '', *, *, #5959, .F. );
#2378 = ORIENTED_EDGE( '', *, *, #5960, .T. );
#2379 = ORIENTED_EDGE( '', *, *, #5961, .T. );
#2380 = ORIENTED_EDGE( '', *, *, #5962, .T. );
#2381 = ORIENTED_EDGE( '', *, *, #5963, .F. );
#2382 = ORIENTED_EDGE( '', *, *, #5964, .F. );
#2383 = ORIENTED_EDGE( '', *, *, #5965, .F. );
#2384 = ORIENTED_EDGE( '', *, *, #5966, .F. );
#2385 = ORIENTED_EDGE( '', *, *, #5967, .F. );
#2386 = ORIENTED_EDGE( '', *, *, #5968, .T. );
#2387 = ORIENTED_EDGE( '', *, *, #5969, .T. );
#2388 = ORIENTED_EDGE( '', *, *, #5970, .T. );
#2389 = ORIENTED_EDGE( '', *, *, #5971, .F. );
#2390 = ORIENTED_EDGE( '', *, *, #5972, .F. );
#2391 = ORIENTED_EDGE( '', *, *, #5973, .F. );
#2392 = ORIENTED_EDGE( '', *, *, #5974, .F. );
#2393 = ORIENTED_EDGE( '', *, *, #5975, .F. );
#2394 = ORIENTED_EDGE( '', *, *, #5976, .T. );
#2395 = ORIENTED_EDGE( '', *, *, #5977, .T. );
#2396 = ORIENTED_EDGE( '', *, *, #5978, .T. );
#2397 = ORIENTED_EDGE( '', *, *, #5979, .F. );
#2398 = ORIENTED_EDGE( '', *, *, #5980, .F. );
#2399 = ORIENTED_EDGE( '', *, *, #5981, .F. );
#2400 = ORIENTED_EDGE( '', *, *, #5982, .F. );
#2401 = ORIENTED_EDGE( '', *, *, #5983, .F. );
#2402 = ORIENTED_EDGE( '', *, *, #5984, .T. );
#2403 = ORIENTED_EDGE( '', *, *, #5985, .T. );
#2404 = ORIENTED_EDGE( '', *, *, #5986, .T. );
#2405 = ORIENTED_EDGE( '', *, *, #5987, .F. );
#2406 = ORIENTED_EDGE( '', *, *, #5988, .F. );
#2407 = ORIENTED_EDGE( '', *, *, #5989, .F. );
#2408 = ORIENTED_EDGE( '', *, *, #5990, .F. );
#2409 = ORIENTED_EDGE( '', *, *, #5991, .F. );
#2410 = ORIENTED_EDGE( '', *, *, #5992, .T. );
#2411 = ORIENTED_EDGE( '', *, *, #5993, .T. );
#2412 = ORIENTED_EDGE( '', *, *, #5994, .T. );
#2413 = ORIENTED_EDGE( '', *, *, #5995, .F. );
#2414 = ORIENTED_EDGE( '', *, *, #5996, .F. );
#2415 = ORIENTED_EDGE( '', *, *, #5997, .F. );
#2416 = ORIENTED_EDGE( '', *, *, #5998, .F. );
#2417 = ORIENTED_EDGE( '', *, *, #5999, .F. );
#2418 = ORIENTED_EDGE( '', *, *, #6000, .T. );
#2419 = ORIENTED_EDGE( '', *, *, #6001, .T. );
#2420 = ORIENTED_EDGE( '', *, *, #6002, .T. );
#2421 = ORIENTED_EDGE( '', *, *, #6003, .F. );
#2422 = ORIENTED_EDGE( '', *, *, #6004, .F. );
#2423 = ORIENTED_EDGE( '', *, *, #6005, .F. );
#2424 = ORIENTED_EDGE( '', *, *, #6006, .F. );
#2425 = ORIENTED_EDGE( '', *, *, #6007, .F. );
#2426 = ORIENTED_EDGE( '', *, *, #6008, .T. );
#2427 = ORIENTED_EDGE( '', *, *, #6009, .T. );
#2428 = ORIENTED_EDGE( '', *, *, #6010, .T. );
#2429 = ORIENTED_EDGE( '', *, *, #6011, .F. );
#2430 = ORIENTED_EDGE( '', *, *, #6012, .F. );
#2431 = ORIENTED_EDGE( '', *, *, #6013, .F. );
#2432 = ORIENTED_EDGE( '', *, *, #6014, .F. );
#2433 = ORIENTED_EDGE( '', *, *, #6015, .F. );
#2434 = ORIENTED_EDGE( '', *, *, #6016, .T. );
#2435 = ORIENTED_EDGE( '', *, *, #6017, .T. );
#2436 = ORIENTED_EDGE( '', *, *, #6018, .T. );
#2437 = ORIENTED_EDGE( '', *, *, #6019, .F. );
#2438 = ORIENTED_EDGE( '', *, *, #6020, .F. );
#2439 = ORIENTED_EDGE( '', *, *, #6021, .F. );
#2440 = ORIENTED_EDGE( '', *, *, #6022, .F. );
#2441 = ORIENTED_EDGE( '', *, *, #6023, .F. );
#2442 = ORIENTED_EDGE( '', *, *, #6024, .T. );
#2443 = ORIENTED_EDGE( '', *, *, #6025, .T. );
#2444 = ORIENTED_EDGE( '', *, *, #6026, .T. );
#2445 = ORIENTED_EDGE( '', *, *, #6027, .F. );
#2446 = ORIENTED_EDGE( '', *, *, #6028, .F. );
#2447 = ORIENTED_EDGE( '', *, *, #6029, .F. );
#2448 = ORIENTED_EDGE( '', *, *, #6030, .F. );
#2449 = ORIENTED_EDGE( '', *, *, #6031, .F. );
#2450 = ORIENTED_EDGE( '', *, *, #6032, .T. );
#2451 = ORIENTED_EDGE( '', *, *, #6033, .T. );
#2452 = ORIENTED_EDGE( '', *, *, #6034, .T. );
#2453 = ORIENTED_EDGE( '', *, *, #6035, .F. );
#2454 = ORIENTED_EDGE( '', *, *, #6036, .F. );
#2455 = ORIENTED_EDGE( '', *, *, #6037, .F. );
#2456 = ORIENTED_EDGE( '', *, *, #6038, .F. );
#2457 = ORIENTED_EDGE( '', *, *, #6039, .F. );
#2458 = ORIENTED_EDGE( '', *, *, #6040, .T. );
#2459 = ORIENTED_EDGE( '', *, *, #6041, .T. );
#2460 = ORIENTED_EDGE( '', *, *, #6042, .T. );
#2461 = ORIENTED_EDGE( '', *, *, #6043, .F. );
#2462 = ORIENTED_EDGE( '', *, *, #6044, .F. );
#2463 = ORIENTED_EDGE( '', *, *, #6045, .F. );
#2464 = ORIENTED_EDGE( '', *, *, #6046, .F. );
#2465 = ORIENTED_EDGE( '', *, *, #6047, .F. );
#2466 = ORIENTED_EDGE( '', *, *, #6048, .T. );
#2467 = ORIENTED_EDGE( '', *, *, #6049, .T. );
#2468 = ORIENTED_EDGE( '', *, *, #6050, .T. );
#2469 = ORIENTED_EDGE( '', *, *, #6051, .F. );
#2470 = ORIENTED_EDGE( '', *, *, #6052, .F. );
#2471 = ORIENTED_EDGE( '', *, *, #6053, .F. );
#2472 = ORIENTED_EDGE( '', *, *, #6054, .F. );
#2473 = ORIENTED_EDGE( '', *, *, #6055, .F. );
#2474 = ORIENTED_EDGE( '', *, *, #6056, .T. );
#2475 = ORIENTED_EDGE( '', *, *, #6057, .T. );
#2476 = ORIENTED_EDGE( '', *, *, #6058, .T. );
#2477 = ORIENTED_EDGE( '', *, *, #6059, .F. );
#2478 = ORIENTED_EDGE( '', *, *, #6060, .F. );
#2479 = ORIENTED_EDGE( '', *, *, #6061, .F. );
#2480 = ORIENTED_EDGE( '', *, *, #6062, .F. );
#2481 = ORIENTED_EDGE( '', *, *, #6063, .F. );
#2482 = ORIENTED_EDGE( '', *, *, #6064, .T. );
#2483 = ORIENTED_EDGE( '', *, *, #6065, .T. );
#2484 = ORIENTED_EDGE( '', *, *, #6066, .T. );
#2485 = ORIENTED_EDGE( '', *, *, #6067, .F. );
#2486 = ORIENTED_EDGE( '', *, *, #6068, .F. );
#2487 = ORIENTED_EDGE( '', *, *, #6069, .F. );
#2488 = ORIENTED_EDGE( '', *, *, #6070, .F. );
#2489 = ORIENTED_EDGE( '', *, *, #6071, .F. );
#2490 = ORIENTED_EDGE( '', *, *, #6072, .T. );
#2491 = ORIENTED_EDGE( '', *, *, #6073, .T. );
#2492 = ORIENTED_EDGE( '', *, *, #6074, .T. );
#2493 = ORIENTED_EDGE( '', *, *, #6075, .F. );
#2494 = ORIENTED_EDGE( '', *, *, #6076, .F. );
#2495 = ORIENTED_EDGE( '', *, *, #6077, .F. );
#2496 = ORIENTED_EDGE( '', *, *, #6078, .F. );
#2497 = ORIENTED_EDGE( '', *, *, #6079, .F. );
#2498 = ORIENTED_EDGE( '', *, *, #6080, .T. );
#2499 = ORIENTED_EDGE( '', *, *, #6081, .T. );
#2500 = ORIENTED_EDGE( '', *, *, #6082, .T. );
#2501 = ORIENTED_EDGE( '', *, *, #6083, .F. );
#2502 = ORIENTED_EDGE( '', *, *, #6084, .F. );
#2503 = ORIENTED_EDGE( '', *, *, #6085, .F. );
#2504 = ORIENTED_EDGE( '', *, *, #6086, .F. );
#2505 = ORIENTED_EDGE( '', *, *, #6087, .F. );
#2506 = ORIENTED_EDGE( '', *, *, #6088, .T. );
#2507 = ORIENTED_EDGE( '', *, *, #6089, .T. );
#2508 = ORIENTED_EDGE( '', *, *, #6090, .T. );
#2509 = ORIENTED_EDGE( '', *, *, #6091, .F. );
#2510 = ORIENTED_EDGE( '', *, *, #6092, .F. );
#2511 = ORIENTED_EDGE( '', *, *, #6093, .F. );
#2512 = ORIENTED_EDGE( '', *, *, #6094, .F. );
#2513 = ORIENTED_EDGE( '', *, *, #6095, .F. );
#2514 = ORIENTED_EDGE( '', *, *, #6096, .T. );
#2515 = ORIENTED_EDGE( '', *, *, #6097, .T. );
#2516 = ORIENTED_EDGE( '', *, *, #6098, .T. );
#2517 = ORIENTED_EDGE( '', *, *, #6099, .F. );
#2518 = ORIENTED_EDGE( '', *, *, #6100, .F. );
#2519 = ORIENTED_EDGE( '', *, *, #6101, .F. );
#2520 = ORIENTED_EDGE( '', *, *, #6102, .F. );
#2521 = ORIENTED_EDGE( '', *, *, #6103, .F. );
#2522 = ORIENTED_EDGE( '', *, *, #6104, .T. );
#2523 = ORIENTED_EDGE( '', *, *, #6105, .T. );
#2524 = ORIENTED_EDGE( '', *, *, #6106, .T. );
#2525 = ORIENTED_EDGE( '', *, *, #6107, .F. );
#2526 = ORIENTED_EDGE( '', *, *, #6108, .F. );
#2527 = ORIENTED_EDGE( '', *, *, #6109, .F. );
#2528 = ORIENTED_EDGE( '', *, *, #6110, .F. );
#2529 = ORIENTED_EDGE( '', *, *, #6111, .F. );
#2530 = ORIENTED_EDGE( '', *, *, #6112, .T. );
#2531 = ORIENTED_EDGE( '', *, *, #6113, .T. );
#2532 = ORIENTED_EDGE( '', *, *, #6114, .T. );
#2533 = ORIENTED_EDGE( '', *, *, #6115, .F. );
#2534 = ORIENTED_EDGE( '', *, *, #6116, .F. );
#2535 = ORIENTED_EDGE( '', *, *, #6117, .F. );
#2536 = ORIENTED_EDGE( '', *, *, #6118, .F. );
#2537 = ORIENTED_EDGE( '', *, *, #6119, .F. );
#2538 = ORIENTED_EDGE( '', *, *, #6120, .T. );
#2539 = ORIENTED_EDGE( '', *, *, #6121, .T. );
#2540 = ORIENTED_EDGE( '', *, *, #6122, .T. );
#2541 = ORIENTED_EDGE( '', *, *, #6123, .F. );
#2542 = ORIENTED_EDGE( '', *, *, #6124, .F. );
#2543 = ORIENTED_EDGE( '', *, *, #6125, .F. );
#2544 = ORIENTED_EDGE( '', *, *, #6126, .F. );
#2545 = ORIENTED_EDGE( '', *, *, #6127, .F. );
#2546 = ORIENTED_EDGE( '', *, *, #6128, .T. );
#2547 = ORIENTED_EDGE( '', *, *, #6129, .T. );
#2548 = ORIENTED_EDGE( '', *, *, #6130, .T. );
#2549 = ORIENTED_EDGE( '', *, *, #6131, .F. );
#2550 = ORIENTED_EDGE( '', *, *, #6132, .F. );
#2551 = ORIENTED_EDGE( '', *, *, #6133, .F. );
#2552 = ORIENTED_EDGE( '', *, *, #6134, .F. );
#2553 = ORIENTED_EDGE( '', *, *, #6135, .F. );
#2554 = ORIENTED_EDGE( '', *, *, #6136, .T. );
#2555 = ORIENTED_EDGE( '', *, *, #6137, .T. );
#2556 = ORIENTED_EDGE( '', *, *, #6138, .T. );
#2557 = ORIENTED_EDGE( '', *, *, #6139, .F. );
#2558 = ORIENTED_EDGE( '', *, *, #6140, .F. );
#2559 = ORIENTED_EDGE( '', *, *, #6141, .F. );
#2560 = ORIENTED_EDGE( '', *, *, #6142, .F. );
#2561 = ORIENTED_EDGE( '', *, *, #6143, .F. );
#2562 = ORIENTED_EDGE( '', *, *, #6144, .T. );
#2563 = ORIENTED_EDGE( '', *, *, #6145, .T. );
#2564 = ORIENTED_EDGE( '', *, *, #6146, .T. );
#2565 = ORIENTED_EDGE( '', *, *, #6147, .F. );
#2566 = ORIENTED_EDGE( '', *, *, #6148, .F. );
#2567 = ORIENTED_EDGE( '', *, *, #6149, .F. );
#2568 = ORIENTED_EDGE( '', *, *, #6150, .F. );
#2569 = ORIENTED_EDGE( '', *, *, #6151, .F. );
#2570 = ORIENTED_EDGE( '', *, *, #6152, .T. );
#2571 = ORIENTED_EDGE( '', *, *, #6153, .T. );
#2572 = ORIENTED_EDGE( '', *, *, #6154, .T. );
#2573 = ORIENTED_EDGE( '', *, *, #6155, .F. );
#2574 = ORIENTED_EDGE( '', *, *, #6156, .F. );
#2575 = ORIENTED_EDGE( '', *, *, #6157, .F. );
#2576 = ORIENTED_EDGE( '', *, *, #6158, .F. );
#2577 = ORIENTED_EDGE( '', *, *, #6159, .F. );
#2578 = ORIENTED_EDGE( '', *, *, #6160, .T. );
#2579 = ORIENTED_EDGE( '', *, *, #6161, .T. );
#2580 = ORIENTED_EDGE( '', *, *, #6162, .T. );
#2581 = ORIENTED_EDGE( '', *, *, #6163, .F. );
#2582 = ORIENTED_EDGE( '', *, *, #6164, .F. );
#2583 = ORIENTED_EDGE( '', *, *, #6165, .F. );
#2584 = ORIENTED_EDGE( '', *, *, #6166, .F. );
#2585 = ORIENTED_EDGE( '', *, *, #6167, .F. );
#2586 = ORIENTED_EDGE( '', *, *, #6168, .T. );
#2587 = ORIENTED_EDGE( '', *, *, #6169, .T. );
#2588 = ORIENTED_EDGE( '', *, *, #6170, .T. );
#2589 = ORIENTED_EDGE( '', *, *, #6171, .F. );
#2590 = ORIENTED_EDGE( '', *, *, #6172, .F. );
#2591 = ORIENTED_EDGE( '', *, *, #6173, .F. );
#2592 = ORIENTED_EDGE( '', *, *, #6174, .F. );
#2593 = ORIENTED_EDGE( '', *, *, #6175, .F. );
#2594 = ORIENTED_EDGE( '', *, *, #6176, .T. );
#2595 = ORIENTED_EDGE( '', *, *, #6177, .T. );
#2596 = ORIENTED_EDGE( '', *, *, #6178, .T. );
#2597 = ORIENTED_EDGE( '', *, *, #6179, .F. );
#2598 = ORIENTED_EDGE( '', *, *, #6180, .F. );
#2599 = ORIENTED_EDGE( '', *, *, #6181, .F. );
#2600 = ORIENTED_EDGE( '', *, *, #6182, .F. );
#2601 = ORIENTED_EDGE( '', *, *, #6183, .F. );
#2602 = ORIENTED_EDGE( '', *, *, #6184, .T. );
#2603 = ORIENTED_EDGE( '', *, *, #6185, .T. );
#2604 = ORIENTED_EDGE( '', *, *, #6186, .T. );
#2605 = ORIENTED_EDGE( '', *, *, #6187, .F. );
#2606 = ORIENTED_EDGE( '', *, *, #6188, .F. );
#2607 = ORIENTED_EDGE( '', *, *, #6189, .F. );
#2608 = ORIENTED_EDGE( '', *, *, #6190, .F. );
#2609 = ORIENTED_EDGE( '', *, *, #6191, .F. );
#2610 = ORIENTED_EDGE( '', *, *, #6192, .T. );
#2611 = ORIENTED_EDGE( '', *, *, #6193, .T. );
#2612 = ORIENTED_EDGE( '', *, *, #6194, .T. );
#2613 = ORIENTED_EDGE( '', *, *, #6195, .F. );
#2614 = ORIENTED_EDGE( '', *, *, #6196, .F. );
#2615 = ORIENTED_EDGE( '', *, *, #6197, .F. );
#2616 = ORIENTED_EDGE( '', *, *, #6198, .F. );
#2617 = ORIENTED_EDGE( '', *, *, #6199, .F. );
#2618 = ORIENTED_EDGE( '', *, *, #6200, .T. );
#2619 = ORIENTED_EDGE( '', *, *, #6201, .T. );
#2620 = ORIENTED_EDGE( '', *, *, #6202, .T. );
#2621 = ORIENTED_EDGE( '', *, *, #6203, .F. );
#2622 = ORIENTED_EDGE( '', *, *, #6204, .F. );
#2623 = ORIENTED_EDGE( '', *, *, #6205, .F. );
#2624 = ORIENTED_EDGE( '', *, *, #6206, .F. );
#2625 = ORIENTED_EDGE( '', *, *, #6207, .F. );
#2626 = ORIENTED_EDGE( '', *, *, #6208, .T. );
#2627 = ORIENTED_EDGE( '', *, *, #6209, .T. );
#2628 = ORIENTED_EDGE( '', *, *, #6210, .T. );
#2629 = ORIENTED_EDGE( '', *, *, #6211, .F. );
#2630 = ORIENTED_EDGE( '', *, *, #6212, .F. );
#2631 = ORIENTED_EDGE( '', *, *, #6213, .F. );
#2632 = ORIENTED_EDGE( '', *, *, #6214, .F. );
#2633 = ORIENTED_EDGE( '', *, *, #6215, .F. );
#2634 = ORIENTED_EDGE( '', *, *, #6216, .T. );
#2635 = ORIENTED_EDGE( '', *, *, #6217, .T. );
#2636 = ORIENTED_EDGE( '', *, *, #6218, .T. );
#2637 = ORIENTED_EDGE( '', *, *, #6219, .F. );
#2638 = ORIENTED_EDGE( '', *, *, #6220, .F. );
#2639 = ORIENTED_EDGE( '', *, *, #6221, .F. );
#2640 = ORIENTED_EDGE( '', *, *, #6222, .F. );
#2641 = ORIENTED_EDGE( '', *, *, #6223, .F. );
#2642 = ORIENTED_EDGE( '', *, *, #6224, .T. );
#2643 = ORIENTED_EDGE( '', *, *, #6225, .T. );
#2644 = ORIENTED_EDGE( '', *, *, #6226, .T. );
#2645 = ORIENTED_EDGE( '', *, *, #6227, .F. );
#2646 = ORIENTED_EDGE( '', *, *, #6228, .F. );
#2647 = ORIENTED_EDGE( '', *, *, #6229, .F. );
#2648 = ORIENTED_EDGE( '', *, *, #6230, .F. );
#2649 = ORIENTED_EDGE( '', *, *, #6231, .F. );
#2650 = ORIENTED_EDGE( '', *, *, #6232, .T. );
#2651 = ORIENTED_EDGE( '', *, *, #6233, .T. );
#2652 = ORIENTED_EDGE( '', *, *, #6234, .T. );
#2653 = ORIENTED_EDGE( '', *, *, #6235, .F. );
#2654 = ORIENTED_EDGE( '', *, *, #6236, .F. );
#2655 = ORIENTED_EDGE( '', *, *, #6237, .F. );
#2656 = ORIENTED_EDGE( '', *, *, #6238, .F. );
#2657 = ORIENTED_EDGE( '', *, *, #6239, .F. );
#2658 = ORIENTED_EDGE( '', *, *, #6240, .T. );
#2659 = ORIENTED_EDGE( '', *, *, #6241, .T. );
#2660 = ORIENTED_EDGE( '', *, *, #6242, .T. );
#2661 = ORIENTED_EDGE( '', *, *, #6243, .F. );
#2662 = ORIENTED_EDGE( '', *, *, #6244, .F. );
#2663 = ORIENTED_EDGE( '', *, *, #6245, .F. );
#2664 = ORIENTED_EDGE( '', *, *, #6246, .F. );
#2665 = ORIENTED_EDGE( '', *, *, #6247, .F. );
#2666 = ORIENTED_EDGE( '', *, *, #6248, .T. );
#2667 = ORIENTED_EDGE( '', *, *, #6249, .T. );
#2668 = ORIENTED_EDGE( '', *, *, #6250, .T. );
#2669 = ORIENTED_EDGE( '', *, *, #6251, .F. );
#2670 = ORIENTED_EDGE( '', *, *, #6252, .F. );
#2671 = ORIENTED_EDGE( '', *, *, #6253, .F. );
#2672 = ORIENTED_EDGE( '', *, *, #6254, .F. );
#2673 = ORIENTED_EDGE( '', *, *, #6255, .F. );
#2674 = ORIENTED_EDGE( '', *, *, #6256, .T. );
#2675 = ORIENTED_EDGE( '', *, *, #6257, .T. );
#2676 = ORIENTED_EDGE( '', *, *, #6258, .T. );
#2677 = ORIENTED_EDGE( '', *, *, #6259, .F. );
#2678 = ORIENTED_EDGE( '', *, *, #6260, .F. );
#2679 = ORIENTED_EDGE( '', *, *, #6261, .F. );
#2680 = ORIENTED_EDGE( '', *, *, #6262, .F. );
#2681 = ORIENTED_EDGE( '', *, *, #6263, .F. );
#2682 = ORIENTED_EDGE( '', *, *, #6264, .T. );
#2683 = ORIENTED_EDGE( '', *, *, #6265, .T. );
#2684 = ORIENTED_EDGE( '', *, *, #6266, .T. );
#2685 = ORIENTED_EDGE( '', *, *, #6267, .F. );
#2686 = ORIENTED_EDGE( '', *, *, #6268, .F. );
#2687 = ORIENTED_EDGE( '', *, *, #6269, .F. );
#2688 = ORIENTED_EDGE( '', *, *, #6270, .F. );
#2689 = ORIENTED_EDGE( '', *, *, #6271, .F. );
#2690 = ORIENTED_EDGE( '', *, *, #6272, .T. );
#2691 = ORIENTED_EDGE( '', *, *, #6273, .T. );
#2692 = ORIENTED_EDGE( '', *, *, #6274, .T. );
#2693 = ORIENTED_EDGE( '', *, *, #6275, .F. );
#2694 = ORIENTED_EDGE( '', *, *, #6276, .F. );
#2695 = ORIENTED_EDGE( '', *, *, #6277, .F. );
#2696 = ORIENTED_EDGE( '', *, *, #6278, .F. );
#2697 = ORIENTED_EDGE( '', *, *, #6279, .F. );
#2698 = ORIENTED_EDGE( '', *, *, #6280, .T. );
#2699 = ORIENTED_EDGE( '', *, *, #6281, .T. );
#2700 = ORIENTED_EDGE( '', *, *, #6282, .T. );
#2701 = ORIENTED_EDGE( '', *, *, #6283, .F. );
#2702 = ORIENTED_EDGE( '', *, *, #6284, .F. );
#2703 = ORIENTED_EDGE( '', *, *, #6285, .F. );
#2704 = ORIENTED_EDGE( '', *, *, #6286, .F. );
#2705 = ORIENTED_EDGE( '', *, *, #6287, .F. );
#2706 = ORIENTED_EDGE( '', *, *, #6288, .T. );
#2707 = ORIENTED_EDGE( '', *, *, #6289, .T. );
#2708 = ORIENTED_EDGE( '', *, *, #6290, .T. );
#2709 = ORIENTED_EDGE( '', *, *, #6291, .F. );
#2710 = ORIENTED_EDGE( '', *, *, #6292, .F. );
#2711 = ORIENTED_EDGE( '', *, *, #6293, .F. );
#2712 = ORIENTED_EDGE( '', *, *, #6294, .F. );
#2713 = ORIENTED_EDGE( '', *, *, #6295, .F. );
#2714 = ORIENTED_EDGE( '', *, *, #6296, .T. );
#2715 = ORIENTED_EDGE( '', *, *, #6297, .T. );
#2716 = ORIENTED_EDGE( '', *, *, #6298, .T. );
#2717 = ORIENTED_EDGE( '', *, *, #6299, .F. );
#2718 = ORIENTED_EDGE( '', *, *, #6300, .F. );
#2719 = ORIENTED_EDGE( '', *, *, #6301, .F. );
#2720 = ORIENTED_EDGE( '', *, *, #6302, .F. );
#2721 = ORIENTED_EDGE( '', *, *, #6303, .F. );
#2722 = ORIENTED_EDGE( '', *, *, #6304, .T. );
#2723 = ORIENTED_EDGE( '', *, *, #6305, .T. );
#2724 = ORIENTED_EDGE( '', *, *, #6306, .T. );
#2725 = ORIENTED_EDGE( '', *, *, #6307, .F. );
#2726 = ORIENTED_EDGE( '', *, *, #6308, .F. );
#2727 = ORIENTED_EDGE( '', *, *, #6309, .F. );
#2728 = CARTESIAN_POINT( '', ( 30.3000000000000, 89.5000000000000, 0.000000000000000 ) );
#2729 = DIRECTION( '', ( -1.00000000000000, 0.000000000000000, 0.000000000000000 ) );
#2730 = DIRECTION( '', ( 0.000000000000000, 0.000000000000000, 1.00000000000000 ) );
#2731 = ORIENTED_EDGE( '', *, *, #6309, .T. );
#2732 = ORIENTED_EDGE( '', *, *, #5954, .F. );
#2733 = CARTESIAN_POINT( '', ( 30.9698729810778, 0.000000000000000, 0.000000000000000 ) );
#2734 = DIRECTION( '', ( 1.00000000000000, -0.000000000000000, -0.000000000000000 ) );
#2735 = DIRECTION( '', ( -0.000000000000000, 0.000000000000000, -1.00000000000000 ) );
#2736 = ORIENTED_EDGE( '', *, *, #6310, .T. );
#2737 = ORIENTED_EDGE( '', *, *, #6311, .F. );
#2738 = CARTESIAN_POINT( '', ( 1.50000000000000, 0.000000000000000, 0.000000000000000 ) );
#2739 = DIRECTION( '', ( -1.00000000000000, 0.000000000000000, -0.000000000000000 ) );
#2740 = DIRECTION( '', ( 0.000000000000000, 0.000000000000000, 1.00000000000000 ) );
#2741 = ORIENTED_EDGE( '', *, *, #6311, .T. );
#2742 = ORIENTED_EDGE( '', *, *, #6312, .F. );
#2743 = ORIENTED_EDGE( '', *, *, #6313, .F. );
#2744 = ORIENTED_EDGE( '', *, *, #6314, .T. );
#2745 = ORIENTED_EDGE( '', *, *, #6315, .F. );
#2746 = ORIENTED_EDGE( '', *, *, #6316, .T. );
#2747 = ORIENTED_EDGE( '', *, *, #6317, .F. );
#2748 = ORIENTED_EDGE( '', *, *, #6318, .F. );
#2749 = ORIENTED_EDGE( '', *, *, #6319, .F. );
#2750 = ORIENTED_EDGE( '', *, *, #6320, .F. );
#2751 = ORIENTED_EDGE( '', *, *, #6321, .F. );
#2752 = ORIENTED_EDGE( '', *, *, #6322, .T. );
#2753 = ORIENTED_EDGE( '', *, *, #6323, .F. );
#2754 = ORIENTED_EDGE( '', *, *, #6324, .T. );
#2755 = ORIENTED_EDGE( '', *, *, #6325, .F. );
#2756 = ORIENTED_EDGE( '', *, *, #6326, .F. );
#2757 = ORIENTED_EDGE( '', *, *, #6327, .F. );
#2758 = ORIENTED_EDGE( '', *, *, #6328, .F. );
#2759 = ORIENTED_EDGE( '', *, *, #6329, .F. );
#2760 = ORIENTED_EDGE( '', *, *, #6330, .T. );
#2761 = ORIENTED_EDGE( '', *, *, #6331, .F. );
#2762 = ORIENTED_EDGE( '', *, *, #6332, .T. );
#2763 = ORIENTED_EDGE( '', *, *, #6333, .F. );
#2764 = ORIENTED_EDGE( '', *, *, #6334, .F. );
#2765 = ORIENTED_EDGE( '', *, *, #6335, .F. );
#2766 = ORIENTED_EDGE( '', *, *, #6336, .F. );
#2767 = ORIENTED_EDGE( '', *, *, #6337, .F. );
#2768 = ORIENTED_EDGE( '', *, *, #6338, .T. );
#2769 = ORIENTED_EDGE( '', *, *, #6339, .F. );
#2770 = ORIENTED_EDGE( '', *, *, #6340, .T. );
#2771 = ORIENTED_EDGE( '', *, *, #6341, .F. );
#2772 = ORIENTED_EDGE( '', *, *, #6342, .F. );
#2773 = ORIENTED_EDGE( '', *, *, #6343, .F. );
#2774 = ORIENTED_EDGE( '', *, *, #6344, .F. );
#2775 = ORIENTED_EDGE( '', *, *, #6345, .F. );
#2776 = ORIENTED_EDGE( '', *, *, #6346, .T. );
#2777 = ORIENTED_EDGE( '', *, *, #6347, .F. );
#2778 = ORIENTED_EDGE( '', *, *, #6348, .T. );
#2779 = ORIENTED_EDGE( '', *, *, #6349, .F. );
#2780 = ORIENTED_EDGE( '', *, *, #6350, .F. );
#2781 = ORIENTED_EDGE( '', *, *, #6351, .F. );
#2782 = ORIENTED_EDGE( '', *, *, #6352, .F. );
#2783 = ORIENTED_EDGE( '', *, *, #6353, .F. );
#2784 = ORIENTED_EDGE( '', *, *, #6354, .T. );
#2785 = ORIENTED_EDGE( '', *, *, #6355, .F. );
#2786 = ORIENTED_EDGE( '', *, *, #6356, .T. );
#2787 = ORIENTED_EDGE( '', *, *, #6357, .F. );
#2788 = ORIENTED_EDGE( '', *, *, #6358, .F. );
#2789 = ORIENTED_EDGE( '', *, *, #6359, .F. );
#2790 = ORIENTED_EDGE( '', *, *, #6360, .F. );
#2791 = ORIENTED_EDGE( '', *, *, #6361, .F. );
#2792 = ORIENTED_EDGE( '', *, *, #6362, .T. );
#2793 = ORIENTED_EDGE( '', *, *, #6363, .F. );
#2794 = ORIENTED_EDGE( '', *, *, #6364, .T. );
#2795 = ORIENTED_EDGE( '', *, *, #6365, .F. );
#2796 = ORIENTED_EDGE( '', *, *, #6366, .F. );
#2797 = ORIENTED_EDGE( '', *, *, #6367, .F. );
#2798 = ORIENTED_EDGE( '', *, *, #6368, .F. );
#2799 = ORIENTED_EDGE( '', *, *, #6369, .F. );
#2800 = ORIENTED_EDGE( '', *, *, #6370, .T. );
#2801 = ORIENTED_EDGE( '', *, *, #6371, .F. );
#2802 = ORIENTED_EDGE( '', *, *, #6372, .T. );
#2803 = ORIENTED_EDGE( '', *, *, #6373, .F. );
#2804 = ORIENTED_EDGE( '', *, *, #6374, .F. );
#2805 = ORIENTED_EDGE( '', *, *, #6375, .F. );
#2806 = ORIENTED_EDGE( '', *, *, #6376, .F. );
#2807 = ORIENTED_EDGE( '', *, *, #6377, .F. );
#2808 = ORIENTED_EDGE( '', *, *, #6378, .T. );
#2809 = ORIENTED_EDGE( '', *, *, #6379, .F. );
#2810 = ORIENTED_EDGE( '', *, *, #6380, .T. );
#2811 = ORIENTED_EDGE( '', *, *, #6381, .F. );
#2812 = ORIENTED_EDGE( '', *, *, #6382, .F. );
#2813 = ORIENTED_EDGE( '', *, *, #6383, .F. );
#2814 = ORIENTED_EDGE( '', *, *, #6384, .F. );
#2815 = ORIENTED_EDGE( '', *, *, #6385, .F. );
#2816 = ORIENTED_EDGE( '', *, *, #6386, .T. );
#2817 = ORIENTED_EDGE( '', *, *, #6387, .F. );
#2818 = ORIENTED_EDGE( '', *, *, #6388, .T. );
#2819 = ORIENTED_EDGE( '', *, *, #6389, .F. );
#2820 = ORIENTED_EDGE( '', *, *, #6390, .F. );
#2821 = ORIENTED_EDGE( '', *, *, #6391, .F. );
#2822 = ORIENTED_EDGE( '', *, *, #6392, .F. );
#2823 = ORIENTED_EDGE( '', *, *, #6393, .F. );
#2824 = ORIENTED_EDGE( '', *, *, #6394, .T. );
#2825 = ORIENTED_EDGE( '', *, *, #6395, .F. );
#2826 = ORIENTED_EDGE( '', *, *, #6396, .T. );
#2827 = ORIENTED_EDGE( '', *, *, #6397, .F. );
#2828 = ORIENTED_EDGE( '', *, *, #6398, .F. );
#2829 = ORIENTED_EDGE( '', *, *, #6399, .F. );
#2830 = ORIENTED_EDGE( '', *, *, #6400, .F. );
#2831 = ORIENTED_EDGE( '', *, *, #6401, .F. );
#2832 = ORIENTED_EDGE( '', *, *, #6402, .T. );
#2833 = ORIENTED_EDGE( '', *, *, #6403, .F. );
#2834 = ORIENTED_EDGE( '', *, *, #6404, .T. );
#2835 = ORIENTED_EDGE( '', *, *, #6405, .F. );
#2836 = ORIENTED_EDGE( '', *, *, #6406, .F. );
#2837 = ORIENTED_EDGE( '', *, *, #6407, .F. );
#2838 = ORIENTED_EDGE( '', *, *, #6408, .F. );
#2839 = ORIENTED_EDGE( '', *, *, #6409, .F. );
#2840 = ORIENTED_EDGE( '', *, *, #6410, .T. );
#2841 = ORIENTED_EDGE( '', *, *, #6411, .F. );
#2842 = ORIENTED_EDGE( '', *, *, #6412, .T. );
#2843 = ORIENTED_EDGE( '', *, *, #6413, .F. );
#2844 = ORIENTED_EDGE( '', *, *, #6414, .F. );
#2845 = ORIENTED_EDGE( '', *, *, #6415, .F. );
#2846 = ORIENTED_EDGE( '', *, *, #6416, .F. );
#2847 = ORIENTED_EDGE( '', *, *, #6417, .F. );
#2848 = ORIENTED_EDGE( '', *, *, #6418, .T. );
#2849 = ORIENTED_EDGE( '', *, *, #6419, .F. );
#2850 = ORIENTED_EDGE( '', *, *, #6420, .T. );
#2851 = ORIENTED_EDGE( '', *, *, #6421, .F. );
#2852 = ORIENTED_EDGE( '', *, *, #6422, .F. );
#2853 = ORIENTED_EDGE( '', *, *, #6423, .F. );
#2854 = ORIENTED_EDGE( '', *, *, #6424, .F. );
#2855 = ORIENTED_EDGE( '', *, *, #6425, .F. );
#2856 = ORIENTED_EDGE( '', *, *, #6426, .T. );
#2857 = ORIENTED_EDGE( '', *, *, #6427, .F. );
#2858 = ORIENTED_EDGE( '', *, *, #6428, .T. );
#2859 = ORIENTED_EDGE( '', *, *, #6429, .F. );
#2860 = ORIENTED_EDGE( '', *, *, #6430, .F. );
#2861 = ORIENTED_EDGE( '', *, *, #6431, .F. );
#2862 = ORIENTED_EDGE( '', *, *, #6432, .F. );
#2863 = ORIENTED_EDGE( '', *, *, #6433, .F. );
#2864 = ORIENTED_EDGE( '', *, *, #6434, .T. );
#2865 = ORIENTED_EDGE( '', *, *, #6435, .F. );
#2866 = ORIENTED_EDGE( '', *, *, #6436, .T. );
#2867 = ORIENTED_EDGE( '', *, *, #6437, .F. );
#2868 = ORIENTED_EDGE( '', *, *, #6438, .F. );
#2869 = ORIENTED_EDGE( '', *, *, #6439, .F. );
#2870 = ORIENTED_EDGE( '', *, *, #6440, .F. );
#2871 = ORIENTED_EDGE( '', *, *, #6441, .F. );
#2872 = ORIENTED_EDGE( '', *, *, #6442, .T. );
#2873 = ORIENTED_EDGE( '', *, *, #6443, .F. );
#2874 = ORIENTED_EDGE( '', *, *, #6444, .T. );
#2875 = ORIENTED_EDGE( '', *, *, #6445, .F. );
#2876 = ORIENTED_EDGE( '', *, *, #6446, .F. );
#2877 = ORIENTED_EDGE( '', *, *, #6447, .F. );
#2878 = ORIENTED_EDGE( '', *, *, #6448, .F. );
#2879 = ORIENTED_EDGE( '', *, *, #6449, .F. );
#2880 = ORIENTED_EDGE( '', *, *, #6450, .T. );
#2881 = ORIENTED_EDGE( '', *, *, #6451, .F. );
#2882 = ORIENTED_EDGE( '', *, *, #6452, .T. );
#2883 = ORIENTED_EDGE( '', *, *, #6453, .F. );
#2884 = ORIENTED_EDGE( '', *, *, #6454, .F. );
#2885 = ORIENTED_EDGE( '', *, *, #6455, .F. );
#2886 = ORIENTED_EDGE( '', *, *, #6456, .F. );
#2887 = ORIENTED_EDGE( '', *, *, #6457, .F. );
#2888 = ORIENTED_EDGE( '', *, *, #6458, .T. );
#2889 = ORIENTED_EDGE( '', *, *, #6459, .F. );
#2890 = ORIENTED_EDGE( '', *, *, #6460, .T. );
#2891 = ORIENTED_EDGE( '', *, *, #6461, .F. );
#2892 = ORIENTED_EDGE( '', *, *, #6462, .F. );
#2893 = ORIENTED_EDGE( '', *, *, #6463, .F. );
#2894 = ORIENTED_EDGE( '', *, *, #6464, .F. );
#2895 = ORIENTED_EDGE( '', *, *, #6465, .F. );
#2896 = ORIENTED_EDGE( '', *, *, #6466, .T. );
#2897 = ORIENTED_EDGE( '', *, *, #6467, .F. );
#2898 = ORIENTED_EDGE( '', *, *, #6468, .T. );
#2899 = ORIENTED_EDGE( '', *, *, #6469, .F. );
#2900 = ORIENTED_EDGE( '', *, *, #6470, .F. );
#2901 = ORIENTED_EDGE( '', *, *, #6471, .F. );
#2902 = ORIENTED_EDGE( '', *, *, #6472, .F. );
#2903 = ORIENTED_EDGE( '', *, *, #6473, .F. );
#2904 = ORIENTED_EDGE( '', *, *, #6474, .T. );
#2905 = ORIENTED_EDGE( '', *, *, #6475, .F. );
#2906 = ORIENTED_EDGE( '', *, *, #6476, .T. );
#2907 = ORIENTED_EDGE( '', *, *, #6477, .F. );
#2908 = ORIENTED_EDGE( '', *, *, #6478, .F. );
#2909 = ORIENTED_EDGE( '', *, *, #6479, .F. );
#2910 = ORIENTED_EDGE( '', *, *, #6480, .F. );
#2911 = ORIENTED_EDGE( '', *, *, #6481, .F. );
#2912 = ORIENTED_EDGE( '', *, *, #6482, .T. );
#2913 = ORIENTED_EDGE( '', *, *, #6483, .F. );
#2914 = ORIENTED_EDGE( '', *, *, #6484, .T. );
#2915 = ORIENTED_EDGE( '', *, *, #6485, .F. );
#2916 = ORIENTED_EDGE( '', *, *, #6486, .F. );
#2917 = ORIENTED_EDGE( '', *, *, #6487, .F. );
#2918 = ORIENTED_EDGE( '', *, *, #6488, .F. );
#2919 = ORIENTED_EDGE( '', *, *, #6489, .F. );
#2920 = ORIENTED_EDGE( '', *, *, #6490, .T. );
#2921 = ORIENTED_EDGE( '', *, *, #6491, .F. );
#2922 = ORIENTED_EDGE( '', *, *, #6492, .T. );
#2923 = ORIENTED_EDGE( '', *, *, #6493, .F. );
#2924 = ORIENTED_EDGE( '', *, *, #6494, .F. );
#2925 = ORIENTED_EDGE( '', *, *, #6495, .F. );
#2926 = ORIENTED_EDGE( '', *, *, #6496, .F. );
#2927 = ORIENTED_EDGE( '', *, *, #6497, .F. );
#2928 = ORIENTED_EDGE( '', *, *, #6498, .T. );
#2929 = ORIENTED_EDGE( '', *, *, #6499, .F. );
#2930 = ORIENTED_EDGE( '', *, *, #6500, .T. );
#2931 = ORIENTED_EDGE( '', *, *, #6501, .F. );
#2932 = ORIENTED_EDGE( '', *, *, #6502, .F. );
#2933 = ORIENTED_EDGE( '', *, *, #6503, .F. );
#2934 = ORIENTED_EDGE( '', *, *, #6504, .F. );
#2935 = ORIENTED_EDGE( '', *, *, #6505, .F. );
#2936 = ORIENTED_EDGE( '', *, *, #6506, .T. );
#2937 = ORIENTED_EDGE( '', *, *, #6507, .F. );
#2938 = ORIENTED_EDGE( '', *, *, #6508, .T. );
#2939 = ORIENTED_EDGE( '', *, *, #6509, .F. );
#2940 = ORIENTED_EDGE( '', *, *, #6510, .F. );
#2941 = ORIENTED_EDGE( '', *, *, #6511, .F. );
#2942 = ORIENTED_EDGE( '', *, *, #6512, .F. );
#2943 = ORIENTED_EDGE( '', *, *, #6513, .F. );
#2944 = ORIENTED_EDGE( '', *, *, #6514, .T. );
#2945 = ORIENTED_EDGE( '', *, *, #6515, .F. );
#2946 = ORIENTED_EDGE( '', *, *, #6516, .T. );
#2947 = ORIENTED_EDGE( '', *, *, #6517, .F. );
#2948 = ORIENTED_EDGE( '', *, *, #6518, .F. );
#2949 = ORIENTED_EDGE( '', *, *, #6519, .F. );
#2950 = ORIENTED_EDGE( '', *, *, #6520, .F. );
#2951 = ORIENTED_EDGE( '', *, *, #6521, .F. );
#2952 = ORIENTED_EDGE( '', *, *, #6522, .T. );
#2953 = ORIENTED_EDGE( '', *, *, #6523, .F. );
#2954 = ORIENTED_EDGE( '', *, *, #6524, .T. );
#2955 = ORIENTED_EDGE( '', *, *, #6525, .F. );
#2956 = ORIENTED_EDGE( '', *, *, #6526, .F. );
#2957 = ORIENTED_EDGE( '', *, *, #6527, .F. );
#2958 = ORIENTED_EDGE( '', *, *, #6528, .F. );
#2959 = ORIENTED_EDGE( '', *, *, #6529, .F. );
#2960 = ORIENTED_EDGE( '', *, *, #6530, .T. );
#2961 = ORIENTED_EDGE( '', *, *, #6531, .F. );
#2962 = ORIENTED_EDGE( '', *, *, #6532, .T. );
#2963 = ORIENTED_EDGE( '', *, *, #6533, .F. );
#2964 = ORIENTED_EDGE( '', *, *, #6534, .F. );
#2965 = ORIENTED_EDGE( '', *, *, #6535, .F. );
#2966 = ORIENTED_EDGE( '', *, *, #6536, .F. );
#2967 = ORIENTED_EDGE( '', *, *, #6537, .F. );
#2968 = ORIENTED_EDGE( '', *, *, #6538, .T. );
#2969 = ORIENTED_EDGE( '', *, *, #6539, .F. );
#2970 = ORIENTED_EDGE( '', *, *, #6540, .T. );
#2971 = ORIENTED_EDGE( '', *, *, #6541, .F. );
#2972 = ORIENTED_EDGE( '', *, *, #6542, .F. );
#2973 = ORIENTED_EDGE( '', *, *, #6543, .F. );
#2974 = ORIENTED_EDGE( '', *, *, #6544, .F. );
#2975 = ORIENTED_EDGE( '', *, *, #6545, .F. );
#2976 = ORIENTED_EDGE( '', *, *, #6546, .T. );
#2977 = ORIENTED_EDGE( '', *, *, #6547, .F. );
#2978 = ORIENTED_EDGE( '', *, *, #6548, .T. );
#2979 = ORIENTED_EDGE( '', *, *, #6549, .F. );
#2980 = ORIENTED_EDGE( '', *, *, #6550, .F. );
#2981 = ORIENTED_EDGE( '', *, *, #6551, .F. );
#2982 = ORIENTED_EDGE( '', *, *, #6552, .F. );
#2983 = ORIENTED_EDGE( '', *, *, #6553, .F. );
#2984 = ORIENTED_EDGE( '', *, *, #6554, .T. );
#2985 = ORIENTED_EDGE( '', *, *, #6555, .F. );
#2986 = ORIENTED_EDGE( '', *, *, #6556, .T. );
#2987 = ORIENTED_EDGE( '', *, *, #6557, .F. );
#2988 = ORIENTED_EDGE( '', *, *, #6558, .F. );
#2989 = ORIENTED_EDGE( '', *, *, #6559, .F. );
#2990 = ORIENTED_EDGE( '', *, *, #6560, .F. );
#2991 = ORIENTED_EDGE( '', *, *, #6561, .F. );
#2992 = ORIENTED_EDGE( '', *, *, #6562, .T. );
#2993 = ORIENTED_EDGE( '', *, *, #6563, .F. );
#2994 = ORIENTED_EDGE( '', *, *, #6564, .T. );
#2995 = ORIENTED_EDGE( '', *, *, #6565, .F. );
#2996 = ORIENTED_EDGE( '', *, *, #6566, .F. );
#2997 = ORIENTED_EDGE( '', *, *, #6567, .F. );
#2998 = ORIENTED_EDGE( '', *, *, #6568, .F. );
#2999 = ORIENTED_EDGE( '', *, *, #6569, .F. );
#3000 = ORIENTED_EDGE( '', *, *, #6570, .T. );
#3001 = ORIENTED_EDGE( '', *, *, #6571, .F. );
#3002 = ORIENTED_EDGE( '', *, *, #6572, .T. );
#3003 = ORIENTED_EDGE( '', *, *, #6573, .F. );
#3004 = ORIENTED_EDGE( '', *, *, #6574, .F. );
#3005 = ORIENTED_EDGE( '', *, *, #6575, .F. );
#3006 = ORIENTED_EDGE( '', *, *, #6576, .F. );
#3007 = ORIENTED_EDGE( '', *, *, #6577, .F. );
#3008 = ORIENTED_EDGE( '', *, *, #6578, .T. );
#3009 = ORIENTED_EDGE( '', *, *, #6579, .F. );
#3010 = ORIENTED_EDGE( '', *, *, #6580, .T. );
#3011 = ORIENTED_EDGE( '', *, *, #6581, .F. );
#3012 = ORIENTED_EDGE( '', *, *, #6582, .F. );
#3013 = ORIENTED_EDGE( '', *, *, #6583, .F. );
#3014 = ORIENTED_EDGE( '', *, *, #6584, .F. );
#3015 = ORIENTED_EDGE( '', *, *, #6585, .F. );
#3016 = ORIENTED_EDGE( '', *, *, #6586, .T. );
#3017 = ORIENTED_EDGE( '', *, *, #6587, .F. );
#3018 = ORIENTED_EDGE( '', *, *, #6588, .T. );
#3019 = ORIENTED_EDGE( '', *, *, #6589, .F. );
#3020 = ORIENTED_EDGE( '', *, *, #6590, .F. );
#3021 = ORIENTED_EDGE( '', *, *, #6591, .F. );
#3022 = ORIENTED_EDGE( '', *, *, #6592, .F. );
#3023 = ORIENTED_EDGE( '', *, *, #6593, .F. );
#3024 = ORIENTED_EDGE( '', *, *, #6594, .T. );
#3025 = ORIENTED_EDGE( '', *, *, #6595, .F. );
#3026 = ORIENTED_EDGE( '', *, *, #6596, .T. );
#3027 = ORIENTED_EDGE( '', *, *, #6597, .F. );
#3028 = ORIENTED_EDGE( '', *, *, #6598, .F. );
#3029 = ORIENTED_EDGE( '', *, *, #6599, .F. );
#3030 = ORIENTED_EDGE( '', *, *, #6600, .F. );
#3031 = ORIENTED_EDGE( '', *, *, #6601, .F. );
#3032 = ORIENTED_EDGE( '', *, *, #6602, .T. );
#3033 = ORIENTED_EDGE( '', *, *, #6603, .F. );
#3034 = ORIENTED_EDGE( '', *, *, #6604, .T. );
#3035 = ORIENTED_EDGE( '', *, *, #6605, .F. );
#3036 = ORIENTED_EDGE( '', *, *, #6606, .F. );
#3037 = ORIENTED_EDGE( '', *, *, #6607, .F. );
#3038 = ORIENTED_EDGE( '', *, *, #6608, .F. );
#3039 = ORIENTED_EDGE( '', *, *, #6609, .F. );
#3040 = ORIENTED_EDGE( '', *, *, #6610, .T. );
#3041 = ORIENTED_EDGE( '', *, *, #6611, .F. );
#3042 = ORIENTED_EDGE( '', *, *, #6612, .T. );
#3043 = ORIENTED_EDGE( '', *, *, #6613, .F. );
#3044 = ORIENTED_EDGE( '', *, *, #6614, .F. );
#3045 = ORIENTED_EDGE( '', *, *, #6615, .F. );
#3046 = ORIENTED_EDGE( '', *, *, #6616, .F. );
#3047 = ORIENTED_EDGE( '', *, *, #6617, .F. );
#3048 = ORIENTED_EDGE( '', *, *, #6618, .T. );
#3049 = ORIENTED_EDGE( '', *, *, #6619, .F. );
#3050 = ORIENTED_EDGE( '', *, *, #6620, .T. );
#3051 = ORIENTED_EDGE( '', *, *, #6621, .F. );
#3052 = ORIENTED_EDGE( '', *, *, #6622, .F. );
#3053 = ORIENTED_EDGE( '', *, *, #6623, .F. );
#3054 = ORIENTED_EDGE( '', *, *, #6624, .F. );
#3055 = ORIENTED_EDGE( '', *, *, #6625, .F. );
#3056 = ORIENTED_EDGE( '', *, *, #6626, .T. );
#3057 = ORIENTED_EDGE( '', *, *, #6627, .F. );
#3058 = ORIENTED_EDGE( '', *, *, #6628, .T. );
#3059 = ORIENTED_EDGE( '', *, *, #6629, .F. );
#3060 = ORIENTED_EDGE( '', *, *, #6630, .F. );
#3061 = ORIENTED_EDGE( '', *, *, #6631, .F. );
#3062 = ORIENTED_EDGE( '', *, *, #6632, .F. );
#3063 = ORIENTED_EDGE( '', *, *, #6633, .F. );
#3064 = ORIENTED_EDGE( '', *, *, #6634, .T. );
#3065 = ORIENTED_EDGE( '', *, *, #6635, .F. );
#3066 = ORIENTED_EDGE( '', *, *, #6636, .T. );
#3067 = ORIENTED_EDGE( '', *, *, #6637, .F. );
#3068 = ORIENTED_EDGE( '', *, *, #6638, .F. );
#3069 = ORIENTED_EDGE( '', *, *, #6639, .F. );
#3070 = ORIENTED_EDGE( '', *, *, #6640, .F. );
#3071 = ORIENTED_EDGE( '', *, *, #6641, .F. );
#3072 = ORIENTED_EDGE( '', *, *, #6642, .T. );
#3073 = ORIENTED_EDGE( '', *, *, #6643, .F. );
#3074 = ORIENTED_EDGE( '', *, *, #6644, .T. );
#3075 = ORIENTED_EDGE( '', *, *, #6645, .F. );
#3076 = ORIENTED_EDGE( '', *, *, #6646, .F. );
#3077 = ORIENTED_EDGE( '', *, *, #6647, .F. );
#3078 = ORIENTED_EDGE( '', *, *, #6648, .F. );
#3079 = ORIENTED_EDGE( '', *, *, #6649, .F. );
#3080 = ORIENTED_EDGE( '', *, *, #6650, .T. );
#3081 = ORIENTED_EDGE( '', *, *, #6651, .F. );
#3082 = ORIENTED_EDGE( '', *, *, #6652, .T. );
#3083 = ORIENTED_EDGE( '', *, *, #6653, .F. );
#3084 = ORIENTED_EDGE( '', *, *, #6654, .F. );
#3085 = ORIENTED_EDGE( '', *, *, #6655, .F. );
#3086 = ORIENTED_EDGE( '', *, *, #6656, .F. );
#3087 = ORIENTED_EDGE( '', *, *, #6657, .F. );
#3088 = ORIENTED_EDGE( '', *, *, #6658, .T. );
#3089 = ORIENTED_EDGE( '', *, *, #6659, .F. );
#3090 = ORIENTED_EDGE( '', *, *, #6660, .T. );
#3091 = ORIENTED_EDGE( '', *, *, #6661, .F. );
#3092 = ORIENTED_EDGE( '', *, *, #6662, .F. );
#3093 = ORIENTED_EDGE( '', *, *, #6663, .F. );
#3094 = CARTESIAN_POINT( '', ( 1.50000000000000, 82.4999999999999, 0.000000000000000 ) );
#3095 = DIRECTION( '', ( 1.00000000000000, 0.000000000000000, -0.000000000000000 ) );
#3096 = DIRECTION( '', ( -0.000000000000000, 0.000000000000000, -1.00000000000000 ) );
#3097 = ORIENTED_EDGE( '', *, *, #6664, .T. );
#3098 = ORIENTED_EDGE( '', *, *, #6665, .F. );
#3099 = CARTESIAN_POINT( '', ( 0.0499999999999830, 89.5000000000000, 0.000000000000000 ) );
#3100 = DIRECTION( '', ( -1.00000000000000, 0.000000000000000, 0.000000000000000 ) );
#3101 = DIRECTION( '', ( 0.000000000000000, 0.000000000000000, 1.00000000000000 ) );
#3102 = ORIENTED_EDGE( '', *, *, #6665, .T. );
#3103 = ORIENTED_EDGE( '', *, *, #6666, .F. );
#3104 = CARTESIAN_POINT( '', ( -0.619872981077851, 0.000000000000000, 0.000000000000000 ) );
#3105 = DIRECTION( '', ( -1.00000000000000, 0.000000000000000, -0.000000000000000 ) );
#3106 = DIRECTION( '', ( 0.000000000000000, 0.000000000000000, 1.00000000000000 ) );
#3107 = ORIENTED_EDGE( '', *, *, #6666, .T. );
#3108 = ORIENTED_EDGE( '', *, *, #6310, .F. );
#3109 = CARTESIAN_POINT( '', ( 368.000000000000, 0.000000000000000, 0.000000000000000 ) );
#3110 = DIRECTION( '', ( -1.00000000000000, -0.000000000000000, 0.000000000000000 ) );
#3111 = DIRECTION( '', ( -0.000000000000000, 0.000000000000000, -1.00000000000000 ) );
#3112 = ORIENTED_EDGE( '', *, *, #6667, .F. );
#3113 = ORIENTED_EDGE( '', *, *, #6298, .F. );
#3114 = ORIENTED_EDGE( '', *, *, #6668, .T. );
#3115 = ORIENTED_EDGE( '', *, *, #6386, .F. );
#3116 = CARTESIAN_POINT( '', ( 31.8000000000000, 85.0529239580559, -16.5596686616963 ) );
#3117 = DIRECTION( '', ( 1.00000000000000, -0.000000000000000, -0.000000000000000 ) );
#3118 = DIRECTION( '', ( 0.000000000000000, 0.142314838273284, 0.989821441880933 ) );
#3119 = ORIENTED_EDGE( '', *, *, #6385, .T. );
#3120 = ORIENTED_EDGE( '', *, *, #6669, .F. );
#3121 = ORIENTED_EDGE( '', *, *, #6299, .T. );
#3122 = ORIENTED_EDGE( '', *, *, #6667, .T. );
#3123 = CARTESIAN_POINT( '', ( 31.8000000000000, 85.0221577255392, -14.7280005682392 ) );
#3124 = DIRECTION( '', ( 0.000000000000000, 0.472271074772684, 0.881453363447582 ) );
#3125 = DIRECTION( '', ( 0.000000000000000, -0.881453363447581, 0.472271074772684 ) );
#3126 = ORIENTED_EDGE( '', *, *, #6384, .T. );
#3127 = ORIENTED_EDGE( '', *, *, #6670, .F. );
#3128 = ORIENTED_EDGE( '', *, *, #6300, .T. );
#3129 = ORIENTED_EDGE( '', *, *, #6669, .T. );
#3130 = CARTESIAN_POINT( '', ( 31.8000000000000, 85.7777914451755, -13.3176751867231 ) );
#3131 = DIRECTION( '', ( 1.00000000000000, -0.000000000000000, -0.000000000000000 ) );
#3132 = DIRECTION( '', ( 0.000000000000000, 0.142314838273284, 0.989821441880933 ) );
#3133 = ORIENTED_EDGE( '', *, *, #6383, .T. );
#3134 = ORIENTED_EDGE( '', *, *, #6671, .F. );
#3135 = ORIENTED_EDGE( '', *, *, #6301, .T. );
#3136 = ORIENTED_EDGE( '', *, *, #6670, .T. );
#3137 = CARTESIAN_POINT( '', ( 31.8000000000000, 84.4714965583452, -11.1604769962819 ) );
#3138 = DIRECTION( '', ( 0.000000000000000, 0.989821441880937, -0.142314838273256 ) );
#3139 = DIRECTION( '', ( 0.000000000000000, 0.142314838273256, 0.989821441880937 ) );
#3140 = ORIENTED_EDGE( '', *, *, #6382, .T. );
#3141 = ORIENTED_EDGE( '', *, *, #6672, .F. );
#3142 = ORIENTED_EDGE( '', *, *, #6302, .T. );
#3143 = ORIENTED_EDGE( '', *, *, #6671, .T. );
#3144 = CARTESIAN_POINT( '', ( 31.8000000000000, 86.0552108653547, -11.3881807375191 ) );
#3145 = DIRECTION( '', ( 1.00000000000000, -0.000000000000000, -0.000000000000000 ) );
#3146 = DIRECTION( '', ( 0.000000000000000, 0.142314838273284, 0.989821441880933 ) );
#3147 = ORIENTED_EDGE( '', *, *, #6381, .T. );
#3148 = ORIENTED_EDGE( '', *, *, #6673, .F. );
#3149 = ORIENTED_EDGE( '', *, *, #6303, .T. );
#3150 = ORIENTED_EDGE( '', *, *, #6672, .T. );
#3151 = CARTESIAN_POINT( '', ( 31.8000000000000, 86.6007713845337, -9.63937592120448 ) );
#3152 = DIRECTION( '', ( 0.000000000000000, 0.204806668065194, -0.978802446214778 ) );
#3153 = DIRECTION( '', ( 0.000000000000000, 0.978802446214778, 0.204806668065194 ) );
#3154 = ORIENTED_EDGE( '', *, *, #6674, .F. );
#3155 = ORIENTED_EDGE( '', *, *, #6304, .F. );
#3156 = ORIENTED_EDGE( '', *, *, #6673, .T. );
#3157 = ORIENTED_EDGE( '', *, *, #6380, .F. );
#3158 = CARTESIAN_POINT( '', ( 31.8000000000000, 86.2730807156294, -8.07329200726086 ) );
#3159 = DIRECTION( '', ( 1.00000000000000, -0.000000000000000, -0.000000000000000 ) );
#3160 = DIRECTION( '', ( 0.000000000000000, 0.142314838273284, 0.989821441880933 ) );
#3161 = ORIENTED_EDGE( '', *, *, #6675, .F. );
#3162 = ORIENTED_EDGE( '', *, *, #6290, .F. );
#3163 = ORIENTED_EDGE( '', *, *, #6676, .T. );
#3164 = ORIENTED_EDGE( '', *, *, #6394, .F. );
#3165 = CARTESIAN_POINT( '', ( 31.8000000000000, 81.8305212609038, -28.4954082295515 ) );
#3166 = DIRECTION( '', ( 1.00000000000000, -0.000000000000000, -0.000000000000000 ) );
#3167 = DIRECTION( '', ( 0.000000000000000, 0.281732556841429, 0.959492973614498 ) );
#3168 = ORIENTED_EDGE( '', *, *, #6393, .T. );
#3169 = ORIENTED_EDGE( '', *, *, #6677, .F. );
#3170 = ORIENTED_EDGE( '', *, *, #6291, .T. );
#3171 = ORIENTED_EDGE( '', *, *, #6675, .T. );
#3172 = CARTESIAN_POINT( '', ( 31.8000000000000, 82.0607417327634, -26.6780053848336 ) );
#3173 = DIRECTION( '', ( 0.000000000000000, 0.592907929054642, 0.805270257531058 ) );
#3174 = DIRECTION( '', ( 0.000000000000000, -0.805270257531058, 0.592907929054642 ) );
#3175 = ORIENTED_EDGE( '', *, *, #6392, .T. );
#3176 = ORIENTED_EDGE( '', *, *, #6678, .F. );
#3177 = ORIENTED_EDGE( '', *, *, #6292, .T. );
#3178 = ORIENTED_EDGE( '', *, *, #6677, .T. );
#3179 = CARTESIAN_POINT( '', ( 31.8000000000000, 83.0093944192509, -25.3895729727839 ) );
#3180 = DIRECTION( '', ( 1.00000000000000, -0.000000000000000, -0.000000000000000 ) );
#3181 = DIRECTION( '', ( 0.000000000000000, 0.281732556841429, 0.959492973614498 ) );
#3182 = ORIENTED_EDGE( '', *, *, #6391, .T. );
#3183 = ORIENTED_EDGE( '', *, *, #6679, .F. );
#3184 = ORIENTED_EDGE( '', *, *, #6293, .T. );
#3185 = ORIENTED_EDGE( '', *, *, #6678, .T. );
#3186 = CARTESIAN_POINT( '', ( 31.8000000000000, 82.0233970424429, -23.0684268039420 ) );
#3187 = DIRECTION( '', ( 0.000000000000000, 0.959492973614506, -0.281732556841402 ) );
#3188 = DIRECTION( '', ( 0.000000000000000, 0.281732556841402, 0.959492973614506 ) );
#3189 = ORIENTED_EDGE( '', *, *, #6390, .T. );
#3190 = ORIENTED_EDGE( '', *, *, #6680, .F. );
#3191 = ORIENTED_EDGE( '', *, *, #6294, .T. );
#3192 = ORIENTED_EDGE( '', *, *, #6679, .T. );
#3193 = CARTESIAN_POINT( '', ( 31.8000000000000, 83.5585858002261, -23.5191988948883 ) );
#3194 = DIRECTION( '', ( 1.00000000000000, -0.000000000000000, -0.000000000000000 ) );
#3195 = DIRECTION( '', ( 0.000000000000000, 0.281732556841429, 0.959492973614497 ) );
#3196 = ORIENTED_EDGE( '', *, *, #6389, .T. );
#3197 = ORIENTED_EDGE( '', *, *, #6681, .F. );
#3198 = ORIENTED_EDGE( '', *, *, #6295, .T. );
#3199 = ORIENTED_EDGE( '', *, *, #6680, .T. );
#3200 = CARTESIAN_POINT( '', ( 31.8000000000000, 84.3474741745585, -21.8658357470906 ) );
#3201 = DIRECTION( '', ( 0.000000000000000, 0.0634239196565679, -0.997986676471884 ) );
#3202 = DIRECTION( '', ( 0.000000000000000, 0.997986676471884, 0.0634239196565679 ) );
#3203 = ORIENTED_EDGE( '', *, *, #6682, .F. );
#3204 = ORIENTED_EDGE( '', *, *, #6296, .F. );
#3205 = ORIENTED_EDGE( '', *, *, #6681, .T. );
#3206 = ORIENTED_EDGE( '', *, *, #6388, .F. );
#3207 = CARTESIAN_POINT( '', ( 31.8000000000000, 84.2459959031080, -20.2690570647356 ) );
#3208 = DIRECTION( '', ( 1.00000000000000, -0.000000000000000, -0.000000000000000 ) );
#3209 = DIRECTION( '', ( 0.000000000000000, 0.281732556841429, 0.959492973614498 ) );
#3210 = ORIENTED_EDGE( '', *, *, #6683, .F. );
#3211 = ORIENTED_EDGE( '', *, *, #6282, .F. );
#3212 = ORIENTED_EDGE( '', *, *, #6684, .T. );
#3213 = ORIENTED_EDGE( '', *, *, #6402, .F. );
#3214 = CARTESIAN_POINT( '', ( 31.8000000000000, 76.9422851306162, -39.8510634598246 ) );
#3215 = DIRECTION( '', ( 1.00000000000000, -0.000000000000000, -0.000000000000000 ) );
#3216 = DIRECTION( '', ( 0.000000000000000, 0.415415013001886, 0.909631995354519 ) );
#3217 = ORIENTED_EDGE( '', *, *, #6401, .T. );
#3218 = ORIENTED_EDGE( '', *, *, #6685, .F. );
#3219 = ORIENTED_EDGE( '', *, *, #6283, .T. );
#3220 = ORIENTED_EDGE( '', *, *, #6683, .T. );
#3221 = CARTESIAN_POINT( '', ( 31.8000000000000, 77.4288056819463, -38.0849229448073 ) );
#3222 = DIRECTION( '', ( 0.000000000000000, 0.701474887706322, 0.712694171378862 ) );
#3223 = DIRECTION( '', ( 0.000000000000000, -0.712694171378862, 0.701474887706322 ) );
#3224 = ORIENTED_EDGE( '', *, *, #6400, .T. );
#3225 = ORIENTED_EDGE( '', *, *, #6686, .F. );
#3226 = ORIENTED_EDGE( '', *, *, #6284, .T. );
#3227 = ORIENTED_EDGE( '', *, *, #6685, .T. );
#3228 = CARTESIAN_POINT( '', ( 31.8000000000000, 78.5511655022764, -36.9446122706011 ) );
#3229 = DIRECTION( '', ( 1.00000000000000, -0.000000000000000, -0.000000000000000 ) );
#3230 = DIRECTION( '', ( 0.000000000000000, 0.415415013001886, 0.909631995354519 ) );
#3231 = ORIENTED_EDGE( '', *, *, #6399, .T. );
#3232 = ORIENTED_EDGE( '', *, *, #6687, .F. );
#3233 = ORIENTED_EDGE( '', *, *, #6285, .T. );
#3234 = ORIENTED_EDGE( '', *, *, #6686, .T. );
#3235 = CARTESIAN_POINT( '', ( 31.8000000000000, 77.9055376987009, -34.5067699657234 ) );
#3236 = DIRECTION( '', ( 0.000000000000000, 0.909631995354531, -0.415415013001860 ) );
#3237 = DIRECTION( '', ( 0.000000000000000, 0.415415013001860, 0.909631995354531 ) );
#3238 = ORIENTED_EDGE( '', *, *, #6398, .T. );
#3239 = ORIENTED_EDGE( '', *, *, #6688, .F. );
#3240 = ORIENTED_EDGE( '', *, *, #6286, .T. );
#3241 = ORIENTED_EDGE( '', *, *, #6687, .T. );
#3242 = CARTESIAN_POINT( '', ( 31.8000000000000, 79.3609488912682, -35.1714339865264 ) );
#3243 = DIRECTION( '', ( 1.00000000000000, -0.000000000000000, -0.000000000000000 ) );
#3244 = DIRECTION( '', ( 0.000000000000000, 0.415415013001886, 0.909631995354519 ) );
#3245 = ORIENTED_EDGE( '', *, *, #6397, .T. );
#3246 = ORIENTED_EDGE( '', *, *, #6689, .F. );
#3247 = ORIENTED_EDGE( '', *, *, #6287, .T. );
#3248 = ORIENTED_EDGE( '', *, *, #6688, .T. );
#3249 = CARTESIAN_POINT( '', ( 31.8000000000000, 80.3771056284188, -33.6471702130293 ) );
#3250 = DIRECTION( '', ( 0.000000000000000, -0.0792499568567851, -0.996854775951943 ) );
#3251 = DIRECTION( '', ( 0.000000000000000, 0.996854775951942, -0.0792499568567851 ) );
#3252 = ORIENTED_EDGE( '', *, *, #6690, .F. );
#3253 = ORIENTED_EDGE( '', *, *, #6288, .F. );
#3254 = ORIENTED_EDGE( '', *, *, #6689, .T. );
#3255 = ORIENTED_EDGE( '', *, *, #6396, .F. );
#3256 = CARTESIAN_POINT( '', ( 31.8000000000000, 80.5039055593897, -32.0522025715062 ) );
#3257 = DIRECTION( '', ( 1.00000000000000, -0.000000000000000, -0.000000000000000 ) );
#3258 = DIRECTION( '', ( 0.000000000000000, 0.415415013001886, 0.909631995354519 ) );
#3259 = ORIENTED_EDGE( '', *, *, #6691, .F. );
#3260 = ORIENTED_EDGE( '', *, *, #6274, .F. );
#3261 = ORIENTED_EDGE( '', *, *, #6692, .T. );
#3262 = ORIENTED_EDGE( '', *, *, #6410, .F. );
#3263 = CARTESIAN_POINT( '', ( 31.8000000000000, 70.4877259582970, -50.3954659590328 ) );
#3264 = DIRECTION( '', ( 1.00000000000000, -0.000000000000000, -0.000000000000000 ) );
#3265 = DIRECTION( '', ( 0.000000000000000, 0.540640817455597, 0.841253532831182 ) );
#3266 = ORIENTED_EDGE( '', *, *, #6409, .T. );
#3267 = ORIENTED_EDGE( '', *, *, #6693, .F. );
#3268 = ORIENTED_EDGE( '', *, *, #6275, .T. );
#3269 = ORIENTED_EDGE( '', *, *, #6691, .T. );
#3270 = CARTESIAN_POINT( '', ( 31.8000000000000, 71.2206424336819, -48.7165413014732 ) );
#3271 = DIRECTION( '', ( 0.000000000000000, 0.795761840530833, 0.605609687137665 ) );
#3272 = DIRECTION( '', ( 0.000000000000000, -0.605609687137665, 0.795761840530833 ) );
#3273 = ORIENTED_EDGE( '', *, *, #6408, .T. );
#3274 = ORIENTED_EDGE( '', *, *, #6694, .F. );
#3275 = ORIENTED_EDGE( '', *, *, #6276, .T. );
#3276 = ORIENTED_EDGE( '', *, *, #6693, .T. );
#3277 = CARTESIAN_POINT( '', ( 31.8000000000000, 72.4938613785312, -47.7475658020529 ) );
#3278 = DIRECTION( '', ( 1.00000000000000, -0.000000000000000, -0.000000000000000 ) );
#3279 = DIRECTION( '', ( 0.000000000000000, 0.540640817455597, 0.841253532831182 ) );
#3280 = ORIENTED_EDGE( '', *, *, #6407, .T. );
#3281 = ORIENTED_EDGE( '', *, *, #6695, .F. );
#3282 = ORIENTED_EDGE( '', *, *, #6277, .T. );
#3283 = ORIENTED_EDGE( '', *, *, #6694, .T. );
#3284 = CARTESIAN_POINT( '', ( 31.8000000000000, 72.2017462684322, -45.2426548003099 ) );
#3285 = DIRECTION( '', ( 0.000000000000000, 0.841253532831197, -0.540640817455573 ) );
#3286 = DIRECTION( '', ( 0.000000000000000, 0.540640817455573, 0.841253532831197 ) );
#3287 = ORIENTED_EDGE( '', *, *, #6406, .T. );
#3288 = ORIENTED_EDGE( '', *, *, #6696, .F. );
#3289 = ORIENTED_EDGE( '', *, *, #6278, .T. );
#3290 = ORIENTED_EDGE( '', *, *, #6695, .T. );
#3291 = CARTESIAN_POINT( '', ( 31.8000000000000, 73.5477519209621, -46.1076801082388 ) );
#3292 = DIRECTION( '', ( 1.00000000000000, -0.000000000000000, -0.000000000000000 ) );
#3293 = DIRECTION( '', ( 0.000000000000000, 0.540640817455597, 0.841253532831182 ) );
#3294 = ORIENTED_EDGE( '', *, *, #6405, .T. );
#3295 = ORIENTED_EDGE( '', *, *, #6697, .F. );
#3296 = ORIENTED_EDGE( '', *, *, #6279, .T. );
#3297 = ORIENTED_EDGE( '', *, *, #6696, .T. );
#3298 = CARTESIAN_POINT( '', ( 31.8000000000000, 74.7704910001166, -44.7435453238570 ) );
#3299 = DIRECTION( '', ( 0.000000000000000, -0.220310532786537, -0.975429786885408 ) );
#3300 = DIRECTION( '', ( 0.000000000000000, 0.975429786885408, -0.220310532786537 ) );
#3301 = ORIENTED_EDGE( '', *, *, #6698, .F. );
#3302 = ORIENTED_EDGE( '', *, *, #6280, .F. );
#3303 = ORIENTED_EDGE( '', *, *, #6697, .T. );
#3304 = ORIENTED_EDGE( '', *, *, #6404, .F. );
#3305 = CARTESIAN_POINT( '', ( 31.8000000000000, 75.1229878525751, -43.1828576648404 ) );
#3306 = DIRECTION( '', ( 1.00000000000000, -0.000000000000000, -0.000000000000000 ) );
#3307 = DIRECTION( '', ( 0.000000000000000, 0.540640817455597, 0.841253532831182 ) );
#3308 = ORIENTED_EDGE( '', *, *, #6699, .F. );
#3309 = ORIENTED_EDGE( '', *, *, #6266, .F. );
#3310 = ORIENTED_EDGE( '', *, *, #6700, .T. );
#3311 = ORIENTED_EDGE( '', *, *, #6418, .F. );
#3312 = CARTESIAN_POINT( '', ( 31.8000000000000, 62.5982399552830, -59.9139620998380 ) );
#3313 = DIRECTION( '', ( 1.00000000000000, -0.000000000000000, -0.000000000000000 ) );
#3314 = DIRECTION( '', ( 0.000000000000000, 0.654860733945285, 0.755749574354259 ) );
#3315 = ORIENTED_EDGE( '', *, *, #6417, .T. );
#3316 = ORIENTED_EDGE( '', *, *, #6701, .F. );
#3317 = ORIENTED_EDGE( '', *, *, #6267, .T. );
#3318 = ORIENTED_EDGE( '', *, *, #6699, .T. );
#3319 = CARTESIAN_POINT( '', ( 31.8000000000000, 63.5626322888403, -58.3564313641451 ) );
#3320 = DIRECTION( '', ( 0.000000000000000, 0.873849377069786, 0.486196736100467 ) );
#3321 = DIRECTION( '', ( 0.000000000000000, -0.486196736100467, 0.873849377069786 ) );
#3322 = ORIENTED_EDGE( '', *, *, #6416, .T. );
#3323 = ORIENTED_EDGE( '', *, *, #6702, .F. );
#3324 = ORIENTED_EDGE( '', *, *, #6268, .T. );
#3325 = ORIENTED_EDGE( '', *, *, #6701, .T. );
#3326 = CARTESIAN_POINT( '', ( 31.8000000000000, 64.9607912921520, -57.5785165863844 ) );
#3327 = DIRECTION( '', ( 1.00000000000000, -0.000000000000000, -0.000000000000000 ) );
#3328 = DIRECTION( '', ( 0.000000000000000, 0.654860733945285, 0.755749574354259 ) );
#3329 = ORIENTED_EDGE( '', *, *, #6415, .T. );
#3330 = ORIENTED_EDGE( '', *, *, #6703, .F. );
#3331 = ORIENTED_EDGE( '', *, *, #6269, .T. );
#3332 = ORIENTED_EDGE( '', *, *, #6702, .T. );
#3333 = CARTESIAN_POINT( '', ( 31.8000000000000, 65.0281354967806, -55.0575296522048 ) );
#3334 = DIRECTION( '', ( 0.000000000000000, 0.755749574354277, -0.654860733945263 ) );
#3335 = DIRECTION( '', ( 0.000000000000000, 0.654860733945263, 0.755749574354277 ) );
#3336 = ORIENTED_EDGE( '', *, *, #6414, .T. );
#3337 = ORIENTED_EDGE( '', *, *, #6704, .F. );
#3338 = ORIENTED_EDGE( '', *, *, #6270, .T. );
#3339 = ORIENTED_EDGE( '', *, *, #6703, .T. );
#3340 = CARTESIAN_POINT( '', ( 31.8000000000000, 66.2373348157474, -56.1053068265172 ) );
#3341 = DIRECTION( '', ( 1.00000000000000, -0.000000000000000, -0.000000000000000 ) );
#3342 = DIRECTION( '', ( 0.000000000000000, 0.654860733945285, 0.755749574354259 ) );
#3343 = ORIENTED_EDGE( '', *, *, #6413, .T. );
#3344 = ORIENTED_EDGE( '', *, *, #6705, .F. );
#3345 = ORIENTED_EDGE( '', *, *, #6271, .T. );
#3346 = ORIENTED_EDGE( '', *, *, #6704, .T. );
#3347 = CARTESIAN_POINT( '', ( 31.8000000000000, 67.6417647953426, -54.9290708816207 ) );
#3348 = DIRECTION( '', ( 0.000000000000000, -0.356886221591869, -0.934147860265108 ) );
#3349 = DIRECTION( '', ( 0.000000000000000, 0.934147860265108, -0.356886221591869 ) );
#3350 = ORIENTED_EDGE( '', *, *, #6706, .F. );
#3351 = ORIENTED_EDGE( '', *, *, #6272, .F. );
#3352 = ORIENTED_EDGE( '', *, *, #6705, .T. );
#3353 = ORIENTED_EDGE( '', *, *, #6412, .F. );
#3354 = CARTESIAN_POINT( '', ( 31.8000000000000, 68.2127827498896, -53.4344343051966 ) );
#3355 = DIRECTION( '', ( 1.00000000000000, -0.000000000000000, -0.000000000000000 ) );
#3356 = DIRECTION( '', ( 0.000000000000000, 0.654860733945285, 0.755749574354259 ) );
#3357 = ORIENTED_EDGE( '', *, *, #6707, .F. );
#3358 = ORIENTED_EDGE( '', *, *, #6258, .F. );
#3359 = ORIENTED_EDGE( '', *, *, #6708, .T. );
#3360 = ORIENTED_EDGE( '', *, *, #6426, .F. );
#3361 = CARTESIAN_POINT( '', ( 31.8000000000000, 53.4344343051967, -68.2127827498896 ) );
#3362 = DIRECTION( '', ( 1.00000000000000, -0.000000000000000, -0.000000000000000 ) );
#3363 = DIRECTION( '', ( 0.000000000000000, 0.755749574354258, 0.654860733945285 ) );
#3364 = ORIENTED_EDGE( '', *, *, #6425, .T. );
#3365 = ORIENTED_EDGE( '', *, *, #6709, .F. );
#3366 = ORIENTED_EDGE( '', *, *, #6259, .T. );
#3367 = ORIENTED_EDGE( '', *, *, #6707, .T. );
#3368 = CARTESIAN_POINT( '', ( 31.8000000000000, 54.6106702500931, -66.8083527702944 ) );
#3369 = DIRECTION( '', ( 0.000000000000000, 0.934147860265107, 0.356886221591870 ) );
#3370 = DIRECTION( '', ( 0.000000000000000, -0.356886221591870, 0.934147860265107 ) );
#3371 = ORIENTED_EDGE( '', *, *, #6424, .T. );
#3372 = ORIENTED_EDGE( '', *, *, #6710, .F. );
#3373 = ORIENTED_EDGE( '', *, *, #6260, .T. );
#3374 = ORIENTED_EDGE( '', *, *, #6709, .T. );
#3375 = CARTESIAN_POINT( '', ( 31.8000000000000, 56.1053068265173, -66.2373348157474 ) );
#3376 = DIRECTION( '', ( 1.00000000000000, -0.000000000000000, -0.000000000000000 ) );
#3377 = DIRECTION( '', ( 0.000000000000000, 0.755749574354258, 0.654860733945285 ) );
#3378 = ORIENTED_EDGE( '', *, *, #6423, .T. );
#3379 = ORIENTED_EDGE( '', *, *, #6711, .F. );
#3380 = ORIENTED_EDGE( '', *, *, #6261, .T. );
#3381 = ORIENTED_EDGE( '', *, *, #6710, .T. );
#3382 = CARTESIAN_POINT( '', ( 31.8000000000000, 56.5307394120719, -63.7515919731851 ) );
#3383 = DIRECTION( '', ( 0.000000000000000, 0.654860733945307, -0.755749574354239 ) );
#3384 = DIRECTION( '', ( 0.000000000000000, 0.755749574354239, 0.654860733945307 ) );
#3385 = ORIENTED_EDGE( '', *, *, #6422, .T. );
#3386 = ORIENTED_EDGE( '', *, *, #6712, .F. );
#3387 = ORIENTED_EDGE( '', *, *, #6262, .T. );
#3388 = ORIENTED_EDGE( '', *, *, #6711, .T. );
#3389 = CARTESIAN_POINT( '', ( 31.8000000000000, 57.5785165863844, -64.9607912921519 ) );
#3390 = DIRECTION( '', ( 1.00000000000000, -0.000000000000000, -0.000000000000000 ) );
#3391 = DIRECTION( '', ( 0.000000000000000, 0.755749574354258, 0.654860733945285 ) );
#3392 = ORIENTED_EDGE( '', *, *, #6421, .T. );
#3393 = ORIENTED_EDGE( '', *, *, #6713, .F. );
#3394 = ORIENTED_EDGE( '', *, *, #6263, .T. );
#3395 = ORIENTED_EDGE( '', *, *, #6712, .T. );
#3396 = CARTESIAN_POINT( '', ( 31.8000000000000, 59.1360473220772, -63.9963989585946 ) );
#3397 = DIRECTION( '', ( 0.000000000000000, -0.486196736100466, -0.873849377069786 ) );
#3398 = DIRECTION( '', ( 0.000000000000000, 0.873849377069786, -0.486196736100466 ) );
#3399 = ORIENTED_EDGE( '', *, *, #6714, .F. );
#3400 = ORIENTED_EDGE( '', *, *, #6264, .F. );
#3401 = ORIENTED_EDGE( '', *, *, #6713, .T. );
#3402 = ORIENTED_EDGE( '', *, *, #6420, .F. );
#3403 = CARTESIAN_POINT( '', ( 31.8000000000000, 59.9139620998380, -62.5982399552829 ) );
#3404 = DIRECTION( '', ( 1.00000000000000, -0.000000000000000, -0.000000000000000 ) );
#3405 = DIRECTION( '', ( 0.000000000000000, 0.755749574354258, 0.654860733945286 ) );
#3406 = ORIENTED_EDGE( '', *, *, #6715, .F. );
#3407 = ORIENTED_EDGE( '', *, *, #6250, .F. );
#3408 = ORIENTED_EDGE( '', *, *, #6716, .T. );
#3409 = ORIENTED_EDGE( '', *, *, #6434, .F. );
#3410 = CARTESIAN_POINT( '', ( 31.8000000000000, 43.1828576648405, -75.1229878525751 ) );
#3411 = DIRECTION( '', ( 1.00000000000000, -0.000000000000000, -0.000000000000000 ) );
#3412 = DIRECTION( '', ( 0.000000000000000, 0.841253532831181, 0.540640817455598 ) );
#3413 = ORIENTED_EDGE( '', *, *, #6433, .T. );
#3414 = ORIENTED_EDGE( '', *, *, #6717, .F. );
#3415 = ORIENTED_EDGE( '', *, *, #6251, .T. );
#3416 = ORIENTED_EDGE( '', *, *, #6715, .T. );
#3417 = CARTESIAN_POINT( '', ( 31.8000000000000, 44.5469924492223, -73.9002487734205 ) );
#3418 = DIRECTION( '', ( 0.000000000000000, 0.975429786885407, 0.220310532786539 ) );
#3419 = DIRECTION( '', ( 0.000000000000000, -0.220310532786539, 0.975429786885407 ) );
#3420 = ORIENTED_EDGE( '', *, *, #6432, .T. );
#3421 = ORIENTED_EDGE( '', *, *, #6718, .F. );
#3422 = ORIENTED_EDGE( '', *, *, #6252, .T. );
#3423 = ORIENTED_EDGE( '', *, *, #6717, .T. );
#3424 = CARTESIAN_POINT( '', ( 31.8000000000000, 46.1076801082389, -73.5477519209621 ) );
#3425 = DIRECTION( '', ( 1.00000000000000, -0.000000000000000, -0.000000000000000 ) );
#3426 = DIRECTION( '', ( 0.000000000000000, 0.841253532831181, 0.540640817455598 ) );
#3427 = ORIENTED_EDGE( '', *, *, #6431, .T. );
#3428 = ORIENTED_EDGE( '', *, *, #6719, .F. );
#3429 = ORIENTED_EDGE( '', *, *, #6253, .T. );
#3430 = ORIENTED_EDGE( '', *, *, #6718, .T. );
#3431 = CARTESIAN_POINT( '', ( 31.8000000000000, 46.8825404941240, -71.1478557260013 ) );
#3432 = DIRECTION( '', ( 0.000000000000000, 0.540640817455622, -0.841253532831166 ) );
#3433 = DIRECTION( '', ( 0.000000000000000, 0.841253532831166, 0.540640817455622 ) );
#3434 = ORIENTED_EDGE( '', *, *, #6430, .T. );
#3435 = ORIENTED_EDGE( '', *, *, #6720, .F. );
#3436 = ORIENTED_EDGE( '', *, *, #6254, .T. );
#3437 = ORIENTED_EDGE( '', *, *, #6719, .T. );
#3438 = CARTESIAN_POINT( '', ( 31.8000000000000, 47.7475658020530, -72.4938613785311 ) );
#3439 = DIRECTION( '', ( 1.00000000000000, -0.000000000000000, -0.000000000000000 ) );
#3440 = DIRECTION( '', ( 0.000000000000000, 0.841253532831181, 0.540640817455598 ) );
#3441 = ORIENTED_EDGE( '', *, *, #6429, .T. );
#3442 = ORIENTED_EDGE( '', *, *, #6721, .F. );
#3443 = ORIENTED_EDGE( '', *, *, #6255, .T. );
#3444 = ORIENTED_EDGE( '', *, *, #6720, .T. );
#3445 = CARTESIAN_POINT( '', ( 31.8000000000000, 49.4264904596125, -71.7609449031463 ) );
#3446 = DIRECTION( '', ( 0.000000000000000, -0.605609687137664, -0.795761840530834 ) );
#3447 = DIRECTION( '', ( 0.000000000000000, 0.795761840530834, -0.605609687137664 ) );
#3448 = ORIENTED_EDGE( '', *, *, #6722, .F. );
#3449 = ORIENTED_EDGE( '', *, *, #6256, .F. );
#3450 = ORIENTED_EDGE( '', *, *, #6721, .T. );
#3451 = ORIENTED_EDGE( '', *, *, #6428, .F. );
#3452 = CARTESIAN_POINT( '', ( 31.8000000000000, 50.3954659590328, -70.4877259582970 ) );
#3453 = DIRECTION( '', ( 1.00000000000000, -0.000000000000000, -0.000000000000000 ) );
#3454 = DIRECTION( '', ( 0.000000000000000, 0.841253532831181, 0.540640817455598 ) );
#3455 = ORIENTED_EDGE( '', *, *, #6723, .F. );
#3456 = ORIENTED_EDGE( '', *, *, #6242, .F. );
#3457 = ORIENTED_EDGE( '', *, *, #6724, .T. );
#3458 = ORIENTED_EDGE( '', *, *, #6442, .F. );
#3459 = CARTESIAN_POINT( '', ( 31.8000000000000, 32.0522025715063, -80.5039055593897 ) );
#3460 = DIRECTION( '', ( 1.00000000000000, -0.000000000000000, -0.000000000000000 ) );
#3461 = DIRECTION( '', ( 0.000000000000000, 0.909631995354518, 0.415415013001887 ) );
#3462 = ORIENTED_EDGE( '', *, *, #6441, .T. );
#3463 = ORIENTED_EDGE( '', *, *, #6725, .F. );
#3464 = ORIENTED_EDGE( '', *, *, #6243, .T. );
#3465 = ORIENTED_EDGE( '', *, *, #6723, .T. );
#3466 = CARTESIAN_POINT( '', ( 31.8000000000000, 33.5764663450033, -79.4877488222391 ) );
#3467 = DIRECTION( '', ( 0.000000000000000, 0.996854775951942, 0.0792499568567868 ) );
#3468 = DIRECTION( '', ( 0.000000000000000, -0.0792499568567868, 0.996854775951942 ) );
#3469 = ORIENTED_EDGE( '', *, *, #6440, .T. );
#3470 = ORIENTED_EDGE( '', *, *, #6726, .F. );
#3471 = ORIENTED_EDGE( '', *, *, #6244, .T. );
#3472 = ORIENTED_EDGE( '', *, *, #6725, .T. );
#3473 = CARTESIAN_POINT( '', ( 31.8000000000000, 35.1714339865265, -79.3609488912682 ) );
#3474 = DIRECTION( '', ( 1.00000000000000, -0.000000000000000, -0.000000000000000 ) );
#3475 = DIRECTION( '', ( 0.000000000000000, 0.909631995354518, 0.415415013001887 ) );
#3476 = ORIENTED_EDGE( '', *, *, #6439, .T. );
#3477 = ORIENTED_EDGE( '', *, *, #6727, .F. );
#3478 = ORIENTED_EDGE( '', *, *, #6245, .T. );
#3479 = ORIENTED_EDGE( '', *, *, #6726, .T. );
#3480 = CARTESIAN_POINT( '', ( 31.8000000000000, 36.2799482497981, -77.0957543097092 ) );
#3481 = DIRECTION( '', ( 0.000000000000000, 0.415415013001913, -0.909631995354506 ) );
#3482 = DIRECTION( '', ( 0.000000000000000, 0.909631995354506, 0.415415013001913 ) );
#3483 = ORIENTED_EDGE( '', *, *, #6438, .T. );
#3484 = ORIENTED_EDGE( '', *, *, #6728, .F. );
#3485 = ORIENTED_EDGE( '', *, *, #6246, .T. );
#3486 = ORIENTED_EDGE( '', *, *, #6727, .T. );
#3487 = CARTESIAN_POINT( '', ( 31.8000000000000, 36.9446122706012, -78.5511655022763 ) );
#3488 = DIRECTION( '', ( 1.00000000000000, -0.000000000000000, -0.000000000000000 ) );
#3489 = DIRECTION( '', ( 0.000000000000000, 0.909631995354518, 0.415415013001887 ) );
#3490 = ORIENTED_EDGE( '', *, *, #6437, .T. );
#3491 = ORIENTED_EDGE( '', *, *, #6729, .F. );
#3492 = ORIENTED_EDGE( '', *, *, #6247, .T. );
#3493 = ORIENTED_EDGE( '', *, *, #6728, .T. );
#3494 = CARTESIAN_POINT( '', ( 31.8000000000000, 38.7107527856185, -78.0646449509462 ) );
#3495 = DIRECTION( '', ( 0.000000000000000, -0.712694171378861, -0.701474887706323 ) );
#3496 = DIRECTION( '', ( 0.000000000000000, 0.701474887706323, -0.712694171378861 ) );
#3497 = ORIENTED_EDGE( '', *, *, #6730, .F. );
#3498 = ORIENTED_EDGE( '', *, *, #6248, .F. );
#3499 = ORIENTED_EDGE( '', *, *, #6729, .T. );
#3500 = ORIENTED_EDGE( '', *, *, #6436, .F. );
#3501 = CARTESIAN_POINT( '', ( 31.8000000000000, 39.8510634598247, -76.9422851306161 ) );
#3502 = DIRECTION( '', ( 1.00000000000000, -0.000000000000000, -0.000000000000000 ) );
#3503 = DIRECTION( '', ( 0.000000000000000, 0.909631995354518, 0.415415013001887 ) );
#3504 = ORIENTED_EDGE( '', *, *, #6731, .F. );
#3505 = ORIENTED_EDGE( '', *, *, #6234, .F. );
#3506 = ORIENTED_EDGE( '', *, *, #6732, .T. );
#3507 = ORIENTED_EDGE( '', *, *, #6450, .F. );
#3508 = CARTESIAN_POINT( '', ( 31.8000000000000, 20.2690570647357, -84.2459959031080 ) );
#3509 = DIRECTION( '', ( 1.00000000000000, -0.000000000000000, -0.000000000000000 ) );
#3510 = DIRECTION( '', ( 0.000000000000000, 0.959492973614497, 0.281732556841430 ) );
#3511 = ORIENTED_EDGE( '', *, *, #6449, .T. );
#3512 = ORIENTED_EDGE( '', *, *, #6733, .F. );
#3513 = ORIENTED_EDGE( '', *, *, #6235, .T. );
#3514 = ORIENTED_EDGE( '', *, *, #6731, .T. );
#3515 = CARTESIAN_POINT( '', ( 31.8000000000000, 21.9224202125333, -83.4571075287757 ) );
#3516 = DIRECTION( '', ( 0.000000000000000, 0.997986676471884, -0.0634239196565666 ) );
#3517 = DIRECTION( '', ( 0.000000000000000, 0.0634239196565666, 0.997986676471884 ) );
#3518 = ORIENTED_EDGE( '', *, *, #6448, .T. );
#3519 = ORIENTED_EDGE( '', *, *, #6734, .F. );
#3520 = ORIENTED_EDGE( '', *, *, #6236, .T. );
#3521 = ORIENTED_EDGE( '', *, *, #6733, .T. );
#3522 = CARTESIAN_POINT( '', ( 31.8000000000000, 23.5191988948883, -83.5585858002262 ) );
#3523 = DIRECTION( '', ( 1.00000000000000, -0.000000000000000, -0.000000000000000 ) );
#3524 = DIRECTION( '', ( 0.000000000000000, 0.959492973614497, 0.281732556841430 ) );
#3525 = ORIENTED_EDGE( '', *, *, #6447, .T. );
#3526 = ORIENTED_EDGE( '', *, *, #6735, .F. );
#3527 = ORIENTED_EDGE( '', *, *, #6237, .T. );
#3528 = ORIENTED_EDGE( '', *, *, #6734, .T. );
#3529 = CARTESIAN_POINT( '', ( 31.8000000000000, 24.9388008818376, -81.4742056614676 ) );
#3530 = DIRECTION( '', ( 0.000000000000000, 0.281732556841457, -0.959492973614489 ) );
#3531 = DIRECTION( '', ( 0.000000000000000, 0.959492973614489, 0.281732556841457 ) );
#3532 = ORIENTED_EDGE( '', *, *, #6446, .T. );
#3533 = ORIENTED_EDGE( '', *, *, #6736, .F. );
#3534 = ORIENTED_EDGE( '', *, *, #6238, .T. );
#3535 = ORIENTED_EDGE( '', *, *, #6735, .T. );
#3536 = CARTESIAN_POINT( '', ( 31.8000000000000, 25.3895729727839, -83.0093944192508 ) );
#3537 = DIRECTION( '', ( 1.00000000000000, -0.000000000000000, -0.000000000000000 ) );
#3538 = DIRECTION( '', ( 0.000000000000000, 0.959492973614497, 0.281732556841430 ) );
#3539 = ORIENTED_EDGE( '', *, *, #6445, .T. );
#3540 = ORIENTED_EDGE( '', *, *, #6737, .F. );
#3541 = ORIENTED_EDGE( '', *, *, #6239, .T. );
#3542 = ORIENTED_EDGE( '', *, *, #6736, .T. );
#3543 = CARTESIAN_POINT( '', ( 31.8000000000000, 27.2069758175018, -82.7791739473911 ) );
#3544 = DIRECTION( '', ( 0.000000000000000, -0.805270257531057, -0.592907929054643 ) );
#3545 = DIRECTION( '', ( 0.000000000000000, 0.592907929054643, -0.805270257531057 ) );
#3546 = ORIENTED_EDGE( '', *, *, #6738, .F. );
#3547 = ORIENTED_EDGE( '', *, *, #6240, .F. );
#3548 = ORIENTED_EDGE( '', *, *, #6737, .T. );
#3549 = ORIENTED_EDGE( '', *, *, #6444, .F. );
#3550 = CARTESIAN_POINT( '', ( 31.8000000000000, 28.4954082295515, -81.8305212609037 ) );
#3551 = DIRECTION( '', ( 1.00000000000000, -0.000000000000000, -0.000000000000000 ) );
#3552 = DIRECTION( '', ( 0.000000000000000, 0.959492973614497, 0.281732556841430 ) );
#3553 = ORIENTED_EDGE( '', *, *, #6739, .F. );
#3554 = ORIENTED_EDGE( '', *, *, #6226, .F. );
#3555 = ORIENTED_EDGE( '', *, *, #6740, .T. );
#3556 = ORIENTED_EDGE( '', *, *, #6458, .F. );
#3557 = CARTESIAN_POINT( '', ( 31.8000000000000, 8.07329200726103, -86.2730807156294 ) );
#3558 = DIRECTION( '', ( 1.00000000000000, -0.000000000000000, -0.000000000000000 ) );
#3559 = DIRECTION( '', ( 0.000000000000000, 0.989821441880933, 0.142314838273286 ) );
#3560 = ORIENTED_EDGE( '', *, *, #6457, .T. );
#3561 = ORIENTED_EDGE( '', *, *, #6741, .F. );
#3562 = ORIENTED_EDGE( '', *, *, #6227, .T. );
#3563 = ORIENTED_EDGE( '', *, *, #6739, .T. );
#3564 = CARTESIAN_POINT( '', ( 31.8000000000000, 9.82209682357565, -85.7275201964504 ) );
#3565 = DIRECTION( '', ( 0.000000000000000, 0.978802446214779, -0.204806668065192 ) );
#3566 = DIRECTION( '', ( 0.000000000000000, 0.204806668065192, 0.978802446214778 ) );
#3567 = ORIENTED_EDGE( '', *, *, #6456, .T. );
#3568 = ORIENTED_EDGE( '', *, *, #6742, .F. );
#3569 = ORIENTED_EDGE( '', *, *, #6228, .T. );
#3570 = ORIENTED_EDGE( '', *, *, #6741, .T. );
#3571 = CARTESIAN_POINT( '', ( 31.8000000000000, 11.3881807375193, -86.0552108653547 ) );
#3572 = DIRECTION( '', ( 1.00000000000000, -0.000000000000000, -0.000000000000000 ) );
#3573 = DIRECTION( '', ( 0.000000000000000, 0.989821441880933, 0.142314838273286 ) );
#3574 = ORIENTED_EDGE( '', *, *, #6455, .T. );
#3575 = ORIENTED_EDGE( '', *, *, #6743, .F. );
#3576 = ORIENTED_EDGE( '', *, *, #6229, .T. );
#3577 = ORIENTED_EDGE( '', *, *, #6742, .T. );
#3578 = CARTESIAN_POINT( '', ( 31.8000000000000, 13.0899714454859, -84.1940771381659 ) );
#3579 = DIRECTION( '', ( 0.000000000000000, 0.142314838273314, -0.989821441880929 ) );
#3580 = DIRECTION( '', ( 0.000000000000000, 0.989821441880929, 0.142314838273314 ) );
#3581 = ORIENTED_EDGE( '', *, *, #6454, .T. );
#3582 = ORIENTED_EDGE( '', *, *, #6744, .F. );
#3583 = ORIENTED_EDGE( '', *, *, #6230, .T. );
#3584 = ORIENTED_EDGE( '', *, *, #6743, .T. );
#3585 = CARTESIAN_POINT( '', ( 31.8000000000000, 13.3176751867232, -85.7777914451754 ) );
#3586 = DIRECTION( '', ( 1.00000000000000, -0.000000000000000, -0.000000000000000 ) );
#3587 = DIRECTION( '', ( 0.000000000000000, 0.989821441880933, 0.142314838273286 ) );
#3588 = ORIENTED_EDGE( '', *, *, #6453, .T. );
#3589 = ORIENTED_EDGE( '', *, *, #6745, .F. );
#3590 = ORIENTED_EDGE( '', *, *, #6231, .T. );
#3591 = ORIENTED_EDGE( '', *, *, #6744, .T. );
#3592 = CARTESIAN_POINT( '', ( 31.8000000000000, 15.1493432801803, -85.8085576776921 ) );
#3593 = DIRECTION( '', ( 0.000000000000000, -0.881453363447580, -0.472271074772686 ) );
#3594 = DIRECTION( '', ( 0.000000000000000, 0.472271074772686, -0.881453363447580 ) );
#3595 = ORIENTED_EDGE( '', *, *, #6746, .F. );
#3596 = ORIENTED_EDGE( '', *, *, #6232, .F. );
#3597 = ORIENTED_EDGE( '', *, *, #6745, .T. );
#3598 = ORIENTED_EDGE( '', *, *, #6452, .F. );
#3599 = CARTESIAN_POINT( '', ( 31.8000000000000, 16.5596686616964, -85.0529239580559 ) );
#3600 = DIRECTION( '', ( 1.00000000000000, -0.000000000000000, -0.000000000000000 ) );
#3601 = DIRECTION( '', ( 0.000000000000000, 0.989821441880933, 0.142314838273286 ) );
#3602 = ORIENTED_EDGE( '', *, *, #6747, .F. );
#3603 = ORIENTED_EDGE( '', *, *, #6218, .F. );
#3604 = ORIENTED_EDGE( '', *, *, #6748, .T. );
#3605 = ORIENTED_EDGE( '', *, *, #6466, .F. );
#3606 = CARTESIAN_POINT( '', ( 31.8000000000000, -4.28682199402996, -86.5438943958007 ) );
#3607 = DIRECTION( '', ( 1.00000000000000, -0.000000000000000, -0.000000000000000 ) );
#3608 = DIRECTION( '', ( 0.000000000000000, 1.00000000000000, 9.49410759657493E-16 ) );
#3609 = ORIENTED_EDGE( '', *, *, #6465, .T. );
#3610 = ORIENTED_EDGE( '', *, *, #6749, .F. );
#3611 = ORIENTED_EDGE( '', *, *, #6219, .T. );
#3612 = ORIENTED_EDGE( '', *, *, #6747, .T. );
#3613 = CARTESIAN_POINT( '', ( 31.8000000000000, -2.47817613212186, -86.2527677706791 ) );
#3614 = DIRECTION( '', ( 0.000000000000000, 0.939692620785908, -0.342020143325670 ) );
#3615 = DIRECTION( '', ( 0.000000000000000, 0.342020143325670, 0.939692620785908 ) );
#3616 = ORIENTED_EDGE( '', *, *, #6464, .T. );
#3617 = ORIENTED_EDGE( '', *, *, #6750, .F. );
#3618 = ORIENTED_EDGE( '', *, *, #6220, .T. );
#3619 = ORIENTED_EDGE( '', *, *, #6749, .T. );
#3620 = CARTESIAN_POINT( '', ( 31.8000000000000, -0.974667938864403, -86.8000000000001 ) );
#3621 = DIRECTION( '', ( 1.00000000000000, -0.000000000000000, -0.000000000000000 ) );
#3622 = DIRECTION( '', ( 0.000000000000000, 1.00000000000000, 9.49410759657493E-16 ) );
#3623 = ORIENTED_EDGE( '', *, *, #6463, .T. );
#3624 = ORIENTED_EDGE( '', *, *, #6751, .F. );
#3625 = ORIENTED_EDGE( '', *, *, #6221, .T. );
#3626 = ORIENTED_EDGE( '', *, *, #6750, .T. );
#3627 = CARTESIAN_POINT( '', ( 31.8000000000000, 0.974667938864508, -85.2000000000001 ) );
#3628 = DIRECTION( '', ( 0.000000000000000, 2.94263663553909E-14, -1.00000000000000 ) );
#3629 = DIRECTION( '', ( 0.000000000000000, 1.00000000000000, 2.94263663553909E-14 ) );
#3630 = ORIENTED_EDGE( '', *, *, #6462, .T. );
#3631 = ORIENTED_EDGE( '', *, *, #6752, .F. );
#3632 = ORIENTED_EDGE( '', *, *, #6222, .T. );
#3633 = ORIENTED_EDGE( '', *, *, #6751, .T. );
#3634 = CARTESIAN_POINT( '', ( 31.8000000000000, 0.974667938864549, -86.8000000000001 ) );
#3635 = DIRECTION( '', ( 1.00000000000000, -0.000000000000000, -0.000000000000000 ) );
#3636 = DIRECTION( '', ( 0.000000000000000, 1.00000000000000, 9.49410759657493E-16 ) );
#3637 = ORIENTED_EDGE( '', *, *, #6461, .T. );
#3638 = ORIENTED_EDGE( '', *, *, #6753, .F. );
#3639 = ORIENTED_EDGE( '', *, *, #6223, .T. );
#3640 = ORIENTED_EDGE( '', *, *, #6752, .T. );
#3641 = CARTESIAN_POINT( '', ( 31.8000000000000, 2.78331380077268, -87.0911266251217 ) );
#3642 = DIRECTION( '', ( 0.000000000000000, -0.939692620785907, -0.342020143325672 ) );
#3643 = DIRECTION( '', ( 0.000000000000000, 0.342020143325672, -0.939692620785907 ) );
#3644 = ORIENTED_EDGE( '', *, *, #6754, .F. );
#3645 = ORIENTED_EDGE( '', *, *, #6224, .F. );
#3646 = ORIENTED_EDGE( '', *, *, #6753, .T. );
#3647 = ORIENTED_EDGE( '', *, *, #6460, .F. );
#3648 = CARTESIAN_POINT( '', ( 31.8000000000000, 4.28682199403012, -86.5438943958007 ) );
#3649 = DIRECTION( '', ( 1.00000000000000, -0.000000000000000, -0.000000000000000 ) );
#3650 = DIRECTION( '', ( 0.000000000000000, 1.00000000000000, 9.49410759657493E-16 ) );
#3651 = ORIENTED_EDGE( '', *, *, #6755, .F. );
#3652 = ORIENTED_EDGE( '', *, *, #6210, .F. );
#3653 = ORIENTED_EDGE( '', *, *, #6756, .T. );
#3654 = ORIENTED_EDGE( '', *, *, #6474, .F. );
#3655 = CARTESIAN_POINT( '', ( 31.8000000000000, -16.5596686616963, -85.0529239580559 ) );
#3656 = DIRECTION( '', ( 1.00000000000000, -0.000000000000000, -0.000000000000000 ) );
#3657 = DIRECTION( '', ( 0.000000000000000, 0.989821441880933, -0.142314838273284 ) );
#3658 = ORIENTED_EDGE( '', *, *, #6473, .T. );
#3659 = ORIENTED_EDGE( '', *, *, #6757, .F. );
#3660 = ORIENTED_EDGE( '', *, *, #6211, .T. );
#3661 = ORIENTED_EDGE( '', *, *, #6755, .T. );
#3662 = CARTESIAN_POINT( '', ( 31.8000000000000, -14.7280005682392, -85.0221577255391 ) );
#3663 = DIRECTION( '', ( 0.000000000000000, 0.881453363447581, -0.472271074772684 ) );
#3664 = DIRECTION( '', ( 0.000000000000000, 0.472271074772684, 0.881453363447581 ) );
#3665 = ORIENTED_EDGE( '', *, *, #6472, .T. );
#3666 = ORIENTED_EDGE( '', *, *, #6758, .F. );
#3667 = ORIENTED_EDGE( '', *, *, #6212, .T. );
#3668 = ORIENTED_EDGE( '', *, *, #6757, .T. );
#3669 = CARTESIAN_POINT( '', ( 31.8000000000000, -13.3176751867231, -85.7777914451755 ) );
#3670 = DIRECTION( '', ( 1.00000000000000, -0.000000000000000, -0.000000000000000 ) );
#3671 = DIRECTION( '', ( 0.000000000000000, 0.989821441880933, -0.142314838273284 ) );
#3672 = ORIENTED_EDGE( '', *, *, #6471, .T. );
#3673 = ORIENTED_EDGE( '', *, *, #6759, .F. );
#3674 = ORIENTED_EDGE( '', *, *, #6213, .T. );
#3675 = ORIENTED_EDGE( '', *, *, #6758, .T. );
#3676 = CARTESIAN_POINT( '', ( 31.8000000000000, -11.1604769962819, -84.4714965583452 ) );
#3677 = DIRECTION( '', ( 0.000000000000000, -0.142314838273256, -0.989821441880937 ) );
#3678 = DIRECTION( '', ( 0.000000000000000, 0.989821441880937, -0.142314838273256 ) );
#3679 = ORIENTED_EDGE( '', *, *, #6470, .T. );
#3680 = ORIENTED_EDGE( '', *, *, #6760, .F. );
#3681 = ORIENTED_EDGE( '', *, *, #6214, .T. );
#3682 = ORIENTED_EDGE( '', *, *, #6759, .T. );
#3683 = CARTESIAN_POINT( '', ( 31.8000000000000, -11.3881807375192, -86.0552108653547 ) );
#3684 = DIRECTION( '', ( 1.00000000000000, -0.000000000000000, -0.000000000000000 ) );
#3685 = DIRECTION( '', ( 0.000000000000000, 0.989821441880933, -0.142314838273284 ) );
#3686 = ORIENTED_EDGE( '', *, *, #6469, .T. );
#3687 = ORIENTED_EDGE( '', *, *, #6761, .F. );
#3688 = ORIENTED_EDGE( '', *, *, #6215, .T. );
#3689 = ORIENTED_EDGE( '', *, *, #6760, .T. );
#3690 = CARTESIAN_POINT( '', ( 31.8000000000000, -9.63937592120450, -86.6007713845337 ) );
#3691 = DIRECTION( '', ( 0.000000000000000, -0.978802446214778, -0.204806668065194 ) );
#3692 = DIRECTION( '', ( 0.000000000000000, 0.204806668065194, -0.978802446214778 ) );
#3693 = ORIENTED_EDGE( '', *, *, #6762, .F. );
#3694 = ORIENTED_EDGE( '', *, *, #6216, .F. );
#3695 = ORIENTED_EDGE( '', *, *, #6761, .T. );
#3696 = ORIENTED_EDGE( '', *, *, #6468, .F. );
#3697 = CARTESIAN_POINT( '', ( 31.8000000000000, -8.07329200726088, -86.2730807156294 ) );
#3698 = DIRECTION( '', ( 1.00000000000000, -0.000000000000000, -0.000000000000000 ) );
#3699 = DIRECTION( '', ( 0.000000000000000, 0.989821441880933, -0.142314838273284 ) );
#3700 = ORIENTED_EDGE( '', *, *, #6763, .F. );
#3701 = ORIENTED_EDGE( '', *, *, #6202, .F. );
#3702 = ORIENTED_EDGE( '', *, *, #6764, .T. );
#3703 = ORIENTED_EDGE( '', *, *, #6482, .F. );
#3704 = CARTESIAN_POINT( '', ( 31.8000000000000, -28.4954082295515, -81.8305212609037 ) );
#3705 = DIRECTION( '', ( 1.00000000000000, -0.000000000000000, -0.000000000000000 ) );
#3706 = DIRECTION( '', ( 0.000000000000000, 0.959492973614497, -0.281732556841430 ) );
#3707 = ORIENTED_EDGE( '', *, *, #6481, .T. );
#3708 = ORIENTED_EDGE( '', *, *, #6765, .F. );
#3709 = ORIENTED_EDGE( '', *, *, #6203, .T. );
#3710 = ORIENTED_EDGE( '', *, *, #6763, .T. );
#3711 = CARTESIAN_POINT( '', ( 31.8000000000000, -26.6780053848336, -82.0607417327634 ) );
#3712 = DIRECTION( '', ( 0.000000000000000, 0.805270257531057, -0.592907929054642 ) );
#3713 = DIRECTION( '', ( 0.000000000000000, 0.592907929054642, 0.805270257531057 ) );
#3714 = ORIENTED_EDGE( '', *, *, #6480, .T. );
#3715 = ORIENTED_EDGE( '', *, *, #6766, .F. );
#3716 = ORIENTED_EDGE( '', *, *, #6204, .T. );
#3717 = ORIENTED_EDGE( '', *, *, #6765, .T. );
#3718 = CARTESIAN_POINT( '', ( 31.8000000000000, -25.3895729727839, -83.0093944192509 ) );
#3719 = DIRECTION( '', ( 1.00000000000000, -0.000000000000000, -0.000000000000000 ) );
#3720 = DIRECTION( '', ( 0.000000000000000, 0.959492973614497, -0.281732556841430 ) );
#3721 = ORIENTED_EDGE( '', *, *, #6479, .T. );
#3722 = ORIENTED_EDGE( '', *, *, #6767, .F. );
#3723 = ORIENTED_EDGE( '', *, *, #6205, .T. );
#3724 = ORIENTED_EDGE( '', *, *, #6766, .T. );
#3725 = CARTESIAN_POINT( '', ( 31.8000000000000, -23.0684268039421, -82.0233970424429 ) );
#3726 = DIRECTION( '', ( 0.000000000000000, -0.281732556841402, -0.959492973614505 ) );
#3727 = DIRECTION( '', ( 0.000000000000000, 0.959492973614505, -0.281732556841402 ) );
#3728 = ORIENTED_EDGE( '', *, *, #6478, .T. );
#3729 = ORIENTED_EDGE( '', *, *, #6768, .F. );
#3730 = ORIENTED_EDGE( '', *, *, #6206, .T. );
#3731 = ORIENTED_EDGE( '', *, *, #6767, .T. );
#3732 = CARTESIAN_POINT( '', ( 31.8000000000000, -23.5191988948883, -83.5585858002261 ) );
#3733 = DIRECTION( '', ( 1.00000000000000, -0.000000000000000, -0.000000000000000 ) );
#3734 = DIRECTION( '', ( 0.000000000000000, 0.959492973614497, -0.281732556841430 ) );
#3735 = ORIENTED_EDGE( '', *, *, #6477, .T. );
#3736 = ORIENTED_EDGE( '', *, *, #6769, .F. );
#3737 = ORIENTED_EDGE( '', *, *, #6207, .T. );
#3738 = ORIENTED_EDGE( '', *, *, #6768, .T. );
#3739 = CARTESIAN_POINT( '', ( 31.8000000000000, -21.8658357470907, -84.3474741745585 ) );
#3740 = DIRECTION( '', ( 0.000000000000000, -0.997986676471884, -0.0634239196565671 ) );
#3741 = DIRECTION( '', ( 0.000000000000000, 0.0634239196565671, -0.997986676471884 ) );
#3742 = ORIENTED_EDGE( '', *, *, #6770, .F. );
#3743 = ORIENTED_EDGE( '', *, *, #6208, .F. );
#3744 = ORIENTED_EDGE( '', *, *, #6769, .T. );
#3745 = ORIENTED_EDGE( '', *, *, #6476, .F. );
#3746 = CARTESIAN_POINT( '', ( 31.8000000000000, -20.2690570647357, -84.2459959031080 ) );
#3747 = DIRECTION( '', ( 1.00000000000000, -0.000000000000000, -0.000000000000000 ) );
#3748 = DIRECTION( '', ( 0.000000000000000, 0.959492973614497, -0.281732556841430 ) );
#3749 = ORIENTED_EDGE( '', *, *, #6771, .F. );
#3750 = ORIENTED_EDGE( '', *, *, #6194, .F. );
#3751 = ORIENTED_EDGE( '', *, *, #6772, .T. );
#3752 = ORIENTED_EDGE( '', *, *, #6490, .F. );
#3753 = CARTESIAN_POINT( '', ( 31.8000000000000, -39.8510634598246, -76.9422851306162 ) );
#3754 = DIRECTION( '', ( 1.00000000000000, -0.000000000000000, -0.000000000000000 ) );
#3755 = DIRECTION( '', ( 0.000000000000000, 0.909631995354519, -0.415415013001886 ) );
#3756 = ORIENTED_EDGE( '', *, *, #6489, .T. );
#3757 = ORIENTED_EDGE( '', *, *, #6773, .F. );
#3758 = ORIENTED_EDGE( '', *, *, #6195, .T. );
#3759 = ORIENTED_EDGE( '', *, *, #6771, .T. );
#3760 = CARTESIAN_POINT( '', ( 31.8000000000000, -38.0849229448073, -77.4288056819463 ) );
#3761 = DIRECTION( '', ( 0.000000000000000, 0.712694171378862, -0.701474887706322 ) );
#3762 = DIRECTION( '', ( 0.000000000000000, 0.701474887706322, 0.712694171378862 ) );
#3763 = ORIENTED_EDGE( '', *, *, #6488, .T. );
#3764 = ORIENTED_EDGE( '', *, *, #6774, .F. );
#3765 = ORIENTED_EDGE( '', *, *, #6196, .T. );
#3766 = ORIENTED_EDGE( '', *, *, #6773, .T. );
#3767 = CARTESIAN_POINT( '', ( 31.8000000000000, -36.9446122706011, -78.5511655022764 ) );
#3768 = DIRECTION( '', ( 1.00000000000000, -0.000000000000000, -0.000000000000000 ) );
#3769 = DIRECTION( '', ( 0.000000000000000, 0.909631995354519, -0.415415013001886 ) );
#3770 = ORIENTED_EDGE( '', *, *, #6487, .T. );
#3771 = ORIENTED_EDGE( '', *, *, #6775, .F. );
#3772 = ORIENTED_EDGE( '', *, *, #6197, .T. );
#3773 = ORIENTED_EDGE( '', *, *, #6774, .T. );
#3774 = CARTESIAN_POINT( '', ( 31.8000000000000, -34.5067699657234, -77.9055376987010 ) );
#3775 = DIRECTION( '', ( 0.000000000000000, -0.415415013001860, -0.909631995354531 ) );
#3776 = DIRECTION( '', ( 0.000000000000000, 0.909631995354531, -0.415415013001860 ) );
#3777 = ORIENTED_EDGE( '', *, *, #6486, .T. );
#3778 = ORIENTED_EDGE( '', *, *, #6776, .F. );
#3779 = ORIENTED_EDGE( '', *, *, #6198, .T. );
#3780 = ORIENTED_EDGE( '', *, *, #6775, .T. );
#3781 = CARTESIAN_POINT( '', ( 31.8000000000000, -35.1714339865263, -79.3609488912682 ) );
#3782 = DIRECTION( '', ( 1.00000000000000, -0.000000000000000, -0.000000000000000 ) );
#3783 = DIRECTION( '', ( 0.000000000000000, 0.909631995354519, -0.415415013001886 ) );
#3784 = ORIENTED_EDGE( '', *, *, #6485, .T. );
#3785 = ORIENTED_EDGE( '', *, *, #6777, .F. );
#3786 = ORIENTED_EDGE( '', *, *, #6199, .T. );
#3787 = ORIENTED_EDGE( '', *, *, #6776, .T. );
#3788 = CARTESIAN_POINT( '', ( 31.8000000000000, -33.6471702130293, -80.3771056284188 ) );
#3789 = DIRECTION( '', ( 0.000000000000000, -0.996854775951943, 0.0792499568567850 ) );
#3790 = DIRECTION( '', ( 0.000000000000000, -0.0792499568567850, -0.996854775951942 ) );
#3791 = ORIENTED_EDGE( '', *, *, #6778, .F. );
#3792 = ORIENTED_EDGE( '', *, *, #6200, .F. );
#3793 = ORIENTED_EDGE( '', *, *, #6777, .T. );
#3794 = ORIENTED_EDGE( '', *, *, #6484, .F. );
#3795 = CARTESIAN_POINT( '', ( 31.8000000000000, -32.0522025715062, -80.5039055593897 ) );
#3796 = DIRECTION( '', ( 1.00000000000000, -0.000000000000000, -0.000000000000000 ) );
#3797 = DIRECTION( '', ( 0.000000000000000, 0.909631995354519, -0.415415013001886 ) );
#3798 = ORIENTED_EDGE( '', *, *, #6779, .F. );
#3799 = ORIENTED_EDGE( '', *, *, #6186, .F. );
#3800 = ORIENTED_EDGE( '', *, *, #6780, .T. );
#3801 = ORIENTED_EDGE( '', *, *, #6498, .F. );
#3802 = CARTESIAN_POINT( '', ( 31.8000000000000, -50.3954659590328, -70.4877259582970 ) );
#3803 = DIRECTION( '', ( 1.00000000000000, -0.000000000000000, -0.000000000000000 ) );
#3804 = DIRECTION( '', ( 0.000000000000000, 0.841253532831181, -0.540640817455597 ) );
#3805 = ORIENTED_EDGE( '', *, *, #6497, .T. );
#3806 = ORIENTED_EDGE( '', *, *, #6781, .F. );
#3807 = ORIENTED_EDGE( '', *, *, #6187, .T. );
#3808 = ORIENTED_EDGE( '', *, *, #6779, .T. );
#3809 = CARTESIAN_POINT( '', ( 31.8000000000000, -48.7165413014732, -71.2206424336819 ) );
#3810 = DIRECTION( '', ( 0.000000000000000, 0.605609687137665, -0.795761840530833 ) );
#3811 = DIRECTION( '', ( 0.000000000000000, 0.795761840530833, 0.605609687137665 ) );
#3812 = ORIENTED_EDGE( '', *, *, #6496, .T. );
#3813 = ORIENTED_EDGE( '', *, *, #6782, .F. );
#3814 = ORIENTED_EDGE( '', *, *, #6188, .T. );
#3815 = ORIENTED_EDGE( '', *, *, #6781, .T. );
#3816 = CARTESIAN_POINT( '', ( 31.8000000000000, -47.7475658020530, -72.4938613785312 ) );
#3817 = DIRECTION( '', ( 1.00000000000000, -0.000000000000000, -0.000000000000000 ) );
#3818 = DIRECTION( '', ( 0.000000000000000, 0.841253532831181, -0.540640817455597 ) );
#3819 = ORIENTED_EDGE( '', *, *, #6495, .T. );
#3820 = ORIENTED_EDGE( '', *, *, #6783, .F. );
#3821 = ORIENTED_EDGE( '', *, *, #6189, .T. );
#3822 = ORIENTED_EDGE( '', *, *, #6782, .T. );
#3823 = CARTESIAN_POINT( '', ( 31.8000000000000, -45.2426548003100, -72.2017462684321 ) );
#3824 = DIRECTION( '', ( 0.000000000000000, -0.540640817455573, -0.841253532831197 ) );
#3825 = DIRECTION( '', ( 0.000000000000000, 0.841253532831197, -0.540640817455573 ) );
#3826 = ORIENTED_EDGE( '', *, *, #6494, .T. );
#3827 = ORIENTED_EDGE( '', *, *, #6784, .F. );
#3828 = ORIENTED_EDGE( '', *, *, #6190, .T. );
#3829 = ORIENTED_EDGE( '', *, *, #6783, .T. );
#3830 = CARTESIAN_POINT( '', ( 31.8000000000000, -46.1076801082389, -73.5477519209621 ) );
#3831 = DIRECTION( '', ( 1.00000000000000, -0.000000000000000, -0.000000000000000 ) );
#3832 = DIRECTION( '', ( 0.000000000000000, 0.841253532831181, -0.540640817455597 ) );
#3833 = ORIENTED_EDGE( '', *, *, #6493, .T. );
#3834 = ORIENTED_EDGE( '', *, *, #6785, .F. );
#3835 = ORIENTED_EDGE( '', *, *, #6191, .T. );
#3836 = ORIENTED_EDGE( '', *, *, #6784, .T. );
#3837 = CARTESIAN_POINT( '', ( 31.8000000000000, -44.7435453238570, -74.7704910001166 ) );
#3838 = DIRECTION( '', ( 0.000000000000000, -0.975429786885408, 0.220310532786538 ) );
#3839 = DIRECTION( '', ( 0.000000000000000, -0.220310532786538, -0.975429786885408 ) );
#3840 = ORIENTED_EDGE( '', *, *, #6786, .F. );
#3841 = ORIENTED_EDGE( '', *, *, #6192, .F. );
#3842 = ORIENTED_EDGE( '', *, *, #6785, .T. );
#3843 = ORIENTED_EDGE( '', *, *, #6492, .F. );
#3844 = CARTESIAN_POINT( '', ( 31.8000000000000, -43.1828576648404, -75.1229878525751 ) );
#3845 = DIRECTION( '', ( 1.00000000000000, -0.000000000000000, -0.000000000000000 ) );
#3846 = DIRECTION( '', ( 0.000000000000000, 0.841253532831181, -0.540640817455597 ) );
#3847 = ORIENTED_EDGE( '', *, *, #6787, .F. );
#3848 = ORIENTED_EDGE( '', *, *, #6178, .F. );
#3849 = ORIENTED_EDGE( '', *, *, #6788, .T. );
#3850 = ORIENTED_EDGE( '', *, *, #6506, .F. );
#3851 = CARTESIAN_POINT( '', ( 31.8000000000000, -59.9139620998380, -62.5982399552830 ) );
#3852 = DIRECTION( '', ( 1.00000000000000, -0.000000000000000, -0.000000000000000 ) );
#3853 = DIRECTION( '', ( 0.000000000000000, 0.755749574354258, -0.654860733945285 ) );
#3854 = ORIENTED_EDGE( '', *, *, #6505, .T. );
#3855 = ORIENTED_EDGE( '', *, *, #6789, .F. );
#3856 = ORIENTED_EDGE( '', *, *, #6179, .T. );
#3857 = ORIENTED_EDGE( '', *, *, #6787, .T. );
#3858 = CARTESIAN_POINT( '', ( 31.8000000000000, -58.3564313641451, -63.5626322888403 ) );
#3859 = DIRECTION( '', ( 0.000000000000000, 0.486196736100467, -0.873849377069786 ) );
#3860 = DIRECTION( '', ( 0.000000000000000, 0.873849377069786, 0.486196736100467 ) );
#3861 = ORIENTED_EDGE( '', *, *, #6504, .T. );
#3862 = ORIENTED_EDGE( '', *, *, #6790, .F. );
#3863 = ORIENTED_EDGE( '', *, *, #6180, .T. );
#3864 = ORIENTED_EDGE( '', *, *, #6789, .T. );
#3865 = CARTESIAN_POINT( '', ( 31.8000000000000, -57.5785165863844, -64.9607912921520 ) );
#3866 = DIRECTION( '', ( 1.00000000000000, -0.000000000000000, -0.000000000000000 ) );
#3867 = DIRECTION( '', ( 0.000000000000000, 0.755749574354258, -0.654860733945285 ) );
#3868 = ORIENTED_EDGE( '', *, *, #6503, .T. );
#3869 = ORIENTED_EDGE( '', *, *, #6791, .F. );
#3870 = ORIENTED_EDGE( '', *, *, #6181, .T. );
#3871 = ORIENTED_EDGE( '', *, *, #6790, .T. );
#3872 = CARTESIAN_POINT( '', ( 31.8000000000000, -55.0575296522048, -65.0281354967806 ) );
#3873 = DIRECTION( '', ( 0.000000000000000, -0.654860733945263, -0.755749574354277 ) );
#3874 = DIRECTION( '', ( 0.000000000000000, 0.755749574354277, -0.654860733945263 ) );
#3875 = ORIENTED_EDGE( '', *, *, #6502, .T. );
#3876 = ORIENTED_EDGE( '', *, *, #6792, .F. );
#3877 = ORIENTED_EDGE( '', *, *, #6182, .T. );
#3878 = ORIENTED_EDGE( '', *, *, #6791, .T. );
#3879 = CARTESIAN_POINT( '', ( 31.8000000000000, -56.1053068265172, -66.2373348157474 ) );
#3880 = DIRECTION( '', ( 1.00000000000000, -0.000000000000000, -0.000000000000000 ) );
#3881 = DIRECTION( '', ( 0.000000000000000, 0.755749574354258, -0.654860733945285 ) );
#3882 = ORIENTED_EDGE( '', *, *, #6501, .T. );
#3883 = ORIENTED_EDGE( '', *, *, #6793, .F. );
#3884 = ORIENTED_EDGE( '', *, *, #6183, .T. );
#3885 = ORIENTED_EDGE( '', *, *, #6792, .T. );
#3886 = CARTESIAN_POINT( '', ( 31.8000000000000, -54.9290708816207, -67.6417647953426 ) );
#3887 = DIRECTION( '', ( 0.000000000000000, -0.934147860265108, 0.356886221591869 ) );
#3888 = DIRECTION( '', ( 0.000000000000000, -0.356886221591869, -0.934147860265108 ) );
#3889 = ORIENTED_EDGE( '', *, *, #6794, .F. );
#3890 = ORIENTED_EDGE( '', *, *, #6184, .F. );
#3891 = ORIENTED_EDGE( '', *, *, #6793, .T. );
#3892 = ORIENTED_EDGE( '', *, *, #6500, .F. );
#3893 = CARTESIAN_POINT( '', ( 31.8000000000000, -53.4344343051966, -68.2127827498896 ) );
#3894 = DIRECTION( '', ( 1.00000000000000, -0.000000000000000, -0.000000000000000 ) );
#3895 = DIRECTION( '', ( 0.000000000000000, 0.755749574354258, -0.654860733945285 ) );
#3896 = ORIENTED_EDGE( '', *, *, #6795, .F. );
#3897 = ORIENTED_EDGE( '', *, *, #6170, .F. );
#3898 = ORIENTED_EDGE( '', *, *, #6796, .T. );
#3899 = ORIENTED_EDGE( '', *, *, #6514, .F. );
#3900 = CARTESIAN_POINT( '', ( 31.8000000000000, -68.2127827498896, -53.4344343051967 ) );
#3901 = DIRECTION( '', ( 1.00000000000000, -0.000000000000000, -0.000000000000000 ) );
#3902 = DIRECTION( '', ( 0.000000000000000, 0.654860733945285, -0.755749574354258 ) );
#3903 = ORIENTED_EDGE( '', *, *, #6513, .T. );
#3904 = ORIENTED_EDGE( '', *, *, #6797, .F. );
#3905 = ORIENTED_EDGE( '', *, *, #6171, .T. );
#3906 = ORIENTED_EDGE( '', *, *, #6795, .T. );
#3907 = CARTESIAN_POINT( '', ( 31.8000000000000, -66.8083527702944, -54.6106702500931 ) );
#3908 = DIRECTION( '', ( 0.000000000000000, 0.356886221591870, -0.934147860265107 ) );
#3909 = DIRECTION( '', ( 0.000000000000000, 0.934147860265107, 0.356886221591870 ) );
#3910 = ORIENTED_EDGE( '', *, *, #6512, .T. );
#3911 = ORIENTED_EDGE( '', *, *, #6798, .F. );
#3912 = ORIENTED_EDGE( '', *, *, #6172, .T. );
#3913 = ORIENTED_EDGE( '', *, *, #6797, .T. );
#3914 = CARTESIAN_POINT( '', ( 31.8000000000000, -66.2373348157474, -56.1053068265173 ) );
#3915 = DIRECTION( '', ( 1.00000000000000, -0.000000000000000, -0.000000000000000 ) );
#3916 = DIRECTION( '', ( 0.000000000000000, 0.654860733945285, -0.755749574354258 ) );
#3917 = ORIENTED_EDGE( '', *, *, #6511, .T. );
#3918 = ORIENTED_EDGE( '', *, *, #6799, .F. );
#3919 = ORIENTED_EDGE( '', *, *, #6173, .T. );
#3920 = ORIENTED_EDGE( '', *, *, #6798, .T. );
#3921 = CARTESIAN_POINT( '', ( 31.8000000000000, -63.7515919731851, -56.5307394120719 ) );
#3922 = DIRECTION( '', ( 0.000000000000000, -0.755749574354239, -0.654860733945307 ) );
#3923 = DIRECTION( '', ( 0.000000000000000, 0.654860733945307, -0.755749574354240 ) );
#3924 = ORIENTED_EDGE( '', *, *, #6510, .T. );
#3925 = ORIENTED_EDGE( '', *, *, #6800, .F. );
#3926 = ORIENTED_EDGE( '', *, *, #6174, .T. );
#3927 = ORIENTED_EDGE( '', *, *, #6799, .T. );
#3928 = CARTESIAN_POINT( '', ( 31.8000000000000, -64.9607912921519, -57.5785165863844 ) );
#3929 = DIRECTION( '', ( 1.00000000000000, -0.000000000000000, -0.000000000000000 ) );
#3930 = DIRECTION( '', ( 0.000000000000000, 0.654860733945285, -0.755749574354258 ) );
#3931 = ORIENTED_EDGE( '', *, *, #6509, .T. );
#3932 = ORIENTED_EDGE( '', *, *, #6801, .F. );
#3933 = ORIENTED_EDGE( '', *, *, #6175, .T. );
#3934 = ORIENTED_EDGE( '', *, *, #6800, .T. );
#3935 = CARTESIAN_POINT( '', ( 31.8000000000000, -63.9963989585946, -59.1360473220772 ) );
#3936 = DIRECTION( '', ( 0.000000000000000, -0.873849377069786, 0.486196736100466 ) );
#3937 = DIRECTION( '', ( 0.000000000000000, -0.486196736100466, -0.873849377069786 ) );
#3938 = ORIENTED_EDGE( '', *, *, #6802, .F. );
#3939 = ORIENTED_EDGE( '', *, *, #6176, .F. );
#3940 = ORIENTED_EDGE( '', *, *, #6801, .T. );
#3941 = ORIENTED_EDGE( '', *, *, #6508, .F. );
#3942 = CARTESIAN_POINT( '', ( 31.8000000000000, -62.5982399552829, -59.9139620998380 ) );
#3943 = DIRECTION( '', ( 1.00000000000000, -0.000000000000000, -0.000000000000000 ) );
#3944 = DIRECTION( '', ( 0.000000000000000, 0.654860733945285, -0.755749574354258 ) );
#3945 = ORIENTED_EDGE( '', *, *, #6803, .F. );
#3946 = ORIENTED_EDGE( '', *, *, #6162, .F. );
#3947 = ORIENTED_EDGE( '', *, *, #6804, .T. );
#3948 = ORIENTED_EDGE( '', *, *, #6522, .F. );
#3949 = CARTESIAN_POINT( '', ( 31.8000000000000, -75.1229878525751, -43.1828576648404 ) );
#3950 = DIRECTION( '', ( 1.00000000000000, -0.000000000000000, -0.000000000000000 ) );
#3951 = DIRECTION( '', ( 0.000000000000000, 0.540640817455598, -0.841253532831181 ) );
#3952 = ORIENTED_EDGE( '', *, *, #6521, .T. );
#3953 = ORIENTED_EDGE( '', *, *, #6805, .F. );
#3954 = ORIENTED_EDGE( '', *, *, #6163, .T. );
#3955 = ORIENTED_EDGE( '', *, *, #6803, .T. );
#3956 = CARTESIAN_POINT( '', ( 31.8000000000000, -73.9002487734206, -44.5469924492222 ) );
#3957 = DIRECTION( '', ( 0.000000000000000, 0.220310532786539, -0.975429786885408 ) );
#3958 = DIRECTION( '', ( 0.000000000000000, 0.975429786885407, 0.220310532786539 ) );
#3959 = ORIENTED_EDGE( '', *, *, #6520, .T. );
#3960 = ORIENTED_EDGE( '', *, *, #6806, .F. );
#3961 = ORIENTED_EDGE( '', *, *, #6164, .T. );
#3962 = ORIENTED_EDGE( '', *, *, #6805, .T. );
#3963 = CARTESIAN_POINT( '', ( 31.8000000000000, -73.5477519209621, -46.1076801082389 ) );
#3964 = DIRECTION( '', ( 1.00000000000000, -0.000000000000000, -0.000000000000000 ) );
#3965 = DIRECTION( '', ( 0.000000000000000, 0.540640817455598, -0.841253532831181 ) );
#3966 = ORIENTED_EDGE( '', *, *, #6519, .T. );
#3967 = ORIENTED_EDGE( '', *, *, #6807, .F. );
#3968 = ORIENTED_EDGE( '', *, *, #6165, .T. );
#3969 = ORIENTED_EDGE( '', *, *, #6806, .T. );
#3970 = CARTESIAN_POINT( '', ( 31.8000000000000, -71.1478557260013, -46.8825404941239 ) );
#3971 = DIRECTION( '', ( 0.000000000000000, -0.841253532831166, -0.540640817455622 ) );
#3972 = DIRECTION( '', ( 0.000000000000000, 0.540640817455622, -0.841253532831166 ) );
#3973 = ORIENTED_EDGE( '', *, *, #6518, .T. );
#3974 = ORIENTED_EDGE( '', *, *, #6808, .F. );
#3975 = ORIENTED_EDGE( '', *, *, #6166, .T. );
#3976 = ORIENTED_EDGE( '', *, *, #6807, .T. );
#3977 = CARTESIAN_POINT( '', ( 31.8000000000000, -72.4938613785312, -47.7475658020529 ) );
#3978 = DIRECTION( '', ( 1.00000000000000, -0.000000000000000, -0.000000000000000 ) );
#3979 = DIRECTION( '', ( 0.000000000000000, 0.540640817455598, -0.841253532831181 ) );
#3980 = ORIENTED_EDGE( '', *, *, #6517, .T. );
#3981 = ORIENTED_EDGE( '', *, *, #6809, .F. );
#3982 = ORIENTED_EDGE( '', *, *, #6167, .T. );
#3983 = ORIENTED_EDGE( '', *, *, #6808, .T. );
#3984 = CARTESIAN_POINT( '', ( 31.8000000000000, -71.7609449031463, -49.4264904596125 ) );
#3985 = DIRECTION( '', ( 0.000000000000000, -0.795761840530834, 0.605609687137665 ) );
#3986 = DIRECTION( '', ( 0.000000000000000, -0.605609687137665, -0.795761840530834 ) );
#3987 = ORIENTED_EDGE( '', *, *, #6810, .F. );
#3988 = ORIENTED_EDGE( '', *, *, #6168, .F. );
#3989 = ORIENTED_EDGE( '', *, *, #6809, .T. );
#3990 = ORIENTED_EDGE( '', *, *, #6516, .F. );
#3991 = CARTESIAN_POINT( '', ( 31.8000000000000, -70.4877259582970, -50.3954659590328 ) );
#3992 = DIRECTION( '', ( 1.00000000000000, -0.000000000000000, -0.000000000000000 ) );
#3993 = DIRECTION( '', ( 0.000000000000000, 0.540640817455598, -0.841253532831181 ) );
#3994 = ORIENTED_EDGE( '', *, *, #6811, .F. );
#3995 = ORIENTED_EDGE( '', *, *, #6154, .F. );
#3996 = ORIENTED_EDGE( '', *, *, #6812, .T. );
#3997 = ORIENTED_EDGE( '', *, *, #6530, .F. );
#3998 = CARTESIAN_POINT( '', ( 31.8000000000000, -80.5039055593897, -32.0522025715063 ) );
#3999 = DIRECTION( '', ( 1.00000000000000, -0.000000000000000, -0.000000000000000 ) );
#4000 = DIRECTION( '', ( 0.000000000000000, 0.415415013001886, -0.909631995354518 ) );
#4001 = ORIENTED_EDGE( '', *, *, #6529, .T. );
#4002 = ORIENTED_EDGE( '', *, *, #6813, .F. );
#4003 = ORIENTED_EDGE( '', *, *, #6155, .T. );
#4004 = ORIENTED_EDGE( '', *, *, #6811, .T. );
#4005 = CARTESIAN_POINT( '', ( 31.8000000000000, -79.4877488222391, -33.5764663450033 ) );
#4006 = DIRECTION( '', ( 0.000000000000000, 0.0792499568567864, -0.996854775951942 ) );
#4007 = DIRECTION( '', ( 0.000000000000000, 0.996854775951942, 0.0792499568567864 ) );
#4008 = ORIENTED_EDGE( '', *, *, #6528, .T. );
#4009 = ORIENTED_EDGE( '', *, *, #6814, .F. );
#4010 = ORIENTED_EDGE( '', *, *, #6156, .T. );
#4011 = ORIENTED_EDGE( '', *, *, #6813, .T. );
#4012 = CARTESIAN_POINT( '', ( 31.8000000000000, -79.3609488912682, -35.1714339865264 ) );
#4013 = DIRECTION( '', ( 1.00000000000000, -0.000000000000000, -0.000000000000000 ) );
#4014 = DIRECTION( '', ( 0.000000000000000, 0.415415013001886, -0.909631995354518 ) );
#4015 = ORIENTED_EDGE( '', *, *, #6527, .T. );
#4016 = ORIENTED_EDGE( '', *, *, #6815, .F. );
#4017 = ORIENTED_EDGE( '', *, *, #6157, .T. );
#4018 = ORIENTED_EDGE( '', *, *, #6814, .T. );
#4019 = CARTESIAN_POINT( '', ( 31.8000000000000, -77.0957543097092, -36.2799482497981 ) );
#4020 = DIRECTION( '', ( 0.000000000000000, -0.909631995354507, -0.415415013001912 ) );
#4021 = DIRECTION( '', ( 0.000000000000000, 0.415415013001912, -0.909631995354507 ) );
#4022 = ORIENTED_EDGE( '', *, *, #6526, .T. );
#4023 = ORIENTED_EDGE( '', *, *, #6816, .F. );
#4024 = ORIENTED_EDGE( '', *, *, #6158, .T. );
#4025 = ORIENTED_EDGE( '', *, *, #6815, .T. );
#4026 = CARTESIAN_POINT( '', ( 31.8000000000000, -78.5511655022764, -36.9446122706011 ) );
#4027 = DIRECTION( '', ( 1.00000000000000, -0.000000000000000, -0.000000000000000 ) );
#4028 = DIRECTION( '', ( 0.000000000000000, 0.415415013001886, -0.909631995354518 ) );
#4029 = ORIENTED_EDGE( '', *, *, #6525, .T. );
#4030 = ORIENTED_EDGE( '', *, *, #6817, .F. );
#4031 = ORIENTED_EDGE( '', *, *, #6159, .T. );
#4032 = ORIENTED_EDGE( '', *, *, #6816, .T. );
#4033 = CARTESIAN_POINT( '', ( 31.8000000000000, -78.0646449509462, -38.7107527856184 ) );
#4034 = DIRECTION( '', ( 0.000000000000000, -0.701474887706323, 0.712694171378861 ) );
#4035 = DIRECTION( '', ( 0.000000000000000, -0.712694171378861, -0.701474887706323 ) );
#4036 = ORIENTED_EDGE( '', *, *, #6818, .F. );
#4037 = ORIENTED_EDGE( '', *, *, #6160, .F. );
#4038 = ORIENTED_EDGE( '', *, *, #6817, .T. );
#4039 = ORIENTED_EDGE( '', *, *, #6524, .F. );
#4040 = CARTESIAN_POINT( '', ( 31.8000000000000, -76.9422851306161, -39.8510634598246 ) );
#4041 = DIRECTION( '', ( 1.00000000000000, -0.000000000000000, -0.000000000000000 ) );
#4042 = DIRECTION( '', ( 0.000000000000000, 0.415415013001886, -0.909631995354518 ) );
#4043 = ORIENTED_EDGE( '', *, *, #6819, .F. );
#4044 = ORIENTED_EDGE( '', *, *, #6146, .F. );
#4045 = ORIENTED_EDGE( '', *, *, #6820, .T. );
#4046 = ORIENTED_EDGE( '', *, *, #6538, .F. );
#4047 = CARTESIAN_POINT( '', ( 31.8000000000000, -84.2459959031080, -20.2690570647357 ) );
#4048 = DIRECTION( '', ( 1.00000000000000, -0.000000000000000, -0.000000000000000 ) );
#4049 = DIRECTION( '', ( 0.000000000000000, 0.281732556841430, -0.959492973614497 ) );
#4050 = ORIENTED_EDGE( '', *, *, #6537, .T. );
#4051 = ORIENTED_EDGE( '', *, *, #6821, .F. );
#4052 = ORIENTED_EDGE( '', *, *, #6147, .T. );
#4053 = ORIENTED_EDGE( '', *, *, #6819, .T. );
#4054 = CARTESIAN_POINT( '', ( 31.8000000000000, -83.4571075287757, -21.9224202125333 ) );
#4055 = DIRECTION( '', ( 0.000000000000000, -0.0634239196565665, -0.997986676471884 ) );
#4056 = DIRECTION( '', ( 0.000000000000000, 0.997986676471884, -0.0634239196565665 ) );
#4057 = ORIENTED_EDGE( '', *, *, #6536, .T. );
#4058 = ORIENTED_EDGE( '', *, *, #6822, .F. );
#4059 = ORIENTED_EDGE( '', *, *, #6148, .T. );
#4060 = ORIENTED_EDGE( '', *, *, #6821, .T. );
#4061 = CARTESIAN_POINT( '', ( 31.8000000000000, -83.5585858002262, -23.5191988948884 ) );
#4062 = DIRECTION( '', ( 1.00000000000000, -0.000000000000000, -0.000000000000000 ) );
#4063 = DIRECTION( '', ( 0.000000000000000, 0.281732556841430, -0.959492973614497 ) );
#4064 = ORIENTED_EDGE( '', *, *, #6535, .T. );
#4065 = ORIENTED_EDGE( '', *, *, #6823, .F. );
#4066 = ORIENTED_EDGE( '', *, *, #6149, .T. );
#4067 = ORIENTED_EDGE( '', *, *, #6822, .T. );
#4068 = CARTESIAN_POINT( '', ( 31.8000000000000, -81.4742056614676, -24.9388008818376 ) );
#4069 = DIRECTION( '', ( 0.000000000000000, -0.959492973614489, -0.281732556841457 ) );
#4070 = DIRECTION( '', ( 0.000000000000000, 0.281732556841457, -0.959492973614489 ) );
#4071 = ORIENTED_EDGE( '', *, *, #6534, .T. );
#4072 = ORIENTED_EDGE( '', *, *, #6824, .F. );
#4073 = ORIENTED_EDGE( '', *, *, #6150, .T. );
#4074 = ORIENTED_EDGE( '', *, *, #6823, .T. );
#4075 = CARTESIAN_POINT( '', ( 31.8000000000000, -83.0093944192508, -25.3895729727839 ) );
#4076 = DIRECTION( '', ( 1.00000000000000, -0.000000000000000, -0.000000000000000 ) );
#4077 = DIRECTION( '', ( 0.000000000000000, 0.281732556841430, -0.959492973614497 ) );
#4078 = ORIENTED_EDGE( '', *, *, #6533, .T. );
#4079 = ORIENTED_EDGE( '', *, *, #6825, .F. );
#4080 = ORIENTED_EDGE( '', *, *, #6151, .T. );
#4081 = ORIENTED_EDGE( '', *, *, #6824, .T. );
#4082 = CARTESIAN_POINT( '', ( 31.8000000000000, -82.7791739473911, -27.2069758175018 ) );
#4083 = DIRECTION( '', ( 0.000000000000000, -0.592907929054643, 0.805270257531057 ) );
#4084 = DIRECTION( '', ( 0.000000000000000, -0.805270257531057, -0.592907929054643 ) );
#4085 = ORIENTED_EDGE( '', *, *, #6826, .F. );
#4086 = ORIENTED_EDGE( '', *, *, #6152, .F. );
#4087 = ORIENTED_EDGE( '', *, *, #6825, .T. );
#4088 = ORIENTED_EDGE( '', *, *, #6532, .F. );
#4089 = CARTESIAN_POINT( '', ( 31.8000000000000, -81.8305212609037, -28.4954082295515 ) );
#4090 = DIRECTION( '', ( 1.00000000000000, -0.000000000000000, -0.000000000000000 ) );
#4091 = DIRECTION( '', ( 0.000000000000000, 0.281732556841430, -0.959492973614497 ) );
#4092 = ORIENTED_EDGE( '', *, *, #6827, .F. );
#4093 = ORIENTED_EDGE( '', *, *, #6138, .F. );
#4094 = ORIENTED_EDGE( '', *, *, #6828, .T. );
#4095 = ORIENTED_EDGE( '', *, *, #6546, .F. );
#4096 = CARTESIAN_POINT( '', ( 31.8000000000000, -86.2730807156294, -8.07329200726092 ) );
#4097 = DIRECTION( '', ( 1.00000000000000, -0.000000000000000, -0.000000000000000 ) );
#4098 = DIRECTION( '', ( 0.000000000000000, 0.142314838273285, -0.989821441880933 ) );
#4099 = ORIENTED_EDGE( '', *, *, #6545, .T. );
#4100 = ORIENTED_EDGE( '', *, *, #6829, .F. );
#4101 = ORIENTED_EDGE( '', *, *, #6139, .T. );
#4102 = ORIENTED_EDGE( '', *, *, #6827, .T. );
#4103 = CARTESIAN_POINT( '', ( 31.8000000000000, -85.7275201964504, -9.82209682357554 ) );
#4104 = DIRECTION( '', ( 0.000000000000000, -0.204806668065193, -0.978802446214778 ) );
#4105 = DIRECTION( '', ( 0.000000000000000, 0.978802446214778, -0.204806668065193 ) );
#4106 = ORIENTED_EDGE( '', *, *, #6544, .T. );
#4107 = ORIENTED_EDGE( '', *, *, #6830, .F. );
#4108 = ORIENTED_EDGE( '', *, *, #6140, .T. );
#4109 = ORIENTED_EDGE( '', *, *, #6829, .T. );
#4110 = CARTESIAN_POINT( '', ( 31.8000000000000, -86.0552108653548, -11.3881807375192 ) );
#4111 = DIRECTION( '', ( 1.00000000000000, -0.000000000000000, -0.000000000000000 ) );
#4112 = DIRECTION( '', ( 0.000000000000000, 0.142314838273285, -0.989821441880933 ) );
#4113 = ORIENTED_EDGE( '', *, *, #6543, .T. );
#4114 = ORIENTED_EDGE( '', *, *, #6831, .F. );
#4115 = ORIENTED_EDGE( '', *, *, #6141, .T. );
#4116 = ORIENTED_EDGE( '', *, *, #6830, .T. );
#4117 = CARTESIAN_POINT( '', ( 31.8000000000000, -84.1940771381659, -13.0899714454858 ) );
#4118 = DIRECTION( '', ( 0.000000000000000, -0.989821441880929, -0.142314838273313 ) );
#4119 = DIRECTION( '', ( 0.000000000000000, 0.142314838273313, -0.989821441880929 ) );
#4120 = ORIENTED_EDGE( '', *, *, #6542, .T. );
#4121 = ORIENTED_EDGE( '', *, *, #6832, .F. );
#4122 = ORIENTED_EDGE( '', *, *, #6142, .T. );
#4123 = ORIENTED_EDGE( '', *, *, #6831, .T. );
#4124 = CARTESIAN_POINT( '', ( 31.8000000000000, -85.7777914451754, -13.3176751867231 ) );
#4125 = DIRECTION( '', ( 1.00000000000000, -0.000000000000000, -0.000000000000000 ) );
#4126 = DIRECTION( '', ( 0.000000000000000, 0.142314838273285, -0.989821441880933 ) );
#4127 = ORIENTED_EDGE( '', *, *, #6541, .T. );
#4128 = ORIENTED_EDGE( '', *, *, #6833, .F. );
#4129 = ORIENTED_EDGE( '', *, *, #6143, .T. );
#4130 = ORIENTED_EDGE( '', *, *, #6832, .T. );
#4131 = CARTESIAN_POINT( '', ( 31.8000000000000, -85.8085576776921, -15.1493432801802 ) );
#4132 = DIRECTION( '', ( 0.000000000000000, -0.472271074772685, 0.881453363447581 ) );
#4133 = DIRECTION( '', ( 0.000000000000000, -0.881453363447581, -0.472271074772685 ) );
#4134 = ORIENTED_EDGE( '', *, *, #6834, .F. );
#4135 = ORIENTED_EDGE( '', *, *, #6144, .F. );
#4136 = ORIENTED_EDGE( '', *, *, #6833, .T. );
#4137 = ORIENTED_EDGE( '', *, *, #6540, .F. );
#4138 = CARTESIAN_POINT( '', ( 31.8000000000000, -85.0529239580559, -16.5596686616963 ) );
#4139 = DIRECTION( '', ( 1.00000000000000, -0.000000000000000, -0.000000000000000 ) );
#4140 = DIRECTION( '', ( 0.000000000000000, 0.142314838273285, -0.989821441880933 ) );
#4141 = ORIENTED_EDGE( '', *, *, #6835, .F. );
#4142 = ORIENTED_EDGE( '', *, *, #6130, .F. );
#4143 = ORIENTED_EDGE( '', *, *, #6836, .T. );
#4144 = ORIENTED_EDGE( '', *, *, #6554, .F. );
#4145 = CARTESIAN_POINT( '', ( 31.8000000000000, -86.5438943958007, 4.28682199402998 ) );
#4146 = DIRECTION( '', ( 1.00000000000000, -0.000000000000000, -0.000000000000000 ) );
#4147 = DIRECTION( '', ( 0.000000000000000, 7.65713739785390E-16, -1.00000000000000 ) );
#4148 = ORIENTED_EDGE( '', *, *, #6553, .T. );
#4149 = ORIENTED_EDGE( '', *, *, #6837, .F. );
#4150 = ORIENTED_EDGE( '', *, *, #6131, .T. );
#4151 = ORIENTED_EDGE( '', *, *, #6835, .T. );
#4152 = CARTESIAN_POINT( '', ( 31.8000000000000, -86.2527677706791, 2.47817613212188 ) );
#4153 = DIRECTION( '', ( 0.000000000000000, -0.342020143325670, -0.939692620785908 ) );
#4154 = DIRECTION( '', ( 0.000000000000000, 0.939692620785908, -0.342020143325670 ) );
#4155 = ORIENTED_EDGE( '', *, *, #6552, .T. );
#4156 = ORIENTED_EDGE( '', *, *, #6838, .F. );
#4157 = ORIENTED_EDGE( '', *, *, #6132, .T. );
#4158 = ORIENTED_EDGE( '', *, *, #6837, .T. );
#4159 = CARTESIAN_POINT( '', ( 31.8000000000000, -86.8000000000001, 0.974667938864419 ) );
#4160 = DIRECTION( '', ( 1.00000000000000, -0.000000000000000, -0.000000000000000 ) );
#4161 = DIRECTION( '', ( 0.000000000000000, 7.65713739785390E-16, -1.00000000000000 ) );
#4162 = ORIENTED_EDGE( '', *, *, #6551, .T. );
#4163 = ORIENTED_EDGE( '', *, *, #6839, .F. );
#4164 = ORIENTED_EDGE( '', *, *, #6133, .T. );
#4165 = ORIENTED_EDGE( '', *, *, #6838, .T. );
#4166 = CARTESIAN_POINT( '', ( 31.8000000000000, -85.2000000000001, -0.974667938864493 ) );
#4167 = DIRECTION( '', ( 0.000000000000000, -1.00000000000000, -2.92426693355188E-14 ) );
#4168 = DIRECTION( '', ( 0.000000000000000, 2.92426693355188E-14, -1.00000000000000 ) );
#4169 = ORIENTED_EDGE( '', *, *, #6550, .T. );
#4170 = ORIENTED_EDGE( '', *, *, #6840, .F. );
#4171 = ORIENTED_EDGE( '', *, *, #6134, .T. );
#4172 = ORIENTED_EDGE( '', *, *, #6839, .T. );
#4173 = CARTESIAN_POINT( '', ( 31.8000000000000, -86.8000000000001, -0.974667938864534 ) );
#4174 = DIRECTION( '', ( 1.00000000000000, -0.000000000000000, -0.000000000000000 ) );
#4175 = DIRECTION( '', ( 0.000000000000000, 7.65713739785390E-16, -1.00000000000000 ) );
#4176 = ORIENTED_EDGE( '', *, *, #6549, .T. );
#4177 = ORIENTED_EDGE( '', *, *, #6841, .F. );
#4178 = ORIENTED_EDGE( '', *, *, #6135, .T. );
#4179 = ORIENTED_EDGE( '', *, *, #6840, .T. );
#4180 = CARTESIAN_POINT( '', ( 31.8000000000000, -87.0911266251217, -2.78331380077267 ) );
#4181 = DIRECTION( '', ( 0.000000000000000, -0.342020143325672, 0.939692620785907 ) );
#4182 = DIRECTION( '', ( 0.000000000000000, -0.939692620785907, -0.342020143325672 ) );
#4183 = ORIENTED_EDGE( '', *, *, #6842, .F. );
#4184 = ORIENTED_EDGE( '', *, *, #6136, .F. );
#4185 = ORIENTED_EDGE( '', *, *, #6841, .T. );
#4186 = ORIENTED_EDGE( '', *, *, #6548, .F. );
#4187 = CARTESIAN_POINT( '', ( 31.8000000000000, -86.5438943958007, -4.28682199403010 ) );
#4188 = DIRECTION( '', ( 1.00000000000000, -0.000000000000000, -0.000000000000000 ) );
#4189 = DIRECTION( '', ( 0.000000000000000, 7.65713739785390E-16, -1.00000000000000 ) );
#4190 = ORIENTED_EDGE( '', *, *, #6843, .F. );
#4191 = ORIENTED_EDGE( '', *, *, #6122, .F. );
#4192 = ORIENTED_EDGE( '', *, *, #6844, .T. );
#4193 = ORIENTED_EDGE( '', *, *, #6562, .F. );
#4194 = CARTESIAN_POINT( '', ( 31.8000000000000, -85.0529239580559, 16.5596686616964 ) );
#4195 = DIRECTION( '', ( 1.00000000000000, 0.000000000000000, -0.000000000000000 ) );
#4196 = DIRECTION( '', ( 0.000000000000000, -0.142314838273285, -0.989821441880933 ) );
#4197 = ORIENTED_EDGE( '', *, *, #6561, .T. );
#4198 = ORIENTED_EDGE( '', *, *, #6845, .F. );
#4199 = ORIENTED_EDGE( '', *, *, #6123, .T. );
#4200 = ORIENTED_EDGE( '', *, *, #6843, .T. );
#4201 = CARTESIAN_POINT( '', ( 31.8000000000000, -85.0221577255391, 14.7280005682393 ) );
#4202 = DIRECTION( '', ( 0.000000000000000, -0.472271074772685, -0.881453363447581 ) );
#4203 = DIRECTION( '', ( 0.000000000000000, 0.881453363447581, -0.472271074772685 ) );
#4204 = ORIENTED_EDGE( '', *, *, #6560, .T. );
#4205 = ORIENTED_EDGE( '', *, *, #6846, .F. );
#4206 = ORIENTED_EDGE( '', *, *, #6124, .T. );
#4207 = ORIENTED_EDGE( '', *, *, #6845, .T. );
#4208 = CARTESIAN_POINT( '', ( 31.8000000000000, -85.7777914451754, 13.3176751867231 ) );
#4209 = DIRECTION( '', ( 1.00000000000000, 0.000000000000000, -0.000000000000000 ) );
#4210 = DIRECTION( '', ( 0.000000000000000, -0.142314838273285, -0.989821441880933 ) );
#4211 = ORIENTED_EDGE( '', *, *, #6559, .T. );
#4212 = ORIENTED_EDGE( '', *, *, #6847, .F. );
#4213 = ORIENTED_EDGE( '', *, *, #6125, .T. );
#4214 = ORIENTED_EDGE( '', *, *, #6846, .T. );
#4215 = CARTESIAN_POINT( '', ( 31.8000000000000, -84.4714965583452, 11.1604769962820 ) );
#4216 = DIRECTION( '', ( 0.000000000000000, -0.989821441880937, 0.142314838273257 ) );
#4217 = DIRECTION( '', ( 0.000000000000000, -0.142314838273257, -0.989821441880937 ) );
#4218 = ORIENTED_EDGE( '', *, *, #6558, .T. );
#4219 = ORIENTED_EDGE( '', *, *, #6848, .F. );
#4220 = ORIENTED_EDGE( '', *, *, #6126, .T. );
#4221 = ORIENTED_EDGE( '', *, *, #6847, .T. );
#4222 = CARTESIAN_POINT( '', ( 31.8000000000000, -86.0552108653547, 11.3881807375192 ) );
#4223 = DIRECTION( '', ( 1.00000000000000, 0.000000000000000, -0.000000000000000 ) );
#4224 = DIRECTION( '', ( 0.000000000000000, -0.142314838273285, -0.989821441880933 ) );
#4225 = ORIENTED_EDGE( '', *, *, #6557, .T. );
#4226 = ORIENTED_EDGE( '', *, *, #6849, .F. );
#4227 = ORIENTED_EDGE( '', *, *, #6127, .T. );
#4228 = ORIENTED_EDGE( '', *, *, #6848, .T. );
#4229 = CARTESIAN_POINT( '', ( 31.8000000000000, -86.6007713845337, 9.63937592120457 ) );
#4230 = DIRECTION( '', ( 0.000000000000000, -0.204806668065193, 0.978802446214778 ) );
#4231 = DIRECTION( '', ( 0.000000000000000, -0.978802446214778, -0.204806668065193 ) );
#4232 = ORIENTED_EDGE( '', *, *, #6850, .F. );
#4233 = ORIENTED_EDGE( '', *, *, #6128, .F. );
#4234 = ORIENTED_EDGE( '', *, *, #6849, .T. );
#4235 = ORIENTED_EDGE( '', *, *, #6556, .F. );
#4236 = CARTESIAN_POINT( '', ( 31.8000000000000, -86.2730807156294, 8.07329200726095 ) );
#4237 = DIRECTION( '', ( 1.00000000000000, 0.000000000000000, -0.000000000000000 ) );
#4238 = DIRECTION( '', ( 0.000000000000000, -0.142314838273285, -0.989821441880933 ) );
#4239 = ORIENTED_EDGE( '', *, *, #6851, .F. );
#4240 = ORIENTED_EDGE( '', *, *, #6114, .F. );
#4241 = ORIENTED_EDGE( '', *, *, #6852, .T. );
#4242 = ORIENTED_EDGE( '', *, *, #6570, .F. );
#4243 = CARTESIAN_POINT( '', ( 31.8000000000000, -81.8305212609037, 28.4954082295515 ) );
#4244 = DIRECTION( '', ( 1.00000000000000, 0.000000000000000, -0.000000000000000 ) );
#4245 = DIRECTION( '', ( 0.000000000000000, -0.281732556841430, -0.959492973614497 ) );
#4246 = ORIENTED_EDGE( '', *, *, #6569, .T. );
#4247 = ORIENTED_EDGE( '', *, *, #6853, .F. );
#4248 = ORIENTED_EDGE( '', *, *, #6115, .T. );
#4249 = ORIENTED_EDGE( '', *, *, #6851, .T. );
#4250 = CARTESIAN_POINT( '', ( 31.8000000000000, -82.0607417327634, 26.6780053848336 ) );
#4251 = DIRECTION( '', ( 0.000000000000000, -0.592907929054642, -0.805270257531057 ) );
#4252 = DIRECTION( '', ( 0.000000000000000, 0.805270257531057, -0.592907929054642 ) );
#4253 = ORIENTED_EDGE( '', *, *, #6568, .T. );
#4254 = ORIENTED_EDGE( '', *, *, #6854, .F. );
#4255 = ORIENTED_EDGE( '', *, *, #6116, .T. );
#4256 = ORIENTED_EDGE( '', *, *, #6853, .T. );
#4257 = CARTESIAN_POINT( '', ( 31.8000000000000, -83.0093944192509, 25.3895729727839 ) );
#4258 = DIRECTION( '', ( 1.00000000000000, 0.000000000000000, -0.000000000000000 ) );
#4259 = DIRECTION( '', ( 0.000000000000000, -0.281732556841430, -0.959492973614497 ) );
#4260 = ORIENTED_EDGE( '', *, *, #6567, .T. );
#4261 = ORIENTED_EDGE( '', *, *, #6855, .F. );
#4262 = ORIENTED_EDGE( '', *, *, #6117, .T. );
#4263 = ORIENTED_EDGE( '', *, *, #6854, .T. );
#4264 = CARTESIAN_POINT( '', ( 31.8000000000000, -82.0233970424429, 23.0684268039421 ) );
#4265 = DIRECTION( '', ( 0.000000000000000, -0.959492973614505, 0.281732556841402 ) );
#4266 = DIRECTION( '', ( 0.000000000000000, -0.281732556841402, -0.959492973614505 ) );
#4267 = ORIENTED_EDGE( '', *, *, #6566, .T. );
#4268 = ORIENTED_EDGE( '', *, *, #6856, .F. );
#4269 = ORIENTED_EDGE( '', *, *, #6118, .T. );
#4270 = ORIENTED_EDGE( '', *, *, #6855, .T. );
#4271 = CARTESIAN_POINT( '', ( 31.8000000000000, -83.5585858002261, 23.5191988948883 ) );
#4272 = DIRECTION( '', ( 1.00000000000000, 0.000000000000000, -0.000000000000000 ) );
#4273 = DIRECTION( '', ( 0.000000000000000, -0.281732556841430, -0.959492973614497 ) );
#4274 = ORIENTED_EDGE( '', *, *, #6565, .T. );
#4275 = ORIENTED_EDGE( '', *, *, #6857, .F. );
#4276 = ORIENTED_EDGE( '', *, *, #6119, .T. );
#4277 = ORIENTED_EDGE( '', *, *, #6856, .T. );
#4278 = CARTESIAN_POINT( '', ( 31.8000000000000, -84.3474741745585, 21.8658357470907 ) );
#4279 = DIRECTION( '', ( 0.000000000000000, -0.0634239196565671, 0.997986676471884 ) );
#4280 = DIRECTION( '', ( 0.000000000000000, -0.997986676471884, -0.0634239196565671 ) );
#4281 = ORIENTED_EDGE( '', *, *, #6858, .F. );
#4282 = ORIENTED_EDGE( '', *, *, #6120, .F. );
#4283 = ORIENTED_EDGE( '', *, *, #6857, .T. );
#4284 = ORIENTED_EDGE( '', *, *, #6564, .F. );
#4285 = CARTESIAN_POINT( '', ( 31.8000000000000, -84.2459959031080, 20.2690570647357 ) );
#4286 = DIRECTION( '', ( 1.00000000000000, 0.000000000000000, -0.000000000000000 ) );
#4287 = DIRECTION( '', ( 0.000000000000000, -0.281732556841430, -0.959492973614497 ) );
#4288 = ORIENTED_EDGE( '', *, *, #6859, .F. );
#4289 = ORIENTED_EDGE( '', *, *, #6106, .F. );
#4290 = ORIENTED_EDGE( '', *, *, #6860, .T. );
#4291 = ORIENTED_EDGE( '', *, *, #6578, .F. );
#4292 = CARTESIAN_POINT( '', ( 31.8000000000000, -76.9422851306162, 39.8510634598246 ) );
#4293 = DIRECTION( '', ( 1.00000000000000, 0.000000000000000, -0.000000000000000 ) );
#4294 = DIRECTION( '', ( 0.000000000000000, -0.415415013001886, -0.909631995354519 ) );
#4295 = ORIENTED_EDGE( '', *, *, #6577, .T. );
#4296 = ORIENTED_EDGE( '', *, *, #6861, .F. );
#4297 = ORIENTED_EDGE( '', *, *, #6107, .T. );
#4298 = ORIENTED_EDGE( '', *, *, #6859, .T. );
#4299 = CARTESIAN_POINT( '', ( 31.8000000000000, -77.4288056819463, 38.0849229448073 ) );
#4300 = DIRECTION( '', ( 0.000000000000000, -0.701474887706322, -0.712694171378862 ) );
#4301 = DIRECTION( '', ( 0.000000000000000, 0.712694171378862, -0.701474887706322 ) );
#4302 = ORIENTED_EDGE( '', *, *, #6576, .T. );
#4303 = ORIENTED_EDGE( '', *, *, #6862, .F. );
#4304 = ORIENTED_EDGE( '', *, *, #6108, .T. );
#4305 = ORIENTED_EDGE( '', *, *, #6861, .T. );
#4306 = CARTESIAN_POINT( '', ( 31.8000000000000, -78.5511655022764, 36.9446122706011 ) );
#4307 = DIRECTION( '', ( 1.00000000000000, 0.000000000000000, -0.000000000000000 ) );
#4308 = DIRECTION( '', ( 0.000000000000000, -0.415415013001886, -0.909631995354519 ) );
#4309 = ORIENTED_EDGE( '', *, *, #6575, .T. );
#4310 = ORIENTED_EDGE( '', *, *, #6863, .F. );
#4311 = ORIENTED_EDGE( '', *, *, #6109, .T. );
#4312 = ORIENTED_EDGE( '', *, *, #6862, .T. );
#4313 = CARTESIAN_POINT( '', ( 31.8000000000000, -77.9055376987009, 34.5067699657234 ) );
#4314 = DIRECTION( '', ( 0.000000000000000, -0.909631995354531, 0.415415013001860 ) );
#4315 = DIRECTION( '', ( 0.000000000000000, -0.415415013001860, -0.909631995354530 ) );
#4316 = ORIENTED_EDGE( '', *, *, #6574, .T. );
#4317 = ORIENTED_EDGE( '', *, *, #6864, .F. );
#4318 = ORIENTED_EDGE( '', *, *, #6110, .T. );
#4319 = ORIENTED_EDGE( '', *, *, #6863, .T. );
#4320 = CARTESIAN_POINT( '', ( 31.8000000000000, -79.3609488912682, 35.1714339865264 ) );
#4321 = DIRECTION( '', ( 1.00000000000000, 0.000000000000000, -0.000000000000000 ) );
#4322 = DIRECTION( '', ( 0.000000000000000, -0.415415013001886, -0.909631995354519 ) );
#4323 = ORIENTED_EDGE( '', *, *, #6573, .T. );
#4324 = ORIENTED_EDGE( '', *, *, #6865, .F. );
#4325 = ORIENTED_EDGE( '', *, *, #6111, .T. );
#4326 = ORIENTED_EDGE( '', *, *, #6864, .T. );
#4327 = CARTESIAN_POINT( '', ( 31.8000000000000, -80.3771056284188, 33.6471702130293 ) );
#4328 = DIRECTION( '', ( 0.000000000000000, 0.0792499568567853, 0.996854775951943 ) );
#4329 = DIRECTION( '', ( 0.000000000000000, -0.996854775951942, 0.0792499568567852 ) );
#4330 = ORIENTED_EDGE( '', *, *, #6866, .F. );
#4331 = ORIENTED_EDGE( '', *, *, #6112, .F. );
#4332 = ORIENTED_EDGE( '', *, *, #6865, .T. );
#4333 = ORIENTED_EDGE( '', *, *, #6572, .F. );
#4334 = CARTESIAN_POINT( '', ( 31.8000000000000, -80.5039055593897, 32.0522025715062 ) );
#4335 = DIRECTION( '', ( 1.00000000000000, 0.000000000000000, -0.000000000000000 ) );
#4336 = DIRECTION( '', ( 0.000000000000000, -0.415415013001886, -0.909631995354519 ) );
#4337 = ORIENTED_EDGE( '', *, *, #6867, .F. );
#4338 = ORIENTED_EDGE( '', *, *, #6098, .F. );
#4339 = ORIENTED_EDGE( '', *, *, #6868, .T. );
#4340 = ORIENTED_EDGE( '', *, *, #6586, .F. );
#4341 = CARTESIAN_POINT( '', ( 31.8000000000000, -70.4877259582970, 50.3954659590328 ) );
#4342 = DIRECTION( '', ( 1.00000000000000, 0.000000000000000, -0.000000000000000 ) );
#4343 = DIRECTION( '', ( 0.000000000000000, -0.540640817455598, -0.841253532831181 ) );
#4344 = ORIENTED_EDGE( '', *, *, #6585, .T. );
#4345 = ORIENTED_EDGE( '', *, *, #6869, .F. );
#4346 = ORIENTED_EDGE( '', *, *, #6099, .T. );
#4347 = ORIENTED_EDGE( '', *, *, #6867, .T. );
#4348 = CARTESIAN_POINT( '', ( 31.8000000000000, -71.2206424336818, 48.7165413014733 ) );
#4349 = DIRECTION( '', ( 0.000000000000000, -0.795761840530834, -0.605609687137665 ) );
#4350 = DIRECTION( '', ( 0.000000000000000, 0.605609687137665, -0.795761840530834 ) );
#4351 = ORIENTED_EDGE( '', *, *, #6584, .T. );
#4352 = ORIENTED_EDGE( '', *, *, #6870, .F. );
#4353 = ORIENTED_EDGE( '', *, *, #6100, .T. );
#4354 = ORIENTED_EDGE( '', *, *, #6869, .T. );
#4355 = CARTESIAN_POINT( '', ( 31.8000000000000, -72.4938613785312, 47.7475658020530 ) );
#4356 = DIRECTION( '', ( 1.00000000000000, 0.000000000000000, -0.000000000000000 ) );
#4357 = DIRECTION( '', ( 0.000000000000000, -0.540640817455598, -0.841253532831181 ) );
#4358 = ORIENTED_EDGE( '', *, *, #6583, .T. );
#4359 = ORIENTED_EDGE( '', *, *, #6871, .F. );
#4360 = ORIENTED_EDGE( '', *, *, #6101, .T. );
#4361 = ORIENTED_EDGE( '', *, *, #6870, .T. );
#4362 = CARTESIAN_POINT( '', ( 31.8000000000000, -72.2017462684321, 45.2426548003100 ) );
#4363 = DIRECTION( '', ( 0.000000000000000, -0.841253532831196, 0.540640817455574 ) );
#4364 = DIRECTION( '', ( 0.000000000000000, -0.540640817455574, -0.841253532831197 ) );
#4365 = ORIENTED_EDGE( '', *, *, #6582, .T. );
#4366 = ORIENTED_EDGE( '', *, *, #6872, .F. );
#4367 = ORIENTED_EDGE( '', *, *, #6102, .T. );
#4368 = ORIENTED_EDGE( '', *, *, #6871, .T. );
#4369 = CARTESIAN_POINT( '', ( 31.8000000000000, -73.5477519209621, 46.1076801082389 ) );
#4370 = DIRECTION( '', ( 1.00000000000000, 0.000000000000000, -0.000000000000000 ) );
#4371 = DIRECTION( '', ( 0.000000000000000, -0.540640817455598, -0.841253532831181 ) );
#4372 = ORIENTED_EDGE( '', *, *, #6581, .T. );
#4373 = ORIENTED_EDGE( '', *, *, #6873, .F. );
#4374 = ORIENTED_EDGE( '', *, *, #6103, .T. );
#4375 = ORIENTED_EDGE( '', *, *, #6872, .T. );
#4376 = CARTESIAN_POINT( '', ( 31.8000000000000, -74.7704910001166, 44.7435453238571 ) );
#4377 = DIRECTION( '', ( 0.000000000000000, 0.220310532786538, 0.975429786885408 ) );
#4378 = DIRECTION( '', ( 0.000000000000000, -0.975429786885408, 0.220310532786538 ) );
#4379 = ORIENTED_EDGE( '', *, *, #6874, .F. );
#4380 = ORIENTED_EDGE( '', *, *, #6104, .F. );
#4381 = ORIENTED_EDGE( '', *, *, #6873, .T. );
#4382 = ORIENTED_EDGE( '', *, *, #6580, .F. );
#4383 = CARTESIAN_POINT( '', ( 31.8000000000000, -75.1229878525750, 43.1828576648405 ) );
#4384 = DIRECTION( '', ( 1.00000000000000, 0.000000000000000, -0.000000000000000 ) );
#4385 = DIRECTION( '', ( 0.000000000000000, -0.540640817455598, -0.841253532831181 ) );
#4386 = ORIENTED_EDGE( '', *, *, #6875, .F. );
#4387 = ORIENTED_EDGE( '', *, *, #6090, .F. );
#4388 = ORIENTED_EDGE( '', *, *, #6876, .T. );
#4389 = ORIENTED_EDGE( '', *, *, #6594, .F. );
#4390 = CARTESIAN_POINT( '', ( 31.8000000000000, -62.5982399552830, 59.9139620998380 ) );
#4391 = DIRECTION( '', ( 1.00000000000000, 0.000000000000000, -0.000000000000000 ) );
#4392 = DIRECTION( '', ( 0.000000000000000, -0.654860733945285, -0.755749574354259 ) );
#4393 = ORIENTED_EDGE( '', *, *, #6593, .T. );
#4394 = ORIENTED_EDGE( '', *, *, #6877, .F. );
#4395 = ORIENTED_EDGE( '', *, *, #6091, .T. );
#4396 = ORIENTED_EDGE( '', *, *, #6875, .T. );
#4397 = CARTESIAN_POINT( '', ( 31.8000000000000, -63.5626322888403, 58.3564313641451 ) );
#4398 = DIRECTION( '', ( 0.000000000000000, -0.873849377069786, -0.486196736100467 ) );
#4399 = DIRECTION( '', ( 0.000000000000000, 0.486196736100467, -0.873849377069786 ) );
#4400 = ORIENTED_EDGE( '', *, *, #6592, .T. );
#4401 = ORIENTED_EDGE( '', *, *, #6878, .F. );
#4402 = ORIENTED_EDGE( '', *, *, #6092, .T. );
#4403 = ORIENTED_EDGE( '', *, *, #6877, .T. );
#4404 = CARTESIAN_POINT( '', ( 31.8000000000000, -64.9607912921520, 57.5785165863844 ) );
#4405 = DIRECTION( '', ( 1.00000000000000, 0.000000000000000, -0.000000000000000 ) );
#4406 = DIRECTION( '', ( 0.000000000000000, -0.654860733945285, -0.755749574354258 ) );
#4407 = ORIENTED_EDGE( '', *, *, #6591, .T. );
#4408 = ORIENTED_EDGE( '', *, *, #6879, .F. );
#4409 = ORIENTED_EDGE( '', *, *, #6093, .T. );
#4410 = ORIENTED_EDGE( '', *, *, #6878, .T. );
#4411 = CARTESIAN_POINT( '', ( 31.8000000000000, -65.0281354967806, 55.0575296522048 ) );
#4412 = DIRECTION( '', ( 0.000000000000000, -0.755749574354277, 0.654860733945263 ) );
#4413 = DIRECTION( '', ( 0.000000000000000, -0.654860733945263, -0.755749574354277 ) );
#4414 = ORIENTED_EDGE( '', *, *, #6590, .T. );
#4415 = ORIENTED_EDGE( '', *, *, #6880, .F. );
#4416 = ORIENTED_EDGE( '', *, *, #6094, .T. );
#4417 = ORIENTED_EDGE( '', *, *, #6879, .T. );
#4418 = CARTESIAN_POINT( '', ( 31.8000000000000, -66.2373348157474, 56.1053068265172 ) );
#4419 = DIRECTION( '', ( 1.00000000000000, 0.000000000000000, -0.000000000000000 ) );
#4420 = DIRECTION( '', ( 0.000000000000000, -0.654860733945285, -0.755749574354258 ) );
#4421 = ORIENTED_EDGE( '', *, *, #6589, .T. );
#4422 = ORIENTED_EDGE( '', *, *, #6881, .F. );
#4423 = ORIENTED_EDGE( '', *, *, #6095, .T. );
#4424 = ORIENTED_EDGE( '', *, *, #6880, .T. );
#4425 = CARTESIAN_POINT( '', ( 31.8000000000000, -67.6417647953426, 54.9290708816207 ) );
#4426 = DIRECTION( '', ( 0.000000000000000, 0.356886221591869, 0.934147860265108 ) );
#4427 = DIRECTION( '', ( 0.000000000000000, -0.934147860265108, 0.356886221591869 ) );
#4428 = ORIENTED_EDGE( '', *, *, #6882, .F. );
#4429 = ORIENTED_EDGE( '', *, *, #6096, .F. );
#4430 = ORIENTED_EDGE( '', *, *, #6881, .T. );
#4431 = ORIENTED_EDGE( '', *, *, #6588, .F. );
#4432 = CARTESIAN_POINT( '', ( 31.8000000000000, -68.2127827498896, 53.4344343051966 ) );
#4433 = DIRECTION( '', ( 1.00000000000000, 0.000000000000000, -0.000000000000000 ) );
#4434 = DIRECTION( '', ( 0.000000000000000, -0.654860733945285, -0.755749574354258 ) );
#4435 = ORIENTED_EDGE( '', *, *, #6883, .F. );
#4436 = ORIENTED_EDGE( '', *, *, #6082, .F. );
#4437 = ORIENTED_EDGE( '', *, *, #6884, .T. );
#4438 = ORIENTED_EDGE( '', *, *, #6602, .F. );
#4439 = CARTESIAN_POINT( '', ( 31.8000000000000, -53.4344343051966, 68.2127827498896 ) );
#4440 = DIRECTION( '', ( 1.00000000000000, 0.000000000000000, -0.000000000000000 ) );
#4441 = DIRECTION( '', ( 0.000000000000000, -0.755749574354258, -0.654860733945285 ) );
#4442 = ORIENTED_EDGE( '', *, *, #6601, .T. );
#4443 = ORIENTED_EDGE( '', *, *, #6885, .F. );
#4444 = ORIENTED_EDGE( '', *, *, #6083, .T. );
#4445 = ORIENTED_EDGE( '', *, *, #6883, .T. );
#4446 = CARTESIAN_POINT( '', ( 31.8000000000000, -54.6106702500931, 66.8083527702944 ) );
#4447 = DIRECTION( '', ( 0.000000000000000, -0.934147860265108, -0.356886221591870 ) );
#4448 = DIRECTION( '', ( 0.000000000000000, 0.356886221591870, -0.934147860265107 ) );
#4449 = ORIENTED_EDGE( '', *, *, #6600, .T. );
#4450 = ORIENTED_EDGE( '', *, *, #6886, .F. );
#4451 = ORIENTED_EDGE( '', *, *, #6084, .T. );
#4452 = ORIENTED_EDGE( '', *, *, #6885, .T. );
#4453 = CARTESIAN_POINT( '', ( 31.8000000000000, -56.1053068265172, 66.2373348157474 ) );
#4454 = DIRECTION( '', ( 1.00000000000000, 0.000000000000000, -0.000000000000000 ) );
#4455 = DIRECTION( '', ( 0.000000000000000, -0.755749574354258, -0.654860733945285 ) );
#4456 = ORIENTED_EDGE( '', *, *, #6599, .T. );
#4457 = ORIENTED_EDGE( '', *, *, #6887, .F. );
#4458 = ORIENTED_EDGE( '', *, *, #6085, .T. );
#4459 = ORIENTED_EDGE( '', *, *, #6886, .T. );
#4460 = CARTESIAN_POINT( '', ( 31.8000000000000, -56.5307394120719, 63.7515919731852 ) );
#4461 = DIRECTION( '', ( 0.000000000000000, -0.654860733945307, 0.755749574354240 ) );
#4462 = DIRECTION( '', ( 0.000000000000000, -0.755749574354240, -0.654860733945307 ) );
#4463 = ORIENTED_EDGE( '', *, *, #6598, .T. );
#4464 = ORIENTED_EDGE( '', *, *, #6888, .F. );
#4465 = ORIENTED_EDGE( '', *, *, #6086, .T. );
#4466 = ORIENTED_EDGE( '', *, *, #6887, .T. );
#4467 = CARTESIAN_POINT( '', ( 31.8000000000000, -57.5785165863844, 64.9607912921520 ) );
#4468 = DIRECTION( '', ( 1.00000000000000, 0.000000000000000, -0.000000000000000 ) );
#4469 = DIRECTION( '', ( 0.000000000000000, -0.755749574354258, -0.654860733945285 ) );
#4470 = ORIENTED_EDGE( '', *, *, #6597, .T. );
#4471 = ORIENTED_EDGE( '', *, *, #6889, .F. );
#4472 = ORIENTED_EDGE( '', *, *, #6087, .T. );
#4473 = ORIENTED_EDGE( '', *, *, #6888, .T. );
#4474 = CARTESIAN_POINT( '', ( 31.8000000000000, -59.1360473220772, 63.9963989585946 ) );
#4475 = DIRECTION( '', ( 0.000000000000000, 0.486196736100466, 0.873849377069786 ) );
#4476 = DIRECTION( '', ( 0.000000000000000, -0.873849377069786, 0.486196736100466 ) );
#4477 = ORIENTED_EDGE( '', *, *, #6890, .F. );
#4478 = ORIENTED_EDGE( '', *, *, #6088, .F. );
#4479 = ORIENTED_EDGE( '', *, *, #6889, .T. );
#4480 = ORIENTED_EDGE( '', *, *, #6596, .F. );
#4481 = CARTESIAN_POINT( '', ( 31.8000000000000, -59.9139620998380, 62.5982399552830 ) );
#4482 = DIRECTION( '', ( 1.00000000000000, 0.000000000000000, -0.000000000000000 ) );
#4483 = DIRECTION( '', ( 0.000000000000000, -0.755749574354258, -0.654860733945285 ) );
#4484 = ORIENTED_EDGE( '', *, *, #6891, .F. );
#4485 = ORIENTED_EDGE( '', *, *, #6074, .F. );
#4486 = ORIENTED_EDGE( '', *, *, #6892, .T. );
#4487 = ORIENTED_EDGE( '', *, *, #6610, .F. );
#4488 = CARTESIAN_POINT( '', ( 31.8000000000000, -43.1828576648404, 75.1229878525751 ) );
#4489 = DIRECTION( '', ( 1.00000000000000, 0.000000000000000, -0.000000000000000 ) );
#4490 = DIRECTION( '', ( 0.000000000000000, -0.841253532831181, -0.540640817455597 ) );
#4491 = ORIENTED_EDGE( '', *, *, #6609, .T. );
#4492 = ORIENTED_EDGE( '', *, *, #6893, .F. );
#4493 = ORIENTED_EDGE( '', *, *, #6075, .T. );
#4494 = ORIENTED_EDGE( '', *, *, #6891, .T. );
#4495 = CARTESIAN_POINT( '', ( 31.8000000000000, -44.5469924492222, 73.9002487734206 ) );
#4496 = DIRECTION( '', ( 0.000000000000000, -0.975429786885408, -0.220310532786538 ) );
#4497 = DIRECTION( '', ( 0.000000000000000, 0.220310532786538, -0.975429786885408 ) );
#4498 = ORIENTED_EDGE( '', *, *, #6608, .T. );
#4499 = ORIENTED_EDGE( '', *, *, #6894, .F. );
#4500 = ORIENTED_EDGE( '', *, *, #6076, .T. );
#4501 = ORIENTED_EDGE( '', *, *, #6893, .T. );
#4502 = CARTESIAN_POINT( '', ( 31.8000000000000, -46.1076801082389, 73.5477519209621 ) );
#4503 = DIRECTION( '', ( 1.00000000000000, 0.000000000000000, -0.000000000000000 ) );
#4504 = DIRECTION( '', ( 0.000000000000000, -0.841253532831181, -0.540640817455597 ) );
#4505 = ORIENTED_EDGE( '', *, *, #6607, .T. );
#4506 = ORIENTED_EDGE( '', *, *, #6895, .F. );
#4507 = ORIENTED_EDGE( '', *, *, #6077, .T. );
#4508 = ORIENTED_EDGE( '', *, *, #6894, .T. );
#4509 = CARTESIAN_POINT( '', ( 31.8000000000000, -46.8825404941239, 71.1478557260013 ) );
#4510 = DIRECTION( '', ( 0.000000000000000, -0.540640817455621, 0.841253532831166 ) );
#4511 = DIRECTION( '', ( 0.000000000000000, -0.841253532831166, -0.540640817455621 ) );
#4512 = ORIENTED_EDGE( '', *, *, #6606, .T. );
#4513 = ORIENTED_EDGE( '', *, *, #6896, .F. );
#4514 = ORIENTED_EDGE( '', *, *, #6078, .T. );
#4515 = ORIENTED_EDGE( '', *, *, #6895, .T. );
#4516 = CARTESIAN_POINT( '', ( 31.8000000000000, -47.7475658020529, 72.4938613785312 ) );
#4517 = DIRECTION( '', ( 1.00000000000000, 0.000000000000000, -0.000000000000000 ) );
#4518 = DIRECTION( '', ( 0.000000000000000, -0.841253532831182, -0.540640817455597 ) );
#4519 = ORIENTED_EDGE( '', *, *, #6605, .T. );
#4520 = ORIENTED_EDGE( '', *, *, #6897, .F. );
#4521 = ORIENTED_EDGE( '', *, *, #6079, .T. );
#4522 = ORIENTED_EDGE( '', *, *, #6896, .T. );
#4523 = CARTESIAN_POINT( '', ( 31.8000000000000, -49.4264904596125, 71.7609449031463 ) );
#4524 = DIRECTION( '', ( 0.000000000000000, 0.605609687137665, 0.795761840530833 ) );
#4525 = DIRECTION( '', ( 0.000000000000000, -0.795761840530833, 0.605609687137665 ) );
#4526 = ORIENTED_EDGE( '', *, *, #6898, .F. );
#4527 = ORIENTED_EDGE( '', *, *, #6080, .F. );
#4528 = ORIENTED_EDGE( '', *, *, #6897, .T. );
#4529 = ORIENTED_EDGE( '', *, *, #6604, .F. );
#4530 = CARTESIAN_POINT( '', ( 31.8000000000000, -50.3954659590327, 70.4877259582970 ) );
#4531 = DIRECTION( '', ( 1.00000000000000, 0.000000000000000, -0.000000000000000 ) );
#4532 = DIRECTION( '', ( 0.000000000000000, -0.841253532831181, -0.540640817455597 ) );
#4533 = ORIENTED_EDGE( '', *, *, #6899, .F. );
#4534 = ORIENTED_EDGE( '', *, *, #6066, .F. );
#4535 = ORIENTED_EDGE( '', *, *, #6900, .T. );
#4536 = ORIENTED_EDGE( '', *, *, #6618, .F. );
#4537 = CARTESIAN_POINT( '', ( 31.8000000000000, -32.0522025715063, 80.5039055593897 ) );
#4538 = DIRECTION( '', ( 1.00000000000000, 0.000000000000000, -0.000000000000000 ) );
#4539 = DIRECTION( '', ( 0.000000000000000, -0.909631995354518, -0.415415013001887 ) );
#4540 = ORIENTED_EDGE( '', *, *, #6617, .T. );
#4541 = ORIENTED_EDGE( '', *, *, #6901, .F. );
#4542 = ORIENTED_EDGE( '', *, *, #6067, .T. );
#4543 = ORIENTED_EDGE( '', *, *, #6899, .T. );
#4544 = CARTESIAN_POINT( '', ( 31.8000000000000, -33.5764663450033, 79.4877488222391 ) );
#4545 = DIRECTION( '', ( 0.000000000000000, -0.996854775951942, -0.0792499568567865 ) );
#4546 = DIRECTION( '', ( 0.000000000000000, 0.0792499568567865, -0.996854775951942 ) );
#4547 = ORIENTED_EDGE( '', *, *, #6616, .T. );
#4548 = ORIENTED_EDGE( '', *, *, #6902, .F. );
#4549 = ORIENTED_EDGE( '', *, *, #6068, .T. );
#4550 = ORIENTED_EDGE( '', *, *, #6901, .T. );
#4551 = CARTESIAN_POINT( '', ( 31.8000000000000, -35.1714339865264, 79.3609488912682 ) );
#4552 = DIRECTION( '', ( 1.00000000000000, 0.000000000000000, -0.000000000000000 ) );
#4553 = DIRECTION( '', ( 0.000000000000000, -0.909631995354518, -0.415415013001887 ) );
#4554 = ORIENTED_EDGE( '', *, *, #6615, .T. );
#4555 = ORIENTED_EDGE( '', *, *, #6903, .F. );
#4556 = ORIENTED_EDGE( '', *, *, #6069, .T. );
#4557 = ORIENTED_EDGE( '', *, *, #6902, .T. );
#4558 = CARTESIAN_POINT( '', ( 31.8000000000000, -36.2799482497981, 77.0957543097092 ) );
#4559 = DIRECTION( '', ( 0.000000000000000, -0.415415013001913, 0.909631995354506 ) );
#4560 = DIRECTION( '', ( 0.000000000000000, -0.909631995354506, -0.415415013001912 ) );
#4561 = ORIENTED_EDGE( '', *, *, #6614, .T. );
#4562 = ORIENTED_EDGE( '', *, *, #6904, .F. );
#4563 = ORIENTED_EDGE( '', *, *, #6070, .T. );
#4564 = ORIENTED_EDGE( '', *, *, #6903, .T. );
#4565 = CARTESIAN_POINT( '', ( 31.8000000000000, -36.9446122706011, 78.5511655022764 ) );
#4566 = DIRECTION( '', ( 1.00000000000000, 0.000000000000000, -0.000000000000000 ) );
#4567 = DIRECTION( '', ( 0.000000000000000, -0.909631995354518, -0.415415013001887 ) );
#4568 = ORIENTED_EDGE( '', *, *, #6613, .T. );
#4569 = ORIENTED_EDGE( '', *, *, #6905, .F. );
#4570 = ORIENTED_EDGE( '', *, *, #6071, .T. );
#4571 = ORIENTED_EDGE( '', *, *, #6904, .T. );
#4572 = CARTESIAN_POINT( '', ( 31.8000000000000, -38.7107527856184, 78.0646449509462 ) );
#4573 = DIRECTION( '', ( 0.000000000000000, 0.712694171378861, 0.701474887706323 ) );
#4574 = DIRECTION( '', ( 0.000000000000000, -0.701474887706323, 0.712694171378861 ) );
#4575 = ORIENTED_EDGE( '', *, *, #6906, .F. );
#4576 = ORIENTED_EDGE( '', *, *, #6072, .F. );
#4577 = ORIENTED_EDGE( '', *, *, #6905, .T. );
#4578 = ORIENTED_EDGE( '', *, *, #6612, .F. );
#4579 = CARTESIAN_POINT( '', ( 31.8000000000000, -39.8510634598246, 76.9422851306161 ) );
#4580 = DIRECTION( '', ( 1.00000000000000, 0.000000000000000, -0.000000000000000 ) );
#4581 = DIRECTION( '', ( 0.000000000000000, -0.909631995354518, -0.415415013001886 ) );
#4582 = ORIENTED_EDGE( '', *, *, #6907, .F. );
#4583 = ORIENTED_EDGE( '', *, *, #6058, .F. );
#4584 = ORIENTED_EDGE( '', *, *, #6908, .T. );
#4585 = ORIENTED_EDGE( '', *, *, #6626, .F. );
#4586 = CARTESIAN_POINT( '', ( 31.8000000000000, -20.2690570647357, 84.2459959031080 ) );
#4587 = DIRECTION( '', ( 1.00000000000000, 0.000000000000000, -0.000000000000000 ) );
#4588 = DIRECTION( '', ( 0.000000000000000, -0.959492973614497, -0.281732556841430 ) );
#4589 = ORIENTED_EDGE( '', *, *, #6625, .T. );
#4590 = ORIENTED_EDGE( '', *, *, #6909, .F. );
#4591 = ORIENTED_EDGE( '', *, *, #6059, .T. );
#4592 = ORIENTED_EDGE( '', *, *, #6907, .T. );
#4593 = CARTESIAN_POINT( '', ( 31.8000000000000, -21.9224202125333, 83.4571075287757 ) );
#4594 = DIRECTION( '', ( 0.000000000000000, -0.997986676471884, 0.0634239196565666 ) );
#4595 = DIRECTION( '', ( 0.000000000000000, -0.0634239196565666, -0.997986676471884 ) );
#4596 = ORIENTED_EDGE( '', *, *, #6624, .T. );
#4597 = ORIENTED_EDGE( '', *, *, #6910, .F. );
#4598 = ORIENTED_EDGE( '', *, *, #6060, .T. );
#4599 = ORIENTED_EDGE( '', *, *, #6909, .T. );
#4600 = CARTESIAN_POINT( '', ( 31.8000000000000, -23.5191988948883, 83.5585858002262 ) );
#4601 = DIRECTION( '', ( 1.00000000000000, 0.000000000000000, -0.000000000000000 ) );
#4602 = DIRECTION( '', ( 0.000000000000000, -0.959492973614497, -0.281732556841430 ) );
#4603 = ORIENTED_EDGE( '', *, *, #6623, .T. );
#4604 = ORIENTED_EDGE( '', *, *, #6911, .F. );
#4605 = ORIENTED_EDGE( '', *, *, #6061, .T. );
#4606 = ORIENTED_EDGE( '', *, *, #6910, .T. );
#4607 = CARTESIAN_POINT( '', ( 31.8000000000000, -24.9388008818376, 81.4742056614676 ) );
#4608 = DIRECTION( '', ( 0.000000000000000, -0.281732556841457, 0.959492973614489 ) );
#4609 = DIRECTION( '', ( 0.000000000000000, -0.959492973614489, -0.281732556841457 ) );
#4610 = ORIENTED_EDGE( '', *, *, #6622, .T. );
#4611 = ORIENTED_EDGE( '', *, *, #6912, .F. );
#4612 = ORIENTED_EDGE( '', *, *, #6062, .T. );
#4613 = ORIENTED_EDGE( '', *, *, #6911, .T. );
#4614 = CARTESIAN_POINT( '', ( 31.8000000000000, -25.3895729727839, 83.0093944192508 ) );
#4615 = DIRECTION( '', ( 1.00000000000000, 0.000000000000000, -0.000000000000000 ) );
#4616 = DIRECTION( '', ( 0.000000000000000, -0.959492973614497, -0.281732556841430 ) );
#4617 = ORIENTED_EDGE( '', *, *, #6621, .T. );
#4618 = ORIENTED_EDGE( '', *, *, #6913, .F. );
#4619 = ORIENTED_EDGE( '', *, *, #6063, .T. );
#4620 = ORIENTED_EDGE( '', *, *, #6912, .T. );
#4621 = CARTESIAN_POINT( '', ( 31.8000000000000, -27.2069758175018, 82.7791739473911 ) );
#4622 = DIRECTION( '', ( 0.000000000000000, 0.805270257531057, 0.592907929054643 ) );
#4623 = DIRECTION( '', ( 0.000000000000000, -0.592907929054643, 0.805270257531057 ) );
#4624 = ORIENTED_EDGE( '', *, *, #6914, .F. );
#4625 = ORIENTED_EDGE( '', *, *, #6064, .F. );
#4626 = ORIENTED_EDGE( '', *, *, #6913, .T. );
#4627 = ORIENTED_EDGE( '', *, *, #6620, .F. );
#4628 = CARTESIAN_POINT( '', ( 31.8000000000000, -28.4954082295515, 81.8305212609037 ) );
#4629 = DIRECTION( '', ( 1.00000000000000, 0.000000000000000, -0.000000000000000 ) );
#4630 = DIRECTION( '', ( 0.000000000000000, -0.959492973614497, -0.281732556841430 ) );
#4631 = ORIENTED_EDGE( '', *, *, #6915, .F. );
#4632 = ORIENTED_EDGE( '', *, *, #6050, .F. );
#4633 = ORIENTED_EDGE( '', *, *, #6916, .T. );
#4634 = ORIENTED_EDGE( '', *, *, #6634, .F. );
#4635 = CARTESIAN_POINT( '', ( 31.8000000000000, -8.07329200726098, 86.2730807156294 ) );
#4636 = DIRECTION( '', ( 1.00000000000000, 0.000000000000000, -0.000000000000000 ) );
#4637 = DIRECTION( '', ( 0.000000000000000, -0.989821441880933, -0.142314838273286 ) );
#4638 = ORIENTED_EDGE( '', *, *, #6633, .T. );
#4639 = ORIENTED_EDGE( '', *, *, #6917, .F. );
#4640 = ORIENTED_EDGE( '', *, *, #6051, .T. );
#4641 = ORIENTED_EDGE( '', *, *, #6915, .T. );
#4642 = CARTESIAN_POINT( '', ( 31.8000000000000, -9.82209682357560, 85.7275201964504 ) );
#4643 = DIRECTION( '', ( 0.000000000000000, -0.978802446214778, 0.204806668065192 ) );
#4644 = DIRECTION( '', ( 0.000000000000000, -0.204806668065192, -0.978802446214778 ) );
#4645 = ORIENTED_EDGE( '', *, *, #6632, .T. );
#4646 = ORIENTED_EDGE( '', *, *, #6918, .F. );
#4647 = ORIENTED_EDGE( '', *, *, #6052, .T. );
#4648 = ORIENTED_EDGE( '', *, *, #6917, .T. );
#4649 = CARTESIAN_POINT( '', ( 31.8000000000000, -11.3881807375193, 86.0552108653548 ) );
#4650 = DIRECTION( '', ( 1.00000000000000, 0.000000000000000, -0.000000000000000 ) );
#4651 = DIRECTION( '', ( 0.000000000000000, -0.989821441880933, -0.142314838273286 ) );
#4652 = ORIENTED_EDGE( '', *, *, #6631, .T. );
#4653 = ORIENTED_EDGE( '', *, *, #6919, .F. );
#4654 = ORIENTED_EDGE( '', *, *, #6053, .T. );
#4655 = ORIENTED_EDGE( '', *, *, #6918, .T. );
#4656 = CARTESIAN_POINT( '', ( 31.8000000000000, -13.0899714454859, 84.1940771381659 ) );
#4657 = DIRECTION( '', ( 0.000000000000000, -0.142314838273314, 0.989821441880929 ) );
#4658 = DIRECTION( '', ( 0.000000000000000, -0.989821441880929, -0.142314838273314 ) );
#4659 = ORIENTED_EDGE( '', *, *, #6630, .T. );
#4660 = ORIENTED_EDGE( '', *, *, #6920, .F. );
#4661 = ORIENTED_EDGE( '', *, *, #6054, .T. );
#4662 = ORIENTED_EDGE( '', *, *, #6919, .T. );
#4663 = CARTESIAN_POINT( '', ( 31.8000000000000, -13.3176751867231, 85.7777914451754 ) );
#4664 = DIRECTION( '', ( 1.00000000000000, 0.000000000000000, -0.000000000000000 ) );
#4665 = DIRECTION( '', ( 0.000000000000000, -0.989821441880933, -0.142314838273286 ) );
#4666 = ORIENTED_EDGE( '', *, *, #6629, .T. );
#4667 = ORIENTED_EDGE( '', *, *, #6921, .F. );
#4668 = ORIENTED_EDGE( '', *, *, #6055, .T. );
#4669 = ORIENTED_EDGE( '', *, *, #6920, .T. );
#4670 = CARTESIAN_POINT( '', ( 31.8000000000000, -15.1493432801803, 85.8085576776921 ) );
#4671 = DIRECTION( '', ( 0.000000000000000, 0.881453363447581, 0.472271074772685 ) );
#4672 = DIRECTION( '', ( 0.000000000000000, -0.472271074772685, 0.881453363447581 ) );
#4673 = ORIENTED_EDGE( '', *, *, #6922, .F. );
#4674 = ORIENTED_EDGE( '', *, *, #6056, .F. );
#4675 = ORIENTED_EDGE( '', *, *, #6921, .T. );
#4676 = ORIENTED_EDGE( '', *, *, #6628, .F. );
#4677 = CARTESIAN_POINT( '', ( 31.8000000000000, -16.5596686616964, 85.0529239580559 ) );
#4678 = DIRECTION( '', ( 1.00000000000000, 0.000000000000000, -0.000000000000000 ) );
#4679 = DIRECTION( '', ( 0.000000000000000, -0.989821441880933, -0.142314838273286 ) );
#4680 = ORIENTED_EDGE( '', *, *, #6923, .F. );
#4681 = ORIENTED_EDGE( '', *, *, #6042, .F. );
#4682 = ORIENTED_EDGE( '', *, *, #6924, .T. );
#4683 = ORIENTED_EDGE( '', *, *, #6642, .F. );
#4684 = CARTESIAN_POINT( '', ( 31.8000000000000, 4.28682199403005, 86.5438943958007 ) );
#4685 = DIRECTION( '', ( 1.00000000000000, -0.000000000000000, -0.000000000000000 ) );
#4686 = DIRECTION( '', ( 0.000000000000000, -1.00000000000000, 6.12323399573677E-17 ) );
#4687 = ORIENTED_EDGE( '', *, *, #6641, .T. );
#4688 = ORIENTED_EDGE( '', *, *, #6925, .F. );
#4689 = ORIENTED_EDGE( '', *, *, #6043, .T. );
#4690 = ORIENTED_EDGE( '', *, *, #6923, .T. );
#4691 = CARTESIAN_POINT( '', ( 31.8000000000000, 2.47817613212195, 86.2527677706791 ) );
#4692 = DIRECTION( '', ( 0.000000000000000, -0.939692620785908, 0.342020143325671 ) );
#4693 = DIRECTION( '', ( 0.000000000000000, -0.342020143325671, -0.939692620785908 ) );
#4694 = ORIENTED_EDGE( '', *, *, #6640, .T. );
#4695 = ORIENTED_EDGE( '', *, *, #6926, .F. );
#4696 = ORIENTED_EDGE( '', *, *, #6044, .T. );
#4697 = ORIENTED_EDGE( '', *, *, #6925, .T. );
#4698 = CARTESIAN_POINT( '', ( 31.8000000000000, 0.974667938864491, 86.8000000000001 ) );
#4699 = DIRECTION( '', ( 1.00000000000000, -0.000000000000000, -0.000000000000000 ) );
#4700 = DIRECTION( '', ( 0.000000000000000, -1.00000000000000, 6.12323399573677E-17 ) );
#4701 = ORIENTED_EDGE( '', *, *, #6639, .T. );
#4702 = ORIENTED_EDGE( '', *, *, #6927, .F. );
#4703 = ORIENTED_EDGE( '', *, *, #6045, .T. );
#4704 = ORIENTED_EDGE( '', *, *, #6926, .T. );
#4705 = CARTESIAN_POINT( '', ( 31.8000000000000, -0.974667938864422, 85.2000000000001 ) );
#4706 = DIRECTION( '', ( 0.000000000000000, -2.84157232557761E-14, 1.00000000000000 ) );
#4707 = DIRECTION( '', ( 0.000000000000000, -1.00000000000000, -2.84157232557761E-14 ) );
#4708 = ORIENTED_EDGE( '', *, *, #6638, .T. );
#4709 = ORIENTED_EDGE( '', *, *, #6928, .F. );
#4710 = ORIENTED_EDGE( '', *, *, #6046, .T. );
#4711 = ORIENTED_EDGE( '', *, *, #6927, .T. );
#4712 = CARTESIAN_POINT( '', ( 31.8000000000000, -0.974667938864462, 86.8000000000001 ) );
#4713 = DIRECTION( '', ( 1.00000000000000, -0.000000000000000, -0.000000000000000 ) );
#4714 = DIRECTION( '', ( 0.000000000000000, -1.00000000000000, 6.12323399573677E-17 ) );
#4715 = ORIENTED_EDGE( '', *, *, #6637, .T. );
#4716 = ORIENTED_EDGE( '', *, *, #6929, .F. );
#4717 = ORIENTED_EDGE( '', *, *, #6047, .T. );
#4718 = ORIENTED_EDGE( '', *, *, #6928, .T. );
#4719 = CARTESIAN_POINT( '', ( 31.8000000000000, -2.78331380077259, 87.0911266251217 ) );
#4720 = DIRECTION( '', ( 0.000000000000000, 0.939692620785908, 0.342020143325671 ) );
#4721 = DIRECTION( '', ( 0.000000000000000, -0.342020143325671, 0.939692620785908 ) );
#4722 = ORIENTED_EDGE( '', *, *, #6930, .F. );
#4723 = ORIENTED_EDGE( '', *, *, #6048, .F. );
#4724 = ORIENTED_EDGE( '', *, *, #6929, .T. );
#4725 = ORIENTED_EDGE( '', *, *, #6636, .F. );
#4726 = CARTESIAN_POINT( '', ( 31.8000000000000, -4.28682199403003, 86.5438943958007 ) );
#4727 = DIRECTION( '', ( 1.00000000000000, -0.000000000000000, -0.000000000000000 ) );
#4728 = DIRECTION( '', ( 0.000000000000000, -1.00000000000000, 6.12323399573677E-17 ) );
#4729 = ORIENTED_EDGE( '', *, *, #6931, .F. );
#4730 = ORIENTED_EDGE( '', *, *, #6034, .F. );
#4731 = ORIENTED_EDGE( '', *, *, #6932, .T. );
#4732 = ORIENTED_EDGE( '', *, *, #6650, .F. );
#4733 = CARTESIAN_POINT( '', ( 31.8000000000000, 16.5596686616963, 85.0529239580559 ) );
#4734 = DIRECTION( '', ( 1.00000000000000, -0.000000000000000, -0.000000000000000 ) );
#4735 = DIRECTION( '', ( 0.000000000000000, -0.989821441880933, 0.142314838273285 ) );
#4736 = ORIENTED_EDGE( '', *, *, #6649, .T. );
#4737 = ORIENTED_EDGE( '', *, *, #6933, .F. );
#4738 = ORIENTED_EDGE( '', *, *, #6035, .T. );
#4739 = ORIENTED_EDGE( '', *, *, #6931, .T. );
#4740 = CARTESIAN_POINT( '', ( 31.8000000000000, 14.7280005682392, 85.0221577255391 ) );
#4741 = DIRECTION( '', ( 0.000000000000000, -0.881453363447581, 0.472271074772684 ) );
#4742 = DIRECTION( '', ( 0.000000000000000, -0.472271074772684, -0.881453363447581 ) );
#4743 = ORIENTED_EDGE( '', *, *, #6648, .T. );
#4744 = ORIENTED_EDGE( '', *, *, #6934, .F. );
#4745 = ORIENTED_EDGE( '', *, *, #6036, .T. );
#4746 = ORIENTED_EDGE( '', *, *, #6933, .T. );
#4747 = CARTESIAN_POINT( '', ( 31.8000000000000, 13.3176751867231, 85.7777914451755 ) );
#4748 = DIRECTION( '', ( 1.00000000000000, -0.000000000000000, -0.000000000000000 ) );
#4749 = DIRECTION( '', ( 0.000000000000000, -0.989821441880933, 0.142314838273285 ) );
#4750 = ORIENTED_EDGE( '', *, *, #6647, .T. );
#4751 = ORIENTED_EDGE( '', *, *, #6935, .F. );
#4752 = ORIENTED_EDGE( '', *, *, #6037, .T. );
#4753 = ORIENTED_EDGE( '', *, *, #6934, .T. );
#4754 = CARTESIAN_POINT( '', ( 31.8000000000000, 11.1604769962820, 84.4714965583452 ) );
#4755 = DIRECTION( '', ( 0.000000000000000, 0.142314838273256, 0.989821441880937 ) );
#4756 = DIRECTION( '', ( 0.000000000000000, -0.989821441880937, 0.142314838273256 ) );
#4757 = ORIENTED_EDGE( '', *, *, #6646, .T. );
#4758 = ORIENTED_EDGE( '', *, *, #6936, .F. );
#4759 = ORIENTED_EDGE( '', *, *, #6038, .T. );
#4760 = ORIENTED_EDGE( '', *, *, #6935, .T. );
#4761 = CARTESIAN_POINT( '', ( 31.8000000000000, 11.3881807375192, 86.0552108653547 ) );
#4762 = DIRECTION( '', ( 1.00000000000000, -0.000000000000000, -0.000000000000000 ) );
#4763 = DIRECTION( '', ( 0.000000000000000, -0.989821441880933, 0.142314838273285 ) );
#4764 = ORIENTED_EDGE( '', *, *, #6645, .T. );
#4765 = ORIENTED_EDGE( '', *, *, #6937, .F. );
#4766 = ORIENTED_EDGE( '', *, *, #6039, .T. );
#4767 = ORIENTED_EDGE( '', *, *, #6936, .T. );
#4768 = CARTESIAN_POINT( '', ( 31.8000000000000, 9.63937592120453, 86.6007713845337 ) );
#4769 = DIRECTION( '', ( 0.000000000000000, 0.978802446214778, 0.204806668065194 ) );
#4770 = DIRECTION( '', ( 0.000000000000000, -0.204806668065194, 0.978802446214778 ) );
#4771 = ORIENTED_EDGE( '', *, *, #6938, .F. );
#4772 = ORIENTED_EDGE( '', *, *, #6040, .F. );
#4773 = ORIENTED_EDGE( '', *, *, #6937, .T. );
#4774 = ORIENTED_EDGE( '', *, *, #6644, .F. );
#4775 = CARTESIAN_POINT( '', ( 31.8000000000000, 8.07329200726090, 86.2730807156294 ) );
#4776 = DIRECTION( '', ( 1.00000000000000, -0.000000000000000, -0.000000000000000 ) );
#4777 = DIRECTION( '', ( 0.000000000000000, -0.989821441880933, 0.142314838273285 ) );
#4778 = ORIENTED_EDGE( '', *, *, #6939, .F. );
#4779 = ORIENTED_EDGE( '', *, *, #6026, .F. );
#4780 = ORIENTED_EDGE( '', *, *, #6940, .T. );
#4781 = ORIENTED_EDGE( '', *, *, #6658, .F. );
#4782 = CARTESIAN_POINT( '', ( 31.8000000000000, 28.4954082295515, 81.8305212609037 ) );
#4783 = DIRECTION( '', ( 1.00000000000000, -0.000000000000000, -0.000000000000000 ) );
#4784 = DIRECTION( '', ( 0.000000000000000, -0.959492973614497, 0.281732556841429 ) );
#4785 = ORIENTED_EDGE( '', *, *, #6657, .T. );
#4786 = ORIENTED_EDGE( '', *, *, #6941, .F. );
#4787 = ORIENTED_EDGE( '', *, *, #6027, .T. );
#4788 = ORIENTED_EDGE( '', *, *, #6939, .T. );
#4789 = CARTESIAN_POINT( '', ( 31.8000000000000, 26.6780053848336, 82.0607417327634 ) );
#4790 = DIRECTION( '', ( 0.000000000000000, -0.805270257531058, 0.592907929054642 ) );
#4791 = DIRECTION( '', ( 0.000000000000000, -0.592907929054642, -0.805270257531058 ) );
#4792 = ORIENTED_EDGE( '', *, *, #6656, .T. );
#4793 = ORIENTED_EDGE( '', *, *, #6942, .F. );
#4794 = ORIENTED_EDGE( '', *, *, #6028, .T. );
#4795 = ORIENTED_EDGE( '', *, *, #6941, .T. );
#4796 = CARTESIAN_POINT( '', ( 31.8000000000000, 25.3895729727839, 83.0093944192509 ) );
#4797 = DIRECTION( '', ( 1.00000000000000, -0.000000000000000, -0.000000000000000 ) );
#4798 = DIRECTION( '', ( 0.000000000000000, -0.959492973614497, 0.281732556841429 ) );
#4799 = ORIENTED_EDGE( '', *, *, #6655, .T. );
#4800 = ORIENTED_EDGE( '', *, *, #6943, .F. );
#4801 = ORIENTED_EDGE( '', *, *, #6029, .T. );
#4802 = ORIENTED_EDGE( '', *, *, #6942, .T. );
#4803 = CARTESIAN_POINT( '', ( 31.8000000000000, 23.0684268039421, 82.0233970424429 ) );
#4804 = DIRECTION( '', ( 0.000000000000000, 0.281732556841402, 0.959492973614505 ) );
#4805 = DIRECTION( '', ( 0.000000000000000, -0.959492973614506, 0.281732556841402 ) );
#4806 = ORIENTED_EDGE( '', *, *, #6654, .T. );
#4807 = ORIENTED_EDGE( '', *, *, #6944, .F. );
#4808 = ORIENTED_EDGE( '', *, *, #6030, .T. );
#4809 = ORIENTED_EDGE( '', *, *, #6943, .T. );
#4810 = CARTESIAN_POINT( '', ( 31.8000000000000, 23.5191988948883, 83.5585858002261 ) );
#4811 = DIRECTION( '', ( 1.00000000000000, -0.000000000000000, -0.000000000000000 ) );
#4812 = DIRECTION( '', ( 0.000000000000000, -0.959492973614497, 0.281732556841429 ) );
#4813 = ORIENTED_EDGE( '', *, *, #6653, .T. );
#4814 = ORIENTED_EDGE( '', *, *, #6945, .F. );
#4815 = ORIENTED_EDGE( '', *, *, #6031, .T. );
#4816 = ORIENTED_EDGE( '', *, *, #6944, .T. );
#4817 = CARTESIAN_POINT( '', ( 31.8000000000000, 21.8658357470907, 84.3474741745585 ) );
#4818 = DIRECTION( '', ( 0.000000000000000, 0.997986676471884, 0.0634239196565673 ) );
#4819 = DIRECTION( '', ( 0.000000000000000, -0.0634239196565673, 0.997986676471884 ) );
#4820 = ORIENTED_EDGE( '', *, *, #6946, .F. );
#4821 = ORIENTED_EDGE( '', *, *, #6032, .F. );
#4822 = ORIENTED_EDGE( '', *, *, #6945, .T. );
#4823 = ORIENTED_EDGE( '', *, *, #6652, .F. );
#4824 = CARTESIAN_POINT( '', ( 31.8000000000000, 20.2690570647357, 84.2459959031080 ) );
#4825 = DIRECTION( '', ( 1.00000000000000, -0.000000000000000, -0.000000000000000 ) );
#4826 = DIRECTION( '', ( 0.000000000000000, -0.959492973614497, 0.281732556841429 ) );
#4827 = ORIENTED_EDGE( '', *, *, #6947, .F. );
#4828 = ORIENTED_EDGE( '', *, *, #6018, .F. );
#4829 = ORIENTED_EDGE( '', *, *, #6948, .T. );
#4830 = ORIENTED_EDGE( '', *, *, #6314, .F. );
#4831 = CARTESIAN_POINT( '', ( 31.8000000000000, 39.8510634598246, 76.9422851306162 ) );
#4832 = DIRECTION( '', ( 1.00000000000000, -0.000000000000000, -0.000000000000000 ) );
#4833 = DIRECTION( '', ( 0.000000000000000, -0.909631995354518, 0.415415013001886 ) );
#4834 = ORIENTED_EDGE( '', *, *, #6313, .T. );
#4835 = ORIENTED_EDGE( '', *, *, #6949, .F. );
#4836 = ORIENTED_EDGE( '', *, *, #6019, .T. );
#4837 = ORIENTED_EDGE( '', *, *, #6947, .T. );
#4838 = CARTESIAN_POINT( '', ( 31.8000000000000, 38.0849229448074, 77.4288056819463 ) );
#4839 = DIRECTION( '', ( 0.000000000000000, -0.712694171378861, 0.701474887706323 ) );
#4840 = DIRECTION( '', ( 0.000000000000000, -0.701474887706323, -0.712694171378861 ) );
#4841 = ORIENTED_EDGE( '', *, *, #6312, .T. );
#4842 = ORIENTED_EDGE( '', *, *, #6950, .F. );
#4843 = ORIENTED_EDGE( '', *, *, #6020, .T. );
#4844 = ORIENTED_EDGE( '', *, *, #6949, .T. );
#4845 = CARTESIAN_POINT( '', ( 31.8000000000000, 36.9446122706012, 78.5511655022764 ) );
#4846 = DIRECTION( '', ( 1.00000000000000, -0.000000000000000, -0.000000000000000 ) );
#4847 = DIRECTION( '', ( 0.000000000000000, -0.909631995354518, 0.415415013001886 ) );
#4848 = ORIENTED_EDGE( '', *, *, #6663, .T. );
#4849 = ORIENTED_EDGE( '', *, *, #6951, .F. );
#4850 = ORIENTED_EDGE( '', *, *, #6021, .T. );
#4851 = ORIENTED_EDGE( '', *, *, #6950, .T. );
#4852 = CARTESIAN_POINT( '', ( 31.8000000000000, 34.5067699657234, 77.9055376987009 ) );
#4853 = DIRECTION( '', ( 0.000000000000000, 0.415415013001860, 0.909631995354530 ) );
#4854 = DIRECTION( '', ( 0.000000000000000, -0.909631995354530, 0.415415013001860 ) );
#4855 = ORIENTED_EDGE( '', *, *, #6662, .T. );
#4856 = ORIENTED_EDGE( '', *, *, #6952, .F. );
#4857 = ORIENTED_EDGE( '', *, *, #6022, .T. );
#4858 = ORIENTED_EDGE( '', *, *, #6951, .T. );
#4859 = CARTESIAN_POINT( '', ( 31.8000000000000, 35.1714339865264, 79.3609488912682 ) );
#4860 = DIRECTION( '', ( 1.00000000000000, -0.000000000000000, -0.000000000000000 ) );
#4861 = DIRECTION( '', ( 0.000000000000000, -0.909631995354518, 0.415415013001886 ) );
#4862 = ORIENTED_EDGE( '', *, *, #6661, .T. );
#4863 = ORIENTED_EDGE( '', *, *, #6953, .F. );
#4864 = ORIENTED_EDGE( '', *, *, #6023, .T. );
#4865 = ORIENTED_EDGE( '', *, *, #6952, .T. );
#4866 = CARTESIAN_POINT( '', ( 31.8000000000000, 33.6471702130293, 80.3771056284188 ) );
#4867 = DIRECTION( '', ( 0.000000000000000, 0.996854775951943, -0.0792499568567858 ) );
#4868 = DIRECTION( '', ( 0.000000000000000, 0.0792499568567857, 0.996854775951942 ) );
#4869 = ORIENTED_EDGE( '', *, *, #6954, .F. );
#4870 = ORIENTED_EDGE( '', *, *, #6024, .F. );
#4871 = ORIENTED_EDGE( '', *, *, #6953, .T. );
#4872 = ORIENTED_EDGE( '', *, *, #6660, .F. );
#4873 = CARTESIAN_POINT( '', ( 31.8000000000000, 32.0522025715062, 80.5039055593897 ) );
#4874 = DIRECTION( '', ( 1.00000000000000, -0.000000000000000, -0.000000000000000 ) );
#4875 = DIRECTION( '', ( 0.000000000000000, -0.909631995354518, 0.415415013001886 ) );
#4876 = ORIENTED_EDGE( '', *, *, #6955, .F. );
#4877 = ORIENTED_EDGE( '', *, *, #6010, .F. );
#4878 = ORIENTED_EDGE( '', *, *, #6956, .T. );
#4879 = ORIENTED_EDGE( '', *, *, #6322, .F. );
#4880 = CARTESIAN_POINT( '', ( 31.8000000000000, 50.3954659590328, 70.4877259582970 ) );
#4881 = DIRECTION( '', ( 1.00000000000000, -0.000000000000000, -0.000000000000000 ) );
#4882 = DIRECTION( '', ( 0.000000000000000, -0.841253532831181, 0.540640817455598 ) );
#4883 = ORIENTED_EDGE( '', *, *, #6321, .T. );
#4884 = ORIENTED_EDGE( '', *, *, #6957, .F. );
#4885 = ORIENTED_EDGE( '', *, *, #6011, .T. );
#4886 = ORIENTED_EDGE( '', *, *, #6955, .T. );
#4887 = CARTESIAN_POINT( '', ( 31.8000000000000, 48.7165413014732, 71.2206424336818 ) );
#4888 = DIRECTION( '', ( 0.000000000000000, -0.605609687137665, 0.795761840530833 ) );
#4889 = DIRECTION( '', ( 0.000000000000000, -0.795761840530833, -0.605609687137665 ) );
#4890 = ORIENTED_EDGE( '', *, *, #6320, .T. );
#4891 = ORIENTED_EDGE( '', *, *, #6958, .F. );
#4892 = ORIENTED_EDGE( '', *, *, #6012, .T. );
#4893 = ORIENTED_EDGE( '', *, *, #6957, .T. );
#4894 = CARTESIAN_POINT( '', ( 31.8000000000000, 47.7475658020530, 72.4938613785312 ) );
#4895 = DIRECTION( '', ( 1.00000000000000, -0.000000000000000, -0.000000000000000 ) );
#4896 = DIRECTION( '', ( 0.000000000000000, -0.841253532831181, 0.540640817455598 ) );
#4897 = ORIENTED_EDGE( '', *, *, #6319, .T. );
#4898 = ORIENTED_EDGE( '', *, *, #6959, .F. );
#4899 = ORIENTED_EDGE( '', *, *, #6013, .T. );
#4900 = ORIENTED_EDGE( '', *, *, #6958, .T. );
#4901 = CARTESIAN_POINT( '', ( 31.8000000000000, 45.2426548003100, 72.2017462684321 ) );
#4902 = DIRECTION( '', ( 0.000000000000000, 0.540640817455574, 0.841253532831197 ) );
#4903 = DIRECTION( '', ( 0.000000000000000, -0.841253532831197, 0.540640817455574 ) );
#4904 = ORIENTED_EDGE( '', *, *, #6318, .T. );
#4905 = ORIENTED_EDGE( '', *, *, #6960, .F. );
#4906 = ORIENTED_EDGE( '', *, *, #6014, .T. );
#4907 = ORIENTED_EDGE( '', *, *, #6959, .T. );
#4908 = CARTESIAN_POINT( '', ( 31.8000000000000, 46.1076801082389, 73.5477519209621 ) );
#4909 = DIRECTION( '', ( 1.00000000000000, -0.000000000000000, -0.000000000000000 ) );
#4910 = DIRECTION( '', ( 0.000000000000000, -0.841253532831181, 0.540640817455598 ) );
#4911 = ORIENTED_EDGE( '', *, *, #6317, .T. );
#4912 = ORIENTED_EDGE( '', *, *, #6961, .F. );
#4913 = ORIENTED_EDGE( '', *, *, #6015, .T. );
#4914 = ORIENTED_EDGE( '', *, *, #6960, .T. );
#4915 = CARTESIAN_POINT( '', ( 31.8000000000000, 44.7435453238570, 74.7704910001166 ) );
#4916 = DIRECTION( '', ( 0.000000000000000, 0.975429786885408, -0.220310532786538 ) );
#4917 = DIRECTION( '', ( 0.000000000000000, 0.220310532786538, 0.975429786885408 ) );
#4918 = ORIENTED_EDGE( '', *, *, #6962, .F. );
#4919 = ORIENTED_EDGE( '', *, *, #6016, .F. );
#4920 = ORIENTED_EDGE( '', *, *, #6961, .T. );
#4921 = ORIENTED_EDGE( '', *, *, #6316, .F. );
#4922 = CARTESIAN_POINT( '', ( 31.8000000000000, 43.1828576648404, 75.1229878525750 ) );
#4923 = DIRECTION( '', ( 1.00000000000000, -0.000000000000000, -0.000000000000000 ) );
#4924 = DIRECTION( '', ( 0.000000000000000, -0.841253532831181, 0.540640817455598 ) );
#4925 = ORIENTED_EDGE( '', *, *, #6963, .F. );
#4926 = ORIENTED_EDGE( '', *, *, #6002, .F. );
#4927 = ORIENTED_EDGE( '', *, *, #6964, .T. );
#4928 = ORIENTED_EDGE( '', *, *, #6330, .F. );
#4929 = CARTESIAN_POINT( '', ( 31.8000000000000, 59.9139620998380, 62.5982399552830 ) );
#4930 = DIRECTION( '', ( 1.00000000000000, -0.000000000000000, -0.000000000000000 ) );
#4931 = DIRECTION( '', ( 0.000000000000000, -0.755749574354259, 0.654860733945285 ) );
#4932 = ORIENTED_EDGE( '', *, *, #6329, .T. );
#4933 = ORIENTED_EDGE( '', *, *, #6965, .F. );
#4934 = ORIENTED_EDGE( '', *, *, #6003, .T. );
#4935 = ORIENTED_EDGE( '', *, *, #6963, .T. );
#4936 = CARTESIAN_POINT( '', ( 31.8000000000000, 58.3564313641451, 63.5626322888403 ) );
#4937 = DIRECTION( '', ( 0.000000000000000, -0.486196736100467, 0.873849377069786 ) );
#4938 = DIRECTION( '', ( 0.000000000000000, -0.873849377069786, -0.486196736100467 ) );
#4939 = ORIENTED_EDGE( '', *, *, #6328, .T. );
#4940 = ORIENTED_EDGE( '', *, *, #6966, .F. );
#4941 = ORIENTED_EDGE( '', *, *, #6004, .T. );
#4942 = ORIENTED_EDGE( '', *, *, #6965, .T. );
#4943 = CARTESIAN_POINT( '', ( 31.8000000000000, 57.5785165863844, 64.9607912921520 ) );
#4944 = DIRECTION( '', ( 1.00000000000000, -0.000000000000000, -0.000000000000000 ) );
#4945 = DIRECTION( '', ( 0.000000000000000, -0.755749574354259, 0.654860733945285 ) );
#4946 = ORIENTED_EDGE( '', *, *, #6327, .T. );
#4947 = ORIENTED_EDGE( '', *, *, #6967, .F. );
#4948 = ORIENTED_EDGE( '', *, *, #6005, .T. );
#4949 = ORIENTED_EDGE( '', *, *, #6966, .T. );
#4950 = CARTESIAN_POINT( '', ( 31.8000000000000, 55.0575296522048, 65.0281354967806 ) );
#4951 = DIRECTION( '', ( 0.000000000000000, 0.654860733945263, 0.755749574354277 ) );
#4952 = DIRECTION( '', ( 0.000000000000000, -0.755749574354277, 0.654860733945263 ) );
#4953 = ORIENTED_EDGE( '', *, *, #6326, .T. );
#4954 = ORIENTED_EDGE( '', *, *, #6968, .F. );
#4955 = ORIENTED_EDGE( '', *, *, #6006, .T. );
#4956 = ORIENTED_EDGE( '', *, *, #6967, .T. );
#4957 = CARTESIAN_POINT( '', ( 31.8000000000000, 56.1053068265172, 66.2373348157474 ) );
#4958 = DIRECTION( '', ( 1.00000000000000, -0.000000000000000, -0.000000000000000 ) );
#4959 = DIRECTION( '', ( 0.000000000000000, -0.755749574354259, 0.654860733945285 ) );
#4960 = ORIENTED_EDGE( '', *, *, #6325, .T. );
#4961 = ORIENTED_EDGE( '', *, *, #6969, .F. );
#4962 = ORIENTED_EDGE( '', *, *, #6007, .T. );
#4963 = ORIENTED_EDGE( '', *, *, #6968, .T. );
#4964 = CARTESIAN_POINT( '', ( 31.8000000000000, 54.9290708816207, 67.6417647953426 ) );
#4965 = DIRECTION( '', ( 0.000000000000000, 0.934147860265108, -0.356886221591869 ) );
#4966 = DIRECTION( '', ( 0.000000000000000, 0.356886221591869, 0.934147860265108 ) );
#4967 = ORIENTED_EDGE( '', *, *, #6970, .F. );
#4968 = ORIENTED_EDGE( '', *, *, #6008, .F. );
#4969 = ORIENTED_EDGE( '', *, *, #6969, .T. );
#4970 = ORIENTED_EDGE( '', *, *, #6324, .F. );
#4971 = CARTESIAN_POINT( '', ( 31.8000000000000, 53.4344343051966, 68.2127827498896 ) );
#4972 = DIRECTION( '', ( 1.00000000000000, -0.000000000000000, -0.000000000000000 ) );
#4973 = DIRECTION( '', ( 0.000000000000000, -0.755749574354259, 0.654860733945285 ) );
#4974 = ORIENTED_EDGE( '', *, *, #6971, .F. );
#4975 = ORIENTED_EDGE( '', *, *, #5994, .F. );
#4976 = ORIENTED_EDGE( '', *, *, #6972, .T. );
#4977 = ORIENTED_EDGE( '', *, *, #6338, .F. );
#4978 = CARTESIAN_POINT( '', ( 31.8000000000000, 68.2127827498896, 53.4344343051967 ) );
#4979 = DIRECTION( '', ( 1.00000000000000, -0.000000000000000, -0.000000000000000 ) );
#4980 = DIRECTION( '', ( 0.000000000000000, -0.654860733945285, 0.755749574354258 ) );
#4981 = ORIENTED_EDGE( '', *, *, #6337, .T. );
#4982 = ORIENTED_EDGE( '', *, *, #6973, .F. );
#4983 = ORIENTED_EDGE( '', *, *, #5995, .T. );
#4984 = ORIENTED_EDGE( '', *, *, #6971, .T. );
#4985 = CARTESIAN_POINT( '', ( 31.8000000000000, 66.8083527702944, 54.6106702500931 ) );
#4986 = DIRECTION( '', ( 0.000000000000000, -0.356886221591870, 0.934147860265107 ) );
#4987 = DIRECTION( '', ( 0.000000000000000, -0.934147860265107, -0.356886221591870 ) );
#4988 = ORIENTED_EDGE( '', *, *, #6336, .T. );
#4989 = ORIENTED_EDGE( '', *, *, #6974, .F. );
#4990 = ORIENTED_EDGE( '', *, *, #5996, .T. );
#4991 = ORIENTED_EDGE( '', *, *, #6973, .T. );
#4992 = CARTESIAN_POINT( '', ( 31.8000000000000, 66.2373348157474, 56.1053068265173 ) );
#4993 = DIRECTION( '', ( 1.00000000000000, -0.000000000000000, -0.000000000000000 ) );
#4994 = DIRECTION( '', ( 0.000000000000000, -0.654860733945285, 0.755749574354258 ) );
#4995 = ORIENTED_EDGE( '', *, *, #6335, .T. );
#4996 = ORIENTED_EDGE( '', *, *, #6975, .F. );
#4997 = ORIENTED_EDGE( '', *, *, #5997, .T. );
#4998 = ORIENTED_EDGE( '', *, *, #6974, .T. );
#4999 = CARTESIAN_POINT( '', ( 31.8000000000000, 63.7515919731851, 56.5307394120719 ) );
#5000 = DIRECTION( '', ( 0.000000000000000, 0.755749574354239, 0.654860733945307 ) );
#5001 = DIRECTION( '', ( 0.000000000000000, -0.654860733945307, 0.755749574354240 ) );
#5002 = ORIENTED_EDGE( '', *, *, #6334, .T. );
#5003 = ORIENTED_EDGE( '', *, *, #6976, .F. );
#5004 = ORIENTED_EDGE( '', *, *, #5998, .T. );
#5005 = ORIENTED_EDGE( '', *, *, #6975, .T. );
#5006 = CARTESIAN_POINT( '', ( 31.8000000000000, 64.9607912921519, 57.5785165863844 ) );
#5007 = DIRECTION( '', ( 1.00000000000000, -0.000000000000000, -0.000000000000000 ) );
#5008 = DIRECTION( '', ( 0.000000000000000, -0.654860733945285, 0.755749574354258 ) );
#5009 = ORIENTED_EDGE( '', *, *, #6333, .T. );
#5010 = ORIENTED_EDGE( '', *, *, #6977, .F. );
#5011 = ORIENTED_EDGE( '', *, *, #5999, .T. );
#5012 = ORIENTED_EDGE( '', *, *, #6976, .T. );
#5013 = CARTESIAN_POINT( '', ( 31.8000000000000, 63.9963989585946, 59.1360473220772 ) );
#5014 = DIRECTION( '', ( 0.000000000000000, 0.873849377069786, -0.486196736100466 ) );
#5015 = DIRECTION( '', ( 0.000000000000000, 0.486196736100466, 0.873849377069786 ) );
#5016 = ORIENTED_EDGE( '', *, *, #6978, .F. );
#5017 = ORIENTED_EDGE( '', *, *, #6000, .F. );
#5018 = ORIENTED_EDGE( '', *, *, #6977, .T. );
#5019 = ORIENTED_EDGE( '', *, *, #6332, .F. );
#5020 = CARTESIAN_POINT( '', ( 31.8000000000000, 62.5982399552829, 59.9139620998380 ) );
#5021 = DIRECTION( '', ( 1.00000000000000, -0.000000000000000, -0.000000000000000 ) );
#5022 = DIRECTION( '', ( 0.000000000000000, -0.654860733945285, 0.755749574354258 ) );
#5023 = ORIENTED_EDGE( '', *, *, #6979, .F. );
#5024 = ORIENTED_EDGE( '', *, *, #5986, .F. );
#5025 = ORIENTED_EDGE( '', *, *, #6980, .T. );
#5026 = ORIENTED_EDGE( '', *, *, #6346, .F. );
#5027 = CARTESIAN_POINT( '', ( 31.8000000000000, 75.1229878525751, 43.1828576648405 ) );
#5028 = DIRECTION( '', ( 1.00000000000000, -0.000000000000000, -0.000000000000000 ) );
#5029 = DIRECTION( '', ( 0.000000000000000, -0.540640817455598, 0.841253532831181 ) );
#5030 = ORIENTED_EDGE( '', *, *, #6345, .T. );
#5031 = ORIENTED_EDGE( '', *, *, #6981, .F. );
#5032 = ORIENTED_EDGE( '', *, *, #5987, .T. );
#5033 = ORIENTED_EDGE( '', *, *, #6979, .T. );
#5034 = CARTESIAN_POINT( '', ( 31.8000000000000, 73.9002487734205, 44.5469924492223 ) );
#5035 = DIRECTION( '', ( 0.000000000000000, -0.220310532786539, 0.975429786885407 ) );
#5036 = DIRECTION( '', ( 0.000000000000000, -0.975429786885407, -0.220310532786539 ) );
#5037 = ORIENTED_EDGE( '', *, *, #6344, .T. );
#5038 = ORIENTED_EDGE( '', *, *, #6982, .F. );
#5039 = ORIENTED_EDGE( '', *, *, #5988, .T. );
#5040 = ORIENTED_EDGE( '', *, *, #6981, .T. );
#5041 = CARTESIAN_POINT( '', ( 31.8000000000000, 73.5477519209621, 46.1076801082389 ) );
#5042 = DIRECTION( '', ( 1.00000000000000, -0.000000000000000, -0.000000000000000 ) );
#5043 = DIRECTION( '', ( 0.000000000000000, -0.540640817455598, 0.841253532831181 ) );
#5044 = ORIENTED_EDGE( '', *, *, #6343, .T. );
#5045 = ORIENTED_EDGE( '', *, *, #6983, .F. );
#5046 = ORIENTED_EDGE( '', *, *, #5989, .T. );
#5047 = ORIENTED_EDGE( '', *, *, #6982, .T. );
#5048 = CARTESIAN_POINT( '', ( 31.8000000000000, 71.1478557260013, 46.8825404941240 ) );
#5049 = DIRECTION( '', ( 0.000000000000000, 0.841253532831166, 0.540640817455622 ) );
#5050 = DIRECTION( '', ( 0.000000000000000, -0.540640817455622, 0.841253532831166 ) );
#5051 = ORIENTED_EDGE( '', *, *, #6342, .T. );
#5052 = ORIENTED_EDGE( '', *, *, #6984, .F. );
#5053 = ORIENTED_EDGE( '', *, *, #5990, .T. );
#5054 = ORIENTED_EDGE( '', *, *, #6983, .T. );
#5055 = CARTESIAN_POINT( '', ( 31.8000000000000, 72.4938613785311, 47.7475658020530 ) );
#5056 = DIRECTION( '', ( 1.00000000000000, -0.000000000000000, -0.000000000000000 ) );
#5057 = DIRECTION( '', ( 0.000000000000000, -0.540640817455598, 0.841253532831181 ) );
#5058 = ORIENTED_EDGE( '', *, *, #6341, .T. );
#5059 = ORIENTED_EDGE( '', *, *, #6985, .F. );
#5060 = ORIENTED_EDGE( '', *, *, #5991, .T. );
#5061 = ORIENTED_EDGE( '', *, *, #6984, .T. );
#5062 = CARTESIAN_POINT( '', ( 31.8000000000000, 71.7609449031463, 49.4264904596125 ) );
#5063 = DIRECTION( '', ( 0.000000000000000, 0.795761840530834, -0.605609687137664 ) );
#5064 = DIRECTION( '', ( 0.000000000000000, 0.605609687137664, 0.795761840530834 ) );
#5065 = ORIENTED_EDGE( '', *, *, #6986, .F. );
#5066 = ORIENTED_EDGE( '', *, *, #5992, .F. );
#5067 = ORIENTED_EDGE( '', *, *, #6985, .T. );
#5068 = ORIENTED_EDGE( '', *, *, #6340, .F. );
#5069 = CARTESIAN_POINT( '', ( 31.8000000000000, 70.4877259582970, 50.3954659590328 ) );
#5070 = DIRECTION( '', ( 1.00000000000000, -0.000000000000000, -0.000000000000000 ) );
#5071 = DIRECTION( '', ( 0.000000000000000, -0.540640817455598, 0.841253532831181 ) );
#5072 = ORIENTED_EDGE( '', *, *, #6987, .F. );
#5073 = ORIENTED_EDGE( '', *, *, #5978, .F. );
#5074 = ORIENTED_EDGE( '', *, *, #6988, .T. );
#5075 = ORIENTED_EDGE( '', *, *, #6354, .F. );
#5076 = CARTESIAN_POINT( '', ( 31.8000000000000, 80.5039055593897, 32.0522025715063 ) );
#5077 = DIRECTION( '', ( 1.00000000000000, -0.000000000000000, -0.000000000000000 ) );
#5078 = DIRECTION( '', ( 0.000000000000000, -0.415415013001887, 0.909631995354518 ) );
#5079 = ORIENTED_EDGE( '', *, *, #6353, .T. );
#5080 = ORIENTED_EDGE( '', *, *, #6989, .F. );
#5081 = ORIENTED_EDGE( '', *, *, #5979, .T. );
#5082 = ORIENTED_EDGE( '', *, *, #6987, .T. );
#5083 = CARTESIAN_POINT( '', ( 31.8000000000000, 79.4877488222391, 33.5764663450033 ) );
#5084 = DIRECTION( '', ( 0.000000000000000, -0.0792499568567866, 0.996854775951942 ) );
#5085 = DIRECTION( '', ( 0.000000000000000, -0.996854775951942, -0.0792499568567866 ) );
#5086 = ORIENTED_EDGE( '', *, *, #6352, .T. );
#5087 = ORIENTED_EDGE( '', *, *, #6990, .F. );
#5088 = ORIENTED_EDGE( '', *, *, #5980, .T. );
#5089 = ORIENTED_EDGE( '', *, *, #6989, .T. );
#5090 = CARTESIAN_POINT( '', ( 31.8000000000000, 79.3609488912682, 35.1714339865265 ) );
#5091 = DIRECTION( '', ( 1.00000000000000, -0.000000000000000, -0.000000000000000 ) );
#5092 = DIRECTION( '', ( 0.000000000000000, -0.415415013001887, 0.909631995354518 ) );
#5093 = ORIENTED_EDGE( '', *, *, #6351, .T. );
#5094 = ORIENTED_EDGE( '', *, *, #6991, .F. );
#5095 = ORIENTED_EDGE( '', *, *, #5981, .T. );
#5096 = ORIENTED_EDGE( '', *, *, #6990, .T. );
#5097 = CARTESIAN_POINT( '', ( 31.8000000000000, 77.0957543097092, 36.2799482497981 ) );
#5098 = DIRECTION( '', ( 0.000000000000000, 0.909631995354506, 0.415415013001913 ) );
#5099 = DIRECTION( '', ( 0.000000000000000, -0.415415013001913, 0.909631995354506 ) );
#5100 = ORIENTED_EDGE( '', *, *, #6350, .T. );
#5101 = ORIENTED_EDGE( '', *, *, #6992, .F. );
#5102 = ORIENTED_EDGE( '', *, *, #5982, .T. );
#5103 = ORIENTED_EDGE( '', *, *, #6991, .T. );
#5104 = CARTESIAN_POINT( '', ( 31.8000000000000, 78.5511655022763, 36.9446122706012 ) );
#5105 = DIRECTION( '', ( 1.00000000000000, -0.000000000000000, -0.000000000000000 ) );
#5106 = DIRECTION( '', ( 0.000000000000000, -0.415415013001887, 0.909631995354518 ) );
#5107 = ORIENTED_EDGE( '', *, *, #6349, .T. );
#5108 = ORIENTED_EDGE( '', *, *, #6993, .F. );
#5109 = ORIENTED_EDGE( '', *, *, #5983, .T. );
#5110 = ORIENTED_EDGE( '', *, *, #6992, .T. );
#5111 = CARTESIAN_POINT( '', ( 31.8000000000000, 78.0646449509462, 38.7107527856185 ) );
#5112 = DIRECTION( '', ( 0.000000000000000, 0.701474887706323, -0.712694171378861 ) );
#5113 = DIRECTION( '', ( 0.000000000000000, 0.712694171378861, 0.701474887706323 ) );
#5114 = ORIENTED_EDGE( '', *, *, #6994, .F. );
#5115 = ORIENTED_EDGE( '', *, *, #5984, .F. );
#5116 = ORIENTED_EDGE( '', *, *, #6993, .T. );
#5117 = ORIENTED_EDGE( '', *, *, #6348, .F. );
#5118 = CARTESIAN_POINT( '', ( 31.8000000000000, 76.9422851306161, 39.8510634598246 ) );
#5119 = DIRECTION( '', ( 1.00000000000000, -0.000000000000000, -0.000000000000000 ) );
#5120 = DIRECTION( '', ( 0.000000000000000, -0.415415013001887, 0.909631995354518 ) );
#5121 = ORIENTED_EDGE( '', *, *, #6995, .F. );
#5122 = ORIENTED_EDGE( '', *, *, #5970, .F. );
#5123 = ORIENTED_EDGE( '', *, *, #6996, .T. );
#5124 = ORIENTED_EDGE( '', *, *, #6362, .F. );
#5125 = CARTESIAN_POINT( '', ( 31.8000000000000, 84.2459959031080, 20.2690570647357 ) );
#5126 = DIRECTION( '', ( 1.00000000000000, -0.000000000000000, -0.000000000000000 ) );
#5127 = DIRECTION( '', ( 0.000000000000000, -0.281732556841430, 0.959492973614497 ) );
#5128 = ORIENTED_EDGE( '', *, *, #6361, .T. );
#5129 = ORIENTED_EDGE( '', *, *, #6997, .F. );
#5130 = ORIENTED_EDGE( '', *, *, #5971, .T. );
#5131 = ORIENTED_EDGE( '', *, *, #6995, .T. );
#5132 = CARTESIAN_POINT( '', ( 31.8000000000000, 83.4571075287757, 21.9224202125333 ) );
#5133 = DIRECTION( '', ( 0.000000000000000, 0.0634239196565665, 0.997986676471884 ) );
#5134 = DIRECTION( '', ( 0.000000000000000, -0.997986676471884, 0.0634239196565665 ) );
#5135 = ORIENTED_EDGE( '', *, *, #6360, .T. );
#5136 = ORIENTED_EDGE( '', *, *, #6998, .F. );
#5137 = ORIENTED_EDGE( '', *, *, #5972, .T. );
#5138 = ORIENTED_EDGE( '', *, *, #6997, .T. );
#5139 = CARTESIAN_POINT( '', ( 31.8000000000000, 83.5585858002262, 23.5191988948884 ) );
#5140 = DIRECTION( '', ( 1.00000000000000, -0.000000000000000, -0.000000000000000 ) );
#5141 = DIRECTION( '', ( 0.000000000000000, -0.281732556841430, 0.959492973614497 ) );
#5142 = ORIENTED_EDGE( '', *, *, #6359, .T. );
#5143 = ORIENTED_EDGE( '', *, *, #6999, .F. );
#5144 = ORIENTED_EDGE( '', *, *, #5973, .T. );
#5145 = ORIENTED_EDGE( '', *, *, #6998, .T. );
#5146 = CARTESIAN_POINT( '', ( 31.8000000000000, 81.4742056614676, 24.9388008818376 ) );
#5147 = DIRECTION( '', ( 0.000000000000000, 0.959492973614489, 0.281732556841457 ) );
#5148 = DIRECTION( '', ( 0.000000000000000, -0.281732556841457, 0.959492973614489 ) );
#5149 = ORIENTED_EDGE( '', *, *, #6358, .T. );
#5150 = ORIENTED_EDGE( '', *, *, #7000, .F. );
#5151 = ORIENTED_EDGE( '', *, *, #5974, .T. );
#5152 = ORIENTED_EDGE( '', *, *, #6999, .T. );
#5153 = CARTESIAN_POINT( '', ( 31.8000000000000, 83.0093944192508, 25.3895729727839 ) );
#5154 = DIRECTION( '', ( 1.00000000000000, -0.000000000000000, -0.000000000000000 ) );
#5155 = DIRECTION( '', ( 0.000000000000000, -0.281732556841430, 0.959492973614497 ) );
#5156 = ORIENTED_EDGE( '', *, *, #6357, .T. );
#5157 = ORIENTED_EDGE( '', *, *, #7001, .F. );
#5158 = ORIENTED_EDGE( '', *, *, #5975, .T. );
#5159 = ORIENTED_EDGE( '', *, *, #7000, .T. );
#5160 = CARTESIAN_POINT( '', ( 31.8000000000000, 82.7791739473911, 27.2069758175018 ) );
#5161 = DIRECTION( '', ( 0.000000000000000, 0.592907929054643, -0.805270257531057 ) );
#5162 = DIRECTION( '', ( 0.000000000000000, 0.805270257531057, 0.592907929054643 ) );
#5163 = ORIENTED_EDGE( '', *, *, #7002, .F. );
#5164 = ORIENTED_EDGE( '', *, *, #5976, .F. );
#5165 = ORIENTED_EDGE( '', *, *, #7001, .T. );
#5166 = ORIENTED_EDGE( '', *, *, #6356, .F. );
#5167 = CARTESIAN_POINT( '', ( 31.8000000000000, 81.8305212609037, 28.4954082295515 ) );
#5168 = DIRECTION( '', ( 1.00000000000000, -0.000000000000000, -0.000000000000000 ) );
#5169 = DIRECTION( '', ( 0.000000000000000, -0.281732556841430, 0.959492973614497 ) );
#5170 = ORIENTED_EDGE( '', *, *, #7003, .F. );
#5171 = ORIENTED_EDGE( '', *, *, #5962, .F. );
#5172 = ORIENTED_EDGE( '', *, *, #7004, .T. );
#5173 = ORIENTED_EDGE( '', *, *, #6370, .F. );
#5174 = CARTESIAN_POINT( '', ( 31.8000000000000, 86.2730807156294, 8.07329200726094 ) );
#5175 = DIRECTION( '', ( 1.00000000000000, -0.000000000000000, -0.000000000000000 ) );
#5176 = DIRECTION( '', ( 0.000000000000000, -0.142314838273285, 0.989821441880933 ) );
#5177 = ORIENTED_EDGE( '', *, *, #6369, .T. );
#5178 = ORIENTED_EDGE( '', *, *, #7005, .F. );
#5179 = ORIENTED_EDGE( '', *, *, #5963, .T. );
#5180 = ORIENTED_EDGE( '', *, *, #7003, .T. );
#5181 = CARTESIAN_POINT( '', ( 31.8000000000000, 85.7275201964504, 9.82209682357556 ) );
#5182 = DIRECTION( '', ( 0.000000000000000, 0.204806668065193, 0.978802446214778 ) );
#5183 = DIRECTION( '', ( 0.000000000000000, -0.978802446214778, 0.204806668065193 ) );
#5184 = ORIENTED_EDGE( '', *, *, #6368, .T. );
#5185 = ORIENTED_EDGE( '', *, *, #7006, .F. );
#5186 = ORIENTED_EDGE( '', *, *, #5964, .T. );
#5187 = ORIENTED_EDGE( '', *, *, #7005, .T. );
#5188 = CARTESIAN_POINT( '', ( 31.8000000000000, 86.0552108653548, 11.3881807375192 ) );
#5189 = DIRECTION( '', ( 1.00000000000000, -0.000000000000000, -0.000000000000000 ) );
#5190 = DIRECTION( '', ( 0.000000000000000, -0.142314838273285, 0.989821441880933 ) );
#5191 = ORIENTED_EDGE( '', *, *, #6367, .T. );
#5192 = ORIENTED_EDGE( '', *, *, #7007, .F. );
#5193 = ORIENTED_EDGE( '', *, *, #5965, .T. );
#5194 = ORIENTED_EDGE( '', *, *, #7006, .T. );
#5195 = CARTESIAN_POINT( '', ( 31.8000000000000, 84.1940771381659, 13.0899714454858 ) );
#5196 = DIRECTION( '', ( 0.000000000000000, 0.989821441880929, 0.142314838273313 ) );
#5197 = DIRECTION( '', ( 0.000000000000000, -0.142314838273313, 0.989821441880929 ) );
#5198 = ORIENTED_EDGE( '', *, *, #6366, .T. );
#5199 = ORIENTED_EDGE( '', *, *, #7008, .F. );
#5200 = ORIENTED_EDGE( '', *, *, #5966, .T. );
#5201 = ORIENTED_EDGE( '', *, *, #7007, .T. );
#5202 = CARTESIAN_POINT( '', ( 31.8000000000000, 85.7777914451754, 13.3176751867231 ) );
#5203 = DIRECTION( '', ( 1.00000000000000, -0.000000000000000, -0.000000000000000 ) );
#5204 = DIRECTION( '', ( 0.000000000000000, -0.142314838273285, 0.989821441880933 ) );
#5205 = ORIENTED_EDGE( '', *, *, #6365, .T. );
#5206 = ORIENTED_EDGE( '', *, *, #7009, .F. );
#5207 = ORIENTED_EDGE( '', *, *, #5967, .T. );
#5208 = ORIENTED_EDGE( '', *, *, #7008, .T. );
#5209 = CARTESIAN_POINT( '', ( 31.8000000000000, 85.8085576776921, 15.1493432801802 ) );
#5210 = DIRECTION( '', ( 0.000000000000000, 0.472271074772685, -0.881453363447581 ) );
#5211 = DIRECTION( '', ( 0.000000000000000, 0.881453363447581, 0.472271074772685 ) );
#5212 = ORIENTED_EDGE( '', *, *, #7010, .F. );
#5213 = ORIENTED_EDGE( '', *, *, #5968, .F. );
#5214 = ORIENTED_EDGE( '', *, *, #7009, .T. );
#5215 = ORIENTED_EDGE( '', *, *, #6364, .F. );
#5216 = CARTESIAN_POINT( '', ( 31.8000000000000, 85.0529239580559, 16.5596686616964 ) );
#5217 = DIRECTION( '', ( 1.00000000000000, -0.000000000000000, -0.000000000000000 ) );
#5218 = DIRECTION( '', ( 0.000000000000000, -0.142314838273285, 0.989821441880933 ) );
#5219 = ORIENTED_EDGE( '', *, *, #7011, .F. );
#5220 = ORIENTED_EDGE( '', *, *, #6306, .F. );
#5221 = ORIENTED_EDGE( '', *, *, #7012, .T. );
#5222 = ORIENTED_EDGE( '', *, *, #6378, .F. );
#5223 = CARTESIAN_POINT( '', ( 31.8000000000000, 86.5438943958007, -4.28682199403005 ) );
#5224 = DIRECTION( '', ( 1.00000000000000, -0.000000000000000, -0.000000000000000 ) );
#5225 = DIRECTION( '', ( 0.000000000000000, 0.000000000000000, 1.00000000000000 ) );
#5226 = ORIENTED_EDGE( '', *, *, #6377, .T. );
#5227 = ORIENTED_EDGE( '', *, *, #7013, .F. );
#5228 = ORIENTED_EDGE( '', *, *, #6307, .T. );
#5229 = ORIENTED_EDGE( '', *, *, #7011, .T. );
#5230 = CARTESIAN_POINT( '', ( 31.8000000000000, 86.2527677706791, -2.47817613212195 ) );
#5231 = DIRECTION( '', ( -0.000000000000000, 0.342020143325671, 0.939692620785908 ) );
#5232 = DIRECTION( '', ( 0.000000000000000, -0.939692620785908, 0.342020143325671 ) );
#5233 = ORIENTED_EDGE( '', *, *, #6376, .T. );
#5234 = ORIENTED_EDGE( '', *, *, #7014, .F. );
#5235 = ORIENTED_EDGE( '', *, *, #6308, .T. );
#5236 = ORIENTED_EDGE( '', *, *, #7013, .T. );
#5237 = CARTESIAN_POINT( '', ( 31.8000000000000, 86.8000000000001, -0.974667938864485 ) );
#5238 = DIRECTION( '', ( 1.00000000000000, -0.000000000000000, -0.000000000000000 ) );
#5239 = DIRECTION( '', ( 0.000000000000000, 0.000000000000000, 1.00000000000000 ) );
#5240 = ORIENTED_EDGE( '', *, *, #6375, .T. );
#5241 = ORIENTED_EDGE( '', *, *, #7015, .F. );
#5242 = ORIENTED_EDGE( '', *, *, #5957, .T. );
#5243 = ORIENTED_EDGE( '', *, *, #7014, .T. );
#5244 = CARTESIAN_POINT( '', ( 31.8000000000000, 85.2000000000001, 0.974667938864427 ) );
#5245 = DIRECTION( '', ( -0.000000000000000, 1.00000000000000, 2.84769555957334E-14 ) );
#5246 = DIRECTION( '', ( 0.000000000000000, -2.84769555957334E-14, 1.00000000000000 ) );
#5247 = ORIENTED_EDGE( '', *, *, #6374, .T. );
#5248 = ORIENTED_EDGE( '', *, *, #7016, .F. );
#5249 = ORIENTED_EDGE( '', *, *, #5958, .T. );
#5250 = ORIENTED_EDGE( '', *, *, #7015, .T. );
#5251 = CARTESIAN_POINT( '', ( 31.8000000000000, 86.8000000000001, 0.974667938864467 ) );
#5252 = DIRECTION( '', ( 1.00000000000000, -0.000000000000000, -0.000000000000000 ) );
#5253 = DIRECTION( '', ( 0.000000000000000, 0.000000000000000, 1.00000000000000 ) );
#5254 = ORIENTED_EDGE( '', *, *, #6373, .T. );
#5255 = ORIENTED_EDGE( '', *, *, #7017, .F. );
#5256 = ORIENTED_EDGE( '', *, *, #5959, .T. );
#5257 = ORIENTED_EDGE( '', *, *, #7016, .T. );
#5258 = CARTESIAN_POINT( '', ( 31.8000000000000, 87.0911266251217, 2.78331380077260 ) );
#5259 = DIRECTION( '', ( 0.000000000000000, 0.342020143325671, -0.939692620785908 ) );
#5260 = DIRECTION( '', ( 0.000000000000000, 0.939692620785908, 0.342020143325671 ) );
#5261 = ORIENTED_EDGE( '', *, *, #7018, .F. );
#5262 = ORIENTED_EDGE( '', *, *, #5960, .F. );
#5263 = ORIENTED_EDGE( '', *, *, #7017, .T. );
#5264 = ORIENTED_EDGE( '', *, *, #6372, .F. );
#5265 = CARTESIAN_POINT( '', ( 31.8000000000000, 86.5438943958007, 4.28682199403003 ) );
#5266 = DIRECTION( '', ( 1.00000000000000, -0.000000000000000, -0.000000000000000 ) );
#5267 = DIRECTION( '', ( 0.000000000000000, 0.000000000000000, 1.00000000000000 ) );
#5268 = ORIENTED_EDGE( '', *, *, #5949, .F. );
#5269 = ORIENTED_EDGE( '', *, *, #7019, .T. );
#5270 = CARTESIAN_POINT( '', ( 50.0000000000000, 40.0000000000000, 0.000000000000000 ) );
#5271 = DIRECTION( '', ( -1.00000000000000, 0.000000000000000, 0.000000000000000 ) );
#5272 = DIRECTION( '', ( 0.000000000000000, 0.000000000000000, 1.00000000000000 ) );
#5273 = ORIENTED_EDGE( '', *, *, #7019, .F. );
#5274 = ORIENTED_EDGE( '', *, *, #5907, .T. );
#5275 = CARTESIAN_POINT( '', ( 50.0000000000000, 0.000000000000000, 0.000000000000000 ) );
#5276 = DIRECTION( '', ( -1.00000000000000, -0.000000000000000, 0.000000000000000 ) );
#5277 = DIRECTION( '', ( -0.000000000000000, 0.000000000000000, -1.00000000000000 ) );
#5278 = ORIENTED_EDGE( '', *, *, #5921, .F. );
#5279 = ORIENTED_EDGE( '', *, *, #7020, .T. );
#5280 = CARTESIAN_POINT( '', ( 50.0000000000000, 0.000000000000000, 0.000000000000000 ) );
#5281 = DIRECTION( '', ( -1.00000000000000, -0.000000000000000, 0.000000000000000 ) );
#5282 = DIRECTION( '', ( -0.000000000000000, 0.000000000000000, -1.00000000000000 ) );
#5283 = ORIENTED_EDGE( '', *, *, #7020, .F. );
#5284 = ORIENTED_EDGE( '', *, *, #5952, .T. );
#5285 = CARTESIAN_POINT( '', ( 31.8000000000000, 82.5000000000000, 0.000000000000000 ) );
#5286 = DIRECTION( '', ( -1.00000000000000, 0.000000000000000, 0.000000000000000 ) );
#5287 = DIRECTION( '', ( 0.000000000000000, 0.000000000000000, 1.00000000000000 ) );
#5288 = ORIENTED_EDGE( '', *, *, #6379, .T. );
#5289 = ORIENTED_EDGE( '', *, *, #7012, .F. );
#5290 = ORIENTED_EDGE( '', *, *, #6305, .F. );
#5291 = ORIENTED_EDGE( '', *, *, #6674, .T. );
#5292 = CARTESIAN_POINT( '', ( 50.0000000000000, 0.000000000000000, 0.000000000000000 ) );
#5293 = DIRECTION( '', ( -1.00000000000000, -0.000000000000000, 0.000000000000000 ) );
#5294 = DIRECTION( '', ( -0.000000000000000, 0.000000000000000, -1.00000000000000 ) );
#5295 = ORIENTED_EDGE( '', *, *, #6664, .F. );
#5296 = ORIENTED_EDGE( '', *, *, #7021, .T. );
#5297 = CARTESIAN_POINT( '', ( 50.0000000000000, 0.000000000000000, 0.000000000000000 ) );
#5298 = DIRECTION( '', ( -1.00000000000000, -0.000000000000000, 0.000000000000000 ) );
#5299 = DIRECTION( '', ( -0.000000000000000, 0.000000000000000, -1.00000000000000 ) );
#5300 = ORIENTED_EDGE( '', *, *, #7021, .F. );
#5301 = ORIENTED_EDGE( '', *, *, #5947, .T. );
#5302 = CARTESIAN_POINT( '', ( 0.000000000000000, 75.0000000000000, 0.000000000000000 ) );
#5303 = DIRECTION( '', ( 1.00000000000000, 0.000000000000000, -0.000000000000000 ) );
#5304 = DIRECTION( '', ( -0.000000000000000, 0.000000000000000, -1.00000000000000 ) );
#5305 = ORIENTED_EDGE( '', *, *, #6017, .F. );
#5306 = ORIENTED_EDGE( '', *, *, #6962, .T. );
#5307 = ORIENTED_EDGE( '', *, *, #6315, .T. );
#5308 = ORIENTED_EDGE( '', *, *, #6948, .F. );
#5309 = CARTESIAN_POINT( '', ( 50.0000000000000, 0.000000000000000, 0.000000000000000 ) );
#5310 = DIRECTION( '', ( -1.00000000000000, -0.000000000000000, 0.000000000000000 ) );
#5311 = DIRECTION( '', ( -0.000000000000000, 0.000000000000000, -1.00000000000000 ) );
#5312 = ORIENTED_EDGE( '', *, *, #6025, .F. );
#5313 = ORIENTED_EDGE( '', *, *, #6954, .T. );
#5314 = ORIENTED_EDGE( '', *, *, #6659, .T. );
#5315 = ORIENTED_EDGE( '', *, *, #6940, .F. );
#5316 = CARTESIAN_POINT( '', ( 50.0000000000000, 0.000000000000000, 0.000000000000000 ) );
#5317 = DIRECTION( '', ( -1.00000000000000, -0.000000000000000, 0.000000000000000 ) );
#5318 = DIRECTION( '', ( -0.000000000000000, 0.000000000000000, -1.00000000000000 ) );
#5319 = ORIENTED_EDGE( '', *, *, #6009, .F. );
#5320 = ORIENTED_EDGE( '', *, *, #6970, .T. );
#5321 = ORIENTED_EDGE( '', *, *, #6323, .T. );
#5322 = ORIENTED_EDGE( '', *, *, #6956, .F. );
#5323 = CARTESIAN_POINT( '', ( 50.0000000000000, 0.000000000000000, 0.000000000000000 ) );
#5324 = DIRECTION( '', ( -1.00000000000000, -0.000000000000000, 0.000000000000000 ) );
#5325 = DIRECTION( '', ( -0.000000000000000, 0.000000000000000, -1.00000000000000 ) );
#5326 = ORIENTED_EDGE( '', *, *, #6001, .F. );
#5327 = ORIENTED_EDGE( '', *, *, #6978, .T. );
#5328 = ORIENTED_EDGE( '', *, *, #6331, .T. );
#5329 = ORIENTED_EDGE( '', *, *, #6964, .F. );
#5330 = CARTESIAN_POINT( '', ( 50.0000000000000, 0.000000000000000, 0.000000000000000 ) );
#5331 = DIRECTION( '', ( -1.00000000000000, -0.000000000000000, 0.000000000000000 ) );
#5332 = DIRECTION( '', ( -0.000000000000000, 0.000000000000000, -1.00000000000000 ) );
#5333 = ORIENTED_EDGE( '', *, *, #5993, .F. );
#5334 = ORIENTED_EDGE( '', *, *, #6986, .T. );
#5335 = ORIENTED_EDGE( '', *, *, #6339, .T. );
#5336 = ORIENTED_EDGE( '', *, *, #6972, .F. );
#5337 = CARTESIAN_POINT( '', ( 50.0000000000000, 0.000000000000000, 0.000000000000000 ) );
#5338 = DIRECTION( '', ( -1.00000000000000, -0.000000000000000, 0.000000000000000 ) );
#5339 = DIRECTION( '', ( -0.000000000000000, 0.000000000000000, -1.00000000000000 ) );
#5340 = ORIENTED_EDGE( '', *, *, #5985, .F. );
#5341 = ORIENTED_EDGE( '', *, *, #6994, .T. );
#5342 = ORIENTED_EDGE( '', *, *, #6347, .T. );
#5343 = ORIENTED_EDGE( '', *, *, #6980, .F. );
#5344 = CARTESIAN_POINT( '', ( 50.0000000000000, 0.000000000000000, 0.000000000000000 ) );
#5345 = DIRECTION( '', ( -1.00000000000000, -0.000000000000000, 0.000000000000000 ) );
#5346 = DIRECTION( '', ( -0.000000000000000, 0.000000000000000, -1.00000000000000 ) );
#5347 = ORIENTED_EDGE( '', *, *, #5977, .F. );
#5348 = ORIENTED_EDGE( '', *, *, #7002, .T. );
#5349 = ORIENTED_EDGE( '', *, *, #6355, .T. );
#5350 = ORIENTED_EDGE( '', *, *, #6988, .F. );
#5351 = CARTESIAN_POINT( '', ( 50.0000000000000, 0.000000000000000, 0.000000000000000 ) );
#5352 = DIRECTION( '', ( -1.00000000000000, -0.000000000000000, 0.000000000000000 ) );
#5353 = DIRECTION( '', ( -0.000000000000000, 0.000000000000000, -1.00000000000000 ) );
#5354 = ORIENTED_EDGE( '', *, *, #5969, .F. );
#5355 = ORIENTED_EDGE( '', *, *, #7010, .T. );
#5356 = ORIENTED_EDGE( '', *, *, #6363, .T. );
#5357 = ORIENTED_EDGE( '', *, *, #6996, .F. );
#5358 = CARTESIAN_POINT( '', ( 50.0000000000000, 0.000000000000000, 0.000000000000000 ) );
#5359 = DIRECTION( '', ( -1.00000000000000, -0.000000000000000, 0.000000000000000 ) );
#5360 = DIRECTION( '', ( -0.000000000000000, 0.000000000000000, -1.00000000000000 ) );
#5361 = ORIENTED_EDGE( '', *, *, #6371, .T. );
#5362 = ORIENTED_EDGE( '', *, *, #7004, .F. );
#5363 = ORIENTED_EDGE( '', *, *, #5961, .F. );
#5364 = ORIENTED_EDGE( '', *, *, #7018, .T. );
#5365 = CARTESIAN_POINT( '', ( 50.0000000000000, 0.000000000000000, 0.000000000000000 ) );
#5366 = DIRECTION( '', ( -1.00000000000000, -0.000000000000000, 0.000000000000000 ) );
#5367 = DIRECTION( '', ( -0.000000000000000, 0.000000000000000, -1.00000000000000 ) );
#5368 = ORIENTED_EDGE( '', *, *, #6033, .F. );
#5369 = ORIENTED_EDGE( '', *, *, #6946, .T. );
#5370 = ORIENTED_EDGE( '', *, *, #6651, .T. );
#5371 = ORIENTED_EDGE( '', *, *, #6932, .F. );
#5372 = CARTESIAN_POINT( '', ( 50.0000000000000, 0.000000000000000, 0.000000000000000 ) );
#5373 = DIRECTION( '', ( -1.00000000000000, -0.000000000000000, 0.000000000000000 ) );
#5374 = DIRECTION( '', ( -0.000000000000000, 0.000000000000000, -1.00000000000000 ) );
#5375 = ORIENTED_EDGE( '', *, *, #6041, .F. );
#5376 = ORIENTED_EDGE( '', *, *, #6938, .T. );
#5377 = ORIENTED_EDGE( '', *, *, #6643, .T. );
#5378 = ORIENTED_EDGE( '', *, *, #6924, .F. );
#5379 = CARTESIAN_POINT( '', ( 50.0000000000000, 0.000000000000000, 0.000000000000000 ) );
#5380 = DIRECTION( '', ( -1.00000000000000, -0.000000000000000, 0.000000000000000 ) );
#5381 = DIRECTION( '', ( -0.000000000000000, 0.000000000000000, -1.00000000000000 ) );
#5382 = ORIENTED_EDGE( '', *, *, #6049, .F. );
#5383 = ORIENTED_EDGE( '', *, *, #6930, .T. );
#5384 = ORIENTED_EDGE( '', *, *, #6635, .T. );
#5385 = ORIENTED_EDGE( '', *, *, #6916, .F. );
#5386 = CARTESIAN_POINT( '', ( 50.0000000000000, 0.000000000000000, 0.000000000000000 ) );
#5387 = DIRECTION( '', ( -1.00000000000000, -0.000000000000000, 0.000000000000000 ) );
#5388 = DIRECTION( '', ( -0.000000000000000, 0.000000000000000, -1.00000000000000 ) );
#5389 = ORIENTED_EDGE( '', *, *, #6057, .F. );
#5390 = ORIENTED_EDGE( '', *, *, #6922, .T. );
#5391 = ORIENTED_EDGE( '', *, *, #6627, .T. );
#5392 = ORIENTED_EDGE( '', *, *, #6908, .F. );
#5393 = CARTESIAN_POINT( '', ( 50.0000000000000, 0.000000000000000, 0.000000000000000 ) );
#5394 = DIRECTION( '', ( -1.00000000000000, -0.000000000000000, 0.000000000000000 ) );
#5395 = DIRECTION( '', ( -0.000000000000000, 0.000000000000000, -1.00000000000000 ) );
#5396 = ORIENTED_EDGE( '', *, *, #6065, .F. );
#5397 = ORIENTED_EDGE( '', *, *, #6914, .T. );
#5398 = ORIENTED_EDGE( '', *, *, #6619, .T. );
#5399 = ORIENTED_EDGE( '', *, *, #6900, .F. );
#5400 = CARTESIAN_POINT( '', ( 50.0000000000000, 0.000000000000000, 0.000000000000000 ) );
#5401 = DIRECTION( '', ( -1.00000000000000, -0.000000000000000, 0.000000000000000 ) );
#5402 = DIRECTION( '', ( -0.000000000000000, 0.000000000000000, -1.00000000000000 ) );
#5403 = ORIENTED_EDGE( '', *, *, #6073, .F. );
#5404 = ORIENTED_EDGE( '', *, *, #6906, .T. );
#5405 = ORIENTED_EDGE( '', *, *, #6611, .T. );
#5406 = ORIENTED_EDGE( '', *, *, #6892, .F. );
#5407 = CARTESIAN_POINT( '', ( 50.0000000000000, 0.000000000000000, 0.000000000000000 ) );
#5408 = DIRECTION( '', ( -1.00000000000000, -0.000000000000000, 0.000000000000000 ) );
#5409 = DIRECTION( '', ( -0.000000000000000, 0.000000000000000, -1.00000000000000 ) );
#5410 = ORIENTED_EDGE( '', *, *, #6081, .F. );
#5411 = ORIENTED_EDGE( '', *, *, #6898, .T. );
#5412 = ORIENTED_EDGE( '', *, *, #6603, .T. );
#5413 = ORIENTED_EDGE( '', *, *, #6884, .F. );
#5414 = CARTESIAN_POINT( '', ( 50.0000000000000, 0.000000000000000, 0.000000000000000 ) );
#5415 = DIRECTION( '', ( -1.00000000000000, -0.000000000000000, 0.000000000000000 ) );
#5416 = DIRECTION( '', ( -0.000000000000000, 0.000000000000000, -1.00000000000000 ) );
#5417 = ORIENTED_EDGE( '', *, *, #6089, .F. );
#5418 = ORIENTED_EDGE( '', *, *, #6890, .T. );
#5419 = ORIENTED_EDGE( '', *, *, #6595, .T. );
#5420 = ORIENTED_EDGE( '', *, *, #6876, .F. );
#5421 = CARTESIAN_POINT( '', ( 50.0000000000000, 0.000000000000000, 0.000000000000000 ) );
#5422 = DIRECTION( '', ( -1.00000000000000, -0.000000000000000, 0.000000000000000 ) );
#5423 = DIRECTION( '', ( -0.000000000000000, 0.000000000000000, -1.00000000000000 ) );
#5424 = ORIENTED_EDGE( '', *, *, #6097, .F. );
#5425 = ORIENTED_EDGE( '', *, *, #6882, .T. );
#5426 = ORIENTED_EDGE( '', *, *, #6587, .T. );
#5427 = ORIENTED_EDGE( '', *, *, #6868, .F. );
#5428 = CARTESIAN_POINT( '', ( 50.0000000000000, 0.000000000000000, 0.000000000000000 ) );
#5429 = DIRECTION( '', ( -1.00000000000000, -0.000000000000000, 0.000000000000000 ) );
#5430 = DIRECTION( '', ( -0.000000000000000, 0.000000000000000, -1.00000000000000 ) );
#5431 = ORIENTED_EDGE( '', *, *, #6105, .F. );
#5432 = ORIENTED_EDGE( '', *, *, #6874, .T. );
#5433 = ORIENTED_EDGE( '', *, *, #6579, .T. );
#5434 = ORIENTED_EDGE( '', *, *, #6860, .F. );
#5435 = CARTESIAN_POINT( '', ( 50.0000000000000, 0.000000000000000, 0.000000000000000 ) );
#5436 = DIRECTION( '', ( -1.00000000000000, -0.000000000000000, 0.000000000000000 ) );
#5437 = DIRECTION( '', ( -0.000000000000000, 0.000000000000000, -1.00000000000000 ) );
#5438 = ORIENTED_EDGE( '', *, *, #6113, .F. );
#5439 = ORIENTED_EDGE( '', *, *, #6866, .T. );
#5440 = ORIENTED_EDGE( '', *, *, #6571, .T. );
#5441 = ORIENTED_EDGE( '', *, *, #6852, .F. );
#5442 = CARTESIAN_POINT( '', ( 50.0000000000000, 0.000000000000000, 0.000000000000000 ) );
#5443 = DIRECTION( '', ( -1.00000000000000, -0.000000000000000, 0.000000000000000 ) );
#5444 = DIRECTION( '', ( -0.000000000000000, 0.000000000000000, -1.00000000000000 ) );
#5445 = ORIENTED_EDGE( '', *, *, #6121, .F. );
#5446 = ORIENTED_EDGE( '', *, *, #6858, .T. );
#5447 = ORIENTED_EDGE( '', *, *, #6563, .T. );
#5448 = ORIENTED_EDGE( '', *, *, #6844, .F. );
#5449 = CARTESIAN_POINT( '', ( 50.0000000000000, 0.000000000000000, 0.000000000000000 ) );
#5450 = DIRECTION( '', ( -1.00000000000000, -0.000000000000000, 0.000000000000000 ) );
#5451 = DIRECTION( '', ( -0.000000000000000, 0.000000000000000, -1.00000000000000 ) );
#5452 = ORIENTED_EDGE( '', *, *, #6129, .F. );
#5453 = ORIENTED_EDGE( '', *, *, #6850, .T. );
#5454 = ORIENTED_EDGE( '', *, *, #6555, .T. );
#5455 = ORIENTED_EDGE( '', *, *, #6836, .F. );
#5456 = CARTESIAN_POINT( '', ( 50.0000000000000, 0.000000000000000, 0.000000000000000 ) );
#5457 = DIRECTION( '', ( -1.00000000000000, -0.000000000000000, 0.000000000000000 ) );
#5458 = DIRECTION( '', ( -0.000000000000000, 0.000000000000000, -1.00000000000000 ) );
#5459 = ORIENTED_EDGE( '', *, *, #6137, .F. );
#5460 = ORIENTED_EDGE( '', *, *, #6842, .T. );
#5461 = ORIENTED_EDGE( '', *, *, #6547, .T. );
#5462 = ORIENTED_EDGE( '', *, *, #6828, .F. );
#5463 = CARTESIAN_POINT( '', ( 50.0000000000000, 0.000000000000000, 0.000000000000000 ) );
#5464 = DIRECTION( '', ( -1.00000000000000, -0.000000000000000, 0.000000000000000 ) );
#5465 = DIRECTION( '', ( -0.000000000000000, 0.000000000000000, -1.00000000000000 ) );
#5466 = ORIENTED_EDGE( '', *, *, #6145, .F. );
#5467 = ORIENTED_EDGE( '', *, *, #6834, .T. );
#5468 = ORIENTED_EDGE( '', *, *, #6539, .T. );
#5469 = ORIENTED_EDGE( '', *, *, #6820, .F. );
#5470 = CARTESIAN_POINT( '', ( 50.0000000000000, 0.000000000000000, 0.000000000000000 ) );
#5471 = DIRECTION( '', ( -1.00000000000000, -0.000000000000000, 0.000000000000000 ) );
#5472 = DIRECTION( '', ( -0.000000000000000, 0.000000000000000, -1.00000000000000 ) );
#5473 = ORIENTED_EDGE( '', *, *, #6153, .F. );
#5474 = ORIENTED_EDGE( '', *, *, #6826, .T. );
#5475 = ORIENTED_EDGE( '', *, *, #6531, .T. );
#5476 = ORIENTED_EDGE( '', *, *, #6812, .F. );
#5477 = CARTESIAN_POINT( '', ( 50.0000000000000, 0.000000000000000, 0.000000000000000 ) );
#5478 = DIRECTION( '', ( -1.00000000000000, -0.000000000000000, 0.000000000000000 ) );
#5479 = DIRECTION( '', ( -0.000000000000000, 0.000000000000000, -1.00000000000000 ) );
#5480 = ORIENTED_EDGE( '', *, *, #6161, .F. );
#5481 = ORIENTED_EDGE( '', *, *, #6818, .T. );
#5482 = ORIENTED_EDGE( '', *, *, #6523, .T. );
#5483 = ORIENTED_EDGE( '', *, *, #6804, .F. );
#5484 = CARTESIAN_POINT( '', ( 50.0000000000000, 0.000000000000000, 0.000000000000000 ) );
#5485 = DIRECTION( '', ( -1.00000000000000, -0.000000000000000, 0.000000000000000 ) );
#5486 = DIRECTION( '', ( -0.000000000000000, 0.000000000000000, -1.00000000000000 ) );
#5487 = ORIENTED_EDGE( '', *, *, #6169, .F. );
#5488 = ORIENTED_EDGE( '', *, *, #6810, .T. );
#5489 = ORIENTED_EDGE( '', *, *, #6515, .T. );
#5490 = ORIENTED_EDGE( '', *, *, #6796, .F. );
#5491 = CARTESIAN_POINT( '', ( 50.0000000000000, 0.000000000000000, 0.000000000000000 ) );
#5492 = DIRECTION( '', ( -1.00000000000000, -0.000000000000000, 0.000000000000000 ) );
#5493 = DIRECTION( '', ( -0.000000000000000, 0.000000000000000, -1.00000000000000 ) );
#5494 = ORIENTED_EDGE( '', *, *, #6177, .F. );
#5495 = ORIENTED_EDGE( '', *, *, #6802, .T. );
#5496 = ORIENTED_EDGE( '', *, *, #6507, .T. );
#5497 = ORIENTED_EDGE( '', *, *, #6788, .F. );
#5498 = CARTESIAN_POINT( '', ( 50.0000000000000, 0.000000000000000, 0.000000000000000 ) );
#5499 = DIRECTION( '', ( -1.00000000000000, -0.000000000000000, 0.000000000000000 ) );
#5500 = DIRECTION( '', ( -0.000000000000000, 0.000000000000000, -1.00000000000000 ) );
#5501 = ORIENTED_EDGE( '', *, *, #6185, .F. );
#5502 = ORIENTED_EDGE( '', *, *, #6794, .T. );
#5503 = ORIENTED_EDGE( '', *, *, #6499, .T. );
#5504 = ORIENTED_EDGE( '', *, *, #6780, .F. );
#5505 = CARTESIAN_POINT( '', ( 50.0000000000000, 0.000000000000000, 0.000000000000000 ) );
#5506 = DIRECTION( '', ( -1.00000000000000, -0.000000000000000, 0.000000000000000 ) );
#5507 = DIRECTION( '', ( -0.000000000000000, 0.000000000000000, -1.00000000000000 ) );
#5508 = ORIENTED_EDGE( '', *, *, #6193, .F. );
#5509 = ORIENTED_EDGE( '', *, *, #6786, .T. );
#5510 = ORIENTED_EDGE( '', *, *, #6491, .T. );
#5511 = ORIENTED_EDGE( '', *, *, #6772, .F. );
#5512 = CARTESIAN_POINT( '', ( 50.0000000000000, 0.000000000000000, 0.000000000000000 ) );
#5513 = DIRECTION( '', ( -1.00000000000000, -0.000000000000000, 0.000000000000000 ) );
#5514 = DIRECTION( '', ( -0.000000000000000, 0.000000000000000, -1.00000000000000 ) );
#5515 = ORIENTED_EDGE( '', *, *, #6201, .F. );
#5516 = ORIENTED_EDGE( '', *, *, #6778, .T. );
#5517 = ORIENTED_EDGE( '', *, *, #6483, .T. );
#5518 = ORIENTED_EDGE( '', *, *, #6764, .F. );
#5519 = CARTESIAN_POINT( '', ( 50.0000000000000, 0.000000000000000, 0.000000000000000 ) );
#5520 = DIRECTION( '', ( -1.00000000000000, -0.000000000000000, 0.000000000000000 ) );
#5521 = DIRECTION( '', ( -0.000000000000000, 0.000000000000000, -1.00000000000000 ) );
#5522 = ORIENTED_EDGE( '', *, *, #6217, .F. );
#5523 = ORIENTED_EDGE( '', *, *, #6762, .T. );
#5524 = ORIENTED_EDGE( '', *, *, #6467, .T. );
#5525 = ORIENTED_EDGE( '', *, *, #6748, .F. );
#5526 = CARTESIAN_POINT( '', ( 50.0000000000000, 0.000000000000000, 0.000000000000000 ) );
#5527 = DIRECTION( '', ( -1.00000000000000, -0.000000000000000, 0.000000000000000 ) );
#5528 = DIRECTION( '', ( -0.000000000000000, 0.000000000000000, -1.00000000000000 ) );
#5529 = ORIENTED_EDGE( '', *, *, #6225, .F. );
#5530 = ORIENTED_EDGE( '', *, *, #6754, .T. );
#5531 = ORIENTED_EDGE( '', *, *, #6459, .T. );
#5532 = ORIENTED_EDGE( '', *, *, #6740, .F. );
#5533 = CARTESIAN_POINT( '', ( 50.0000000000000, 0.000000000000000, 0.000000000000000 ) );
#5534 = DIRECTION( '', ( -1.00000000000000, -0.000000000000000, 0.000000000000000 ) );
#5535 = DIRECTION( '', ( -0.000000000000000, 0.000000000000000, -1.00000000000000 ) );
#5536 = ORIENTED_EDGE( '', *, *, #6209, .F. );
#5537 = ORIENTED_EDGE( '', *, *, #6770, .T. );
#5538 = ORIENTED_EDGE( '', *, *, #6475, .T. );
#5539 = ORIENTED_EDGE( '', *, *, #6756, .F. );
#5540 = CARTESIAN_POINT( '', ( 50.0000000000000, 0.000000000000000, 0.000000000000000 ) );
#5541 = DIRECTION( '', ( -1.00000000000000, -0.000000000000000, 0.000000000000000 ) );
#5542 = DIRECTION( '', ( -0.000000000000000, 0.000000000000000, -1.00000000000000 ) );
#5543 = ORIENTED_EDGE( '', *, *, #6233, .F. );
#5544 = ORIENTED_EDGE( '', *, *, #6746, .T. );
#5545 = ORIENTED_EDGE( '', *, *, #6451, .T. );
#5546 = ORIENTED_EDGE( '', *, *, #6732, .F. );
#5547 = CARTESIAN_POINT( '', ( 50.0000000000000, 0.000000000000000, 0.000000000000000 ) );
#5548 = DIRECTION( '', ( -1.00000000000000, -0.000000000000000, 0.000000000000000 ) );
#5549 = DIRECTION( '', ( -0.000000000000000, 0.000000000000000, -1.00000000000000 ) );
#5550 = ORIENTED_EDGE( '', *, *, #6241, .F. );
#5551 = ORIENTED_EDGE( '', *, *, #6738, .T. );
#5552 = ORIENTED_EDGE( '', *, *, #6443, .T. );
#5553 = ORIENTED_EDGE( '', *, *, #6724, .F. );
#5554 = CARTESIAN_POINT( '', ( 50.0000000000000, 0.000000000000000, 0.000000000000000 ) );
#5555 = DIRECTION( '', ( -1.00000000000000, -0.000000000000000, 0.000000000000000 ) );
#5556 = DIRECTION( '', ( -0.000000000000000, 0.000000000000000, -1.00000000000000 ) );
#5557 = ORIENTED_EDGE( '', *, *, #6249, .F. );
#5558 = ORIENTED_EDGE( '', *, *, #6730, .T. );
#5559 = ORIENTED_EDGE( '', *, *, #6435, .T. );
#5560 = ORIENTED_EDGE( '', *, *, #6716, .F. );
#5561 = CARTESIAN_POINT( '', ( 50.0000000000000, 0.000000000000000, 0.000000000000000 ) );
#5562 = DIRECTION( '', ( -1.00000000000000, -0.000000000000000, 0.000000000000000 ) );
#5563 = DIRECTION( '', ( -0.000000000000000, 0.000000000000000, -1.00000000000000 ) );
#5564 = ORIENTED_EDGE( '', *, *, #6257, .F. );
#5565 = ORIENTED_EDGE( '', *, *, #6722, .T. );
#5566 = ORIENTED_EDGE( '', *, *, #6427, .T. );
#5567 = ORIENTED_EDGE( '', *, *, #6708, .F. );
#5568 = CARTESIAN_POINT( '', ( 50.0000000000000, 0.000000000000000, 0.000000000000000 ) );
#5569 = DIRECTION( '', ( -1.00000000000000, -0.000000000000000, 0.000000000000000 ) );
#5570 = DIRECTION( '', ( -0.000000000000000, 0.000000000000000, -1.00000000000000 ) );
#5571 = ORIENTED_EDGE( '', *, *, #6265, .F. );
#5572 = ORIENTED_EDGE( '', *, *, #6714, .T. );
#5573 = ORIENTED_EDGE( '', *, *, #6419, .T. );
#5574 = ORIENTED_EDGE( '', *, *, #6700, .F. );
#5575 = CARTESIAN_POINT( '', ( 50.0000000000000, 0.000000000000000, 0.000000000000000 ) );
#5576 = DIRECTION( '', ( -1.00000000000000, -0.000000000000000, 0.000000000000000 ) );
#5577 = DIRECTION( '', ( -0.000000000000000, 0.000000000000000, -1.00000000000000 ) );
#5578 = ORIENTED_EDGE( '', *, *, #6273, .F. );
#5579 = ORIENTED_EDGE( '', *, *, #6706, .T. );
#5580 = ORIENTED_EDGE( '', *, *, #6411, .T. );
#5581 = ORIENTED_EDGE( '', *, *, #6692, .F. );
#5582 = CARTESIAN_POINT( '', ( 50.0000000000000, 0.000000000000000, 0.000000000000000 ) );
#5583 = DIRECTION( '', ( -1.00000000000000, -0.000000000000000, 0.000000000000000 ) );
#5584 = DIRECTION( '', ( -0.000000000000000, 0.000000000000000, -1.00000000000000 ) );
#5585 = ORIENTED_EDGE( '', *, *, #6281, .F. );
#5586 = ORIENTED_EDGE( '', *, *, #6698, .T. );
#5587 = ORIENTED_EDGE( '', *, *, #6403, .T. );
#5588 = ORIENTED_EDGE( '', *, *, #6684, .F. );
#5589 = CARTESIAN_POINT( '', ( 50.0000000000000, 0.000000000000000, 0.000000000000000 ) );
#5590 = DIRECTION( '', ( -1.00000000000000, -0.000000000000000, 0.000000000000000 ) );
#5591 = DIRECTION( '', ( -0.000000000000000, 0.000000000000000, -1.00000000000000 ) );
#5592 = ORIENTED_EDGE( '', *, *, #6289, .F. );
#5593 = ORIENTED_EDGE( '', *, *, #6690, .T. );
#5594 = ORIENTED_EDGE( '', *, *, #6395, .T. );
#5595 = ORIENTED_EDGE( '', *, *, #6676, .F. );
#5596 = CARTESIAN_POINT( '', ( 50.0000000000000, 0.000000000000000, 0.000000000000000 ) );
#5597 = DIRECTION( '', ( -1.00000000000000, -0.000000000000000, 0.000000000000000 ) );
#5598 = DIRECTION( '', ( -0.000000000000000, 0.000000000000000, -1.00000000000000 ) );
#5599 = ORIENTED_EDGE( '', *, *, #6297, .F. );
#5600 = ORIENTED_EDGE( '', *, *, #6682, .T. );
#5601 = ORIENTED_EDGE( '', *, *, #6387, .T. );
#5602 = ORIENTED_EDGE( '', *, *, #6668, .F. );
#5603 = CARTESIAN_POINT( '', ( 50.0000000000000, 0.000000000000000, 0.000000000000000 ) );
#5604 = DIRECTION( '', ( -1.00000000000000, -0.000000000000000, 0.000000000000000 ) );
#5605 = DIRECTION( '', ( -0.000000000000000, 0.000000000000000, -1.00000000000000 ) );
#5606 = ORIENTED_EDGE( '', *, *, #5903, .T. );
#5607 = ORIENTED_EDGE( '', *, *, #7022, .F. );
#5608 = ORIENTED_EDGE( '', *, *, #5944, .T. );
#5609 = ORIENTED_EDGE( '', *, *, #7023, .T. );
#5610 = CARTESIAN_POINT( '', ( 47.7000000000000, -46.4993088552268, -45.4182152443953 ) );
#5611 = DIRECTION( '', ( 1.00000000000000, -0.000000000000000, -0.000000000000000 ) );
#5612 = DIRECTION( '', ( 0.000000000000000, 0.000000000000000, 1.00000000000000 ) );
#5613 = ORIENTED_EDGE( '', *, *, #5902, .T. );
#5614 = ORIENTED_EDGE( '', *, *, #7024, .F. );
#5615 = ORIENTED_EDGE( '', *, *, #5945, .T. );
#5616 = ORIENTED_EDGE( '', *, *, #7022, .T. );
#5617 = CARTESIAN_POINT( '', ( 47.7000000000000, -35.7733821557329, -31.4450334574459 ) );
#5618 = DIRECTION( '', ( 0.000000000000000, 0.587785252292473, -0.809016994374948 ) );
#5619 = DIRECTION( '', ( 0.000000000000000, 0.809016994374947, 0.587785252292473 ) );
#5620 = ORIENTED_EDGE( '', *, *, #5904, .T. );
#5621 = ORIENTED_EDGE( '', *, *, #7023, .F. );
#5622 = ORIENTED_EDGE( '', *, *, #5943, .T. );
#5623 = ORIENTED_EDGE( '', *, *, #7025, .T. );
#5624 = CARTESIAN_POINT( '', ( 47.7000000000000, 2.77555756156289E-14, 1.11022302462516E-13 ) );
#5625 = DIRECTION( '', ( 1.00000000000000, -0.000000000000000, -0.000000000000000 ) );
#5626 = DIRECTION( '', ( 0.000000000000000, 0.000000000000000, 1.00000000000000 ) );
#5627 = ORIENTED_EDGE( '', *, *, #5905, .T. );
#5628 = ORIENTED_EDGE( '', *, *, #7025, .F. );
#5629 = ORIENTED_EDGE( '', *, *, #5942, .T. );
#5630 = ORIENTED_EDGE( '', *, *, #7026, .T. );
#5631 = CARTESIAN_POINT( '', ( 47.7000000000000, 10.9225739844672, -64.0757159737903 ) );
#5632 = DIRECTION( '', ( 1.00000000000000, -0.000000000000000, -0.000000000000000 ) );
#5633 = DIRECTION( '', ( 0.000000000000000, 0.000000000000000, 1.00000000000000 ) );
#5634 = ORIENTED_EDGE( '', *, *, #5906, .T. );
#5635 = ORIENTED_EDGE( '', *, *, #7026, .F. );
#5636 = ORIENTED_EDGE( '', *, *, #5941, .T. );
#5637 = ORIENTED_EDGE( '', *, *, #7027, .T. );
#5638 = CARTESIAN_POINT( '', ( 47.7000000000000, 15.6778565659430, -62.5306310019155 ) );
#5639 = DIRECTION( '', ( 0.000000000000000, -0.951056516295154, -0.309016994374947 ) );
#5640 = DIRECTION( '', ( 0.000000000000000, 0.309016994374947, -0.951056516295154 ) );
#5641 = ORIENTED_EDGE( '', *, *, #5899, .T. );
#5642 = ORIENTED_EDGE( '', *, *, #7027, .F. );
#5643 = ORIENTED_EDGE( '', *, *, #5940, .T. );
#5644 = ORIENTED_EDGE( '', *, *, #7028, .T. );
#5645 = CARTESIAN_POINT( '', ( 47.7000000000000, 7.60517763724186, -47.3936838946499 ) );
#5646 = DIRECTION( '', ( 1.00000000000000, -0.000000000000000, -0.000000000000000 ) );
#5647 = DIRECTION( '', ( 0.000000000000000, 0.000000000000000, 1.00000000000000 ) );
#5648 = ORIENTED_EDGE( '', *, *, #7028, .F. );
#5649 = ORIENTED_EDGE( '', *, *, #5939, .F. );
#5650 = ORIENTED_EDGE( '', *, *, #7029, .T. );
#5651 = ORIENTED_EDGE( '', *, *, #5900, .F. );
#5652 = CARTESIAN_POINT( '', ( 47.7000000000000, -3.77302356024956E-14, -1.11022302462516E-13 ) );
#5653 = DIRECTION( '', ( 1.00000000000000, -0.000000000000000, -0.000000000000000 ) );
#5654 = DIRECTION( '', ( 0.000000000000000, 0.000000000000000, 1.00000000000000 ) );
#5655 = ORIENTED_EDGE( '', *, *, #5881, .T. );
#5656 = ORIENTED_EDGE( '', *, *, #7030, .F. );
#5657 = ORIENTED_EDGE( '', *, *, #5914, .T. );
#5658 = ORIENTED_EDGE( '', *, *, #7031, .T. );
#5659 = CARTESIAN_POINT( '', ( 47.7000000000000, -42.7239427640914, 21.8784074989621 ) );
#5660 = DIRECTION( '', ( 1.00000000000000, -0.000000000000000, -0.000000000000000 ) );
#5661 = DIRECTION( '', ( 0.000000000000000, 0.000000000000000, 1.00000000000000 ) );
#5662 = ORIENTED_EDGE( '', *, *, #7032, .F. );
#5663 = ORIENTED_EDGE( '', *, *, #5915, .F. );
#5664 = ORIENTED_EDGE( '', *, *, #7030, .T. );
#5665 = ORIENTED_EDGE( '', *, *, #5880, .F. );
#5666 = CARTESIAN_POINT( '', ( 47.7000000000000, 1.38777878078145E-14, -1.73472347597681E-15 ) );
#5667 = DIRECTION( '', ( 1.00000000000000, -0.000000000000000, -0.000000000000000 ) );
#5668 = DIRECTION( '', ( 0.000000000000000, 0.000000000000000, 1.00000000000000 ) );
#5669 = ORIENTED_EDGE( '', *, *, #5879, .T. );
#5670 = ORIENTED_EDGE( '', *, *, #7033, .F. );
#5671 = ORIENTED_EDGE( '', *, *, #5916, .T. );
#5672 = ORIENTED_EDGE( '', *, *, #7032, .T. );
#5673 = CARTESIAN_POINT( '', ( 47.7000000000000, -42.7239427640914, -21.8784074989621 ) );
#5674 = DIRECTION( '', ( 1.00000000000000, -0.000000000000000, -0.000000000000000 ) );
#5675 = DIRECTION( '', ( 0.000000000000000, 0.000000000000000, 1.00000000000000 ) );
#5676 = ORIENTED_EDGE( '', *, *, #5878, .T. );
#5677 = ORIENTED_EDGE( '', *, *, #7034, .F. );
#5678 = ORIENTED_EDGE( '', *, *, #5917, .T. );
#5679 = ORIENTED_EDGE( '', *, *, #7033, .T. );
#5680 = CARTESIAN_POINT( '', ( 47.7000000000000, -54.6254399681703, -34.2335552971617 ) );
#5681 = DIRECTION( '', ( 0.000000000000000, -0.587785252292473, 0.809016994374947 ) );
#5682 = DIRECTION( '', ( 0.000000000000000, -0.809016994374947, -0.587785252292473 ) );
#5683 = ORIENTED_EDGE( '', *, *, #5877, .T. );
#5684 = ORIENTED_EDGE( '', *, *, #7035, .F. );
#5685 = ORIENTED_EDGE( '', *, *, #5918, .T. );
#5686 = ORIENTED_EDGE( '', *, *, #7034, .T. );
#5687 = CARTESIAN_POINT( '', ( 47.7000000000000, -57.5643662296326, -30.1884703252869 ) );
#5688 = DIRECTION( '', ( 1.00000000000000, -0.000000000000000, -0.000000000000000 ) );
#5689 = DIRECTION( '', ( 0.000000000000000, 0.000000000000000, 1.00000000000000 ) );
#5690 = ORIENTED_EDGE( '', *, *, #5876, .T. );
#5691 = ORIENTED_EDGE( '', *, *, #7036, .F. );
#5692 = ORIENTED_EDGE( '', *, *, #5919, .T. );
#5693 = ORIENTED_EDGE( '', *, *, #7035, .T. );
#5694 = CARTESIAN_POINT( '', ( 47.7000000000000, -1.38777878078145E-14, 3.46944695195361E-15 ) );
#5695 = DIRECTION( '', ( 1.00000000000000, -0.000000000000000, -0.000000000000000 ) );
#5696 = DIRECTION( '', ( 0.000000000000000, 0.000000000000000, 1.00000000000000 ) );
#5697 = ORIENTED_EDGE( '', *, *, #5875, .T. );
#5698 = ORIENTED_EDGE( '', *, *, #7037, .F. );
#5699 = ORIENTED_EDGE( '', *, *, #5920, .T. );
#5700 = ORIENTED_EDGE( '', *, *, #7036, .T. );
#5701 = CARTESIAN_POINT( '', ( 47.7000000000000, -57.5643662296326, 30.1884703252870 ) );
#5702 = DIRECTION( '', ( 1.00000000000000, -0.000000000000000, -0.000000000000000 ) );
#5703 = DIRECTION( '', ( 0.000000000000000, 0.000000000000000, 1.00000000000000 ) );
#5704 = ORIENTED_EDGE( '', *, *, #5874, .T. );
#5705 = ORIENTED_EDGE( '', *, *, #7031, .F. );
#5706 = ORIENTED_EDGE( '', *, *, #5913, .T. );
#5707 = ORIENTED_EDGE( '', *, *, #7037, .T. );
#5708 = CARTESIAN_POINT( '', ( 47.7000000000000, -40.9605870072140, 24.3054584820870 ) );
#5709 = DIRECTION( '', ( 0.000000000000000, -0.587785252292473, -0.809016994374947 ) );
#5710 = DIRECTION( '', ( 0.000000000000000, 0.809016994374947, -0.587785252292473 ) );
#5711 = ORIENTED_EDGE( '', *, *, #5898, .T. );
#5712 = ORIENTED_EDGE( '', *, *, #7038, .F. );
#5713 = ORIENTED_EDGE( '', *, *, #5931, .T. );
#5714 = ORIENTED_EDGE( '', *, *, #7039, .T. );
#5715 = CARTESIAN_POINT( '', ( 47.7000000000000, 10.4583471861273, 46.4666329115251 ) );
#5716 = DIRECTION( '', ( 0.000000000000000, -0.951056516295154, 0.309016994374948 ) );
#5717 = DIRECTION( '', ( 0.000000000000000, -0.309016994374948, -0.951056516295154 ) );
#5718 = ORIENTED_EDGE( '', *, *, #5897, .T. );
#5719 = ORIENTED_EDGE( '', *, *, #7040, .F. );
#5720 = ORIENTED_EDGE( '', *, *, #5932, .T. );
#5721 = ORIENTED_EDGE( '', *, *, #7038, .T. );
#5722 = CARTESIAN_POINT( '', ( 47.7000000000000, 7.60517763724188, 47.3936838946499 ) );
#5723 = DIRECTION( '', ( 1.00000000000000, -0.000000000000000, -0.000000000000000 ) );
#5724 = DIRECTION( '', ( 0.000000000000000, 0.000000000000000, 1.00000000000000 ) );
#5725 = ORIENTED_EDGE( '', *, *, #7041, .F. );
#5726 = ORIENTED_EDGE( '', *, *, #5933, .F. );
#5727 = ORIENTED_EDGE( '', *, *, #7040, .T. );
#5728 = ORIENTED_EDGE( '', *, *, #5896, .F. );
#5729 = CARTESIAN_POINT( '', ( 47.7000000000000, -1.38777878078145E-14, 6.24500451351651E-14 ) );
#5730 = DIRECTION( '', ( 1.00000000000000, -0.000000000000000, -0.000000000000000 ) );
#5731 = DIRECTION( '', ( 0.000000000000000, 0.000000000000000, 1.00000000000000 ) );
#5732 = ORIENTED_EDGE( '', *, *, #5895, .T. );
#5733 = ORIENTED_EDGE( '', *, *, #7042, .F. );
#5734 = ORIENTED_EDGE( '', *, *, #5934, .T. );
#5735 = ORIENTED_EDGE( '', *, *, #7041, .T. );
#5736 = CARTESIAN_POINT( '', ( 47.7000000000000, -35.8402024165712, 31.9292951807460 ) );
#5737 = DIRECTION( '', ( 1.00000000000000, -0.000000000000000, -0.000000000000000 ) );
#5738 = DIRECTION( '', ( 0.000000000000000, 0.000000000000000, 1.00000000000000 ) );
#5739 = ORIENTED_EDGE( '', *, *, #5894, .T. );
#5740 = ORIENTED_EDGE( '', *, *, #7043, .F. );
#5741 = ORIENTED_EDGE( '', *, *, #5935, .T. );
#5742 = ORIENTED_EDGE( '', *, *, #7042, .T. );
#5743 = CARTESIAN_POINT( '', ( 47.7000000000000, -51.2630817037544, 39.4264689546782 ) );
#5744 = DIRECTION( '', ( -0.000000000000000, 0.587785252292473, 0.809016994374948 ) );
#5745 = DIRECTION( '', ( 0.000000000000000, -0.809016994374948, 0.587785252292473 ) );
#5746 = ORIENTED_EDGE( '', *, *, #5893, .T. );
#5747 = ORIENTED_EDGE( '', *, *, #7044, .F. );
#5748 = ORIENTED_EDGE( '', *, *, #5936, .T. );
#5749 = ORIENTED_EDGE( '', *, *, #7043, .T. );
#5750 = CARTESIAN_POINT( '', ( 47.7000000000000, -48.3241554422920, 43.4715539265529 ) );
#5751 = DIRECTION( '', ( 1.00000000000000, -0.000000000000000, -0.000000000000000 ) );
#5752 = DIRECTION( '', ( 0.000000000000000, 0.000000000000000, 1.00000000000000 ) );
#5753 = ORIENTED_EDGE( '', *, *, #5892, .T. );
#5754 = ORIENTED_EDGE( '', *, *, #7045, .F. );
#5755 = ORIENTED_EDGE( '', *, *, #5937, .T. );
#5756 = ORIENTED_EDGE( '', *, *, #7044, .T. );
#5757 = CARTESIAN_POINT( '', ( 47.7000000000000, 5.20417042793042E-15, -5.55111512312578E-14 ) );
#5758 = DIRECTION( '', ( 1.00000000000000, -0.000000000000000, -0.000000000000000 ) );
#5759 = DIRECTION( '', ( 0.000000000000000, 0.000000000000000, 1.00000000000000 ) );
#5760 = ORIENTED_EDGE( '', *, *, #5891, .T. );
#5761 = ORIENTED_EDGE( '', *, *, #7039, .F. );
#5762 = ORIENTED_EDGE( '', *, *, #5930, .T. );
#5763 = ORIENTED_EDGE( '', *, *, #7045, .T. );
#5764 = CARTESIAN_POINT( '', ( 47.7000000000000, 10.9225739844672, 64.0757159737903 ) );
#5765 = DIRECTION( '', ( 1.00000000000000, -0.000000000000000, -0.000000000000000 ) );
#5766 = DIRECTION( '', ( 0.000000000000000, 0.000000000000000, 1.00000000000000 ) );
#5767 = ORIENTED_EDGE( '', *, *, #5890, .T. );
#5768 = ORIENTED_EDGE( '', *, *, #7046, .F. );
#5769 = ORIENTED_EDGE( '', *, *, #5923, .T. );
#5770 = ORIENTED_EDGE( '', *, *, #5950, .T. );
#5771 = CARTESIAN_POINT( '', ( 47.7000000000000, 64.3148881966687, 9.41250000000000 ) );
#5772 = DIRECTION( '', ( 1.00000000000000, -0.000000000000000, -0.000000000000000 ) );
#5773 = DIRECTION( '', ( 0.000000000000000, 0.000000000000000, 1.00000000000000 ) );
#5774 = ORIENTED_EDGE( '', *, *, #5889, .T. );
#5775 = ORIENTED_EDGE( '', *, *, #7047, .F. );
#5776 = ORIENTED_EDGE( '', *, *, #5924, .T. );
#5777 = ORIENTED_EDGE( '', *, *, #7046, .T. );
#5778 = CARTESIAN_POINT( '', ( 47.7000000000000, 47.4242010343875, 4.41250000000000 ) );
#5779 = DIRECTION( '', ( 0.000000000000000, 0.000000000000000, 1.00000000000000 ) );
#5780 = DIRECTION( '', ( 1.00000000000000, 0.000000000000000, -0.000000000000000 ) );
#5781 = ORIENTED_EDGE( '', *, *, #5888, .T. );
#5782 = ORIENTED_EDGE( '', *, *, #7048, .F. );
#5783 = ORIENTED_EDGE( '', *, *, #5925, .T. );
#5784 = ORIENTED_EDGE( '', *, *, #7047, .T. );
#5785 = CARTESIAN_POINT( '', ( 47.7000000000000, 47.4242010343875, 7.41249999999999 ) );
#5786 = DIRECTION( '', ( 1.00000000000000, -0.000000000000000, -0.000000000000000 ) );
#5787 = DIRECTION( '', ( 0.000000000000000, 0.000000000000000, 1.00000000000000 ) );
#5788 = ORIENTED_EDGE( '', *, *, #7049, .F. );
#5789 = ORIENTED_EDGE( '', *, *, #5926, .F. );
#5790 = ORIENTED_EDGE( '', *, *, #7048, .T. );
#5791 = ORIENTED_EDGE( '', *, *, #5887, .F. );
#5792 = CARTESIAN_POINT( '', ( 47.7000000000000, -5.55111512312578E-14, -5.55111512312578E-14 ) );
#5793 = DIRECTION( '', ( 1.00000000000000, -0.000000000000000, -0.000000000000000 ) );
#5794 = DIRECTION( '', ( 0.000000000000000, 0.000000000000000, 1.00000000000000 ) );
#5795 = ORIENTED_EDGE( '', *, *, #5886, .T. );
#5796 = ORIENTED_EDGE( '', *, *, #7050, .F. );
#5797 = ORIENTED_EDGE( '', *, *, #5927, .T. );
#5798 = ORIENTED_EDGE( '', *, *, #7049, .T. );
#5799 = CARTESIAN_POINT( '', ( 47.7000000000000, 21.7045904913175, 42.8125069530413 ) );
#5800 = DIRECTION( '', ( 1.00000000000000, -0.000000000000000, -0.000000000000000 ) );
#5801 = DIRECTION( '', ( 0.000000000000000, 0.000000000000000, 1.00000000000000 ) );
#5802 = ORIENTED_EDGE( '', *, *, #5885, .T. );
#5803 = ORIENTED_EDGE( '', *, *, #7051, .F. );
#5804 = ORIENTED_EDGE( '', *, *, #5928, .T. );
#5805 = ORIENTED_EDGE( '', *, *, #7050, .T. );
#5806 = CARTESIAN_POINT( '', ( 47.7000000000000, 24.0709303222477, 59.8035560265566 ) );
#5807 = DIRECTION( '', ( 0.000000000000000, 0.951056516295154, -0.309016994374948 ) );
#5808 = DIRECTION( '', ( 0.000000000000000, 0.309016994374948, 0.951056516295154 ) );
#5809 = ORIENTED_EDGE( '', *, *, #5884, .T. );
#5810 = ORIENTED_EDGE( '', *, *, #5951, .F. );
#5811 = ORIENTED_EDGE( '', *, *, #5929, .T. );
#5812 = ORIENTED_EDGE( '', *, *, #7051, .T. );
#5813 = CARTESIAN_POINT( '', ( 47.7000000000000, 28.8262129037235, 58.2584710546819 ) );
#5814 = DIRECTION( '', ( 1.00000000000000, -0.000000000000000, -0.000000000000000 ) );
#5815 = DIRECTION( '', ( 0.000000000000000, 0.000000000000000, 1.00000000000000 ) );
#5816 = ORIENTED_EDGE( '', *, *, #5901, .T. );
#5817 = ORIENTED_EDGE( '', *, *, #7029, .F. );
#5818 = ORIENTED_EDGE( '', *, *, #5938, .T. );
#5819 = ORIENTED_EDGE( '', *, *, #7024, .T. );
#5820 = CARTESIAN_POINT( '', ( 47.7000000000000, -34.0100263988555, -33.8720844405707 ) );
#5821 = DIRECTION( '', ( 1.00000000000000, -0.000000000000000, -0.000000000000000 ) );
#5822 = DIRECTION( '', ( 0.000000000000000, 0.000000000000000, 1.00000000000000 ) );
#5823 = ORIENTED_EDGE( '', *, *, #5864, .F. );
#5824 = ORIENTED_EDGE( '', *, *, #5912, .F. );
#5825 = ORIENTED_EDGE( '', *, *, #7052, .T. );
#5826 = ORIENTED_EDGE( '', *, *, #5869, .F. );
#5827 = CARTESIAN_POINT( '', ( 47.7000000000000, 2.08166817117217E-14, -2.77555756156289E-14 ) );
#5828 = DIRECTION( '', ( 1.00000000000000, -0.000000000000000, -0.000000000000000 ) );
#5829 = DIRECTION( '', ( 0.000000000000000, 0.000000000000000, 1.00000000000000 ) );
#5830 = ORIENTED_EDGE( '', *, *, #5870, .T. );
#5831 = ORIENTED_EDGE( '', *, *, #7052, .F. );
#5832 = ORIENTED_EDGE( '', *, *, #5911, .T. );
#5833 = ORIENTED_EDGE( '', *, *, #7053, .T. );
#5834 = CARTESIAN_POINT( '', ( 47.7000000000000, 21.7045904913175, -42.8125069530413 ) );
#5835 = DIRECTION( '', ( 1.00000000000000, -0.000000000000000, -0.000000000000000 ) );
#5836 = DIRECTION( '', ( 0.000000000000000, 0.000000000000000, 1.00000000000000 ) );
#5837 = ORIENTED_EDGE( '', *, *, #5871, .T. );
#5838 = ORIENTED_EDGE( '', *, *, #7053, .F. );
#5839 = ORIENTED_EDGE( '', *, *, #5910, .T. );
#5840 = ORIENTED_EDGE( '', *, *, #7054, .T. );
#5841 = CARTESIAN_POINT( '', ( 47.7000000000000, 18.8514209424320, -43.7395579361661 ) );
#5842 = DIRECTION( '', ( -0.000000000000000, 0.951056516295154, 0.309016994374947 ) );
#5843 = DIRECTION( '', ( 0.000000000000000, -0.309016994374947, 0.951056516295154 ) );
#5844 = ORIENTED_EDGE( '', *, *, #5872, .T. );
#5845 = ORIENTED_EDGE( '', *, *, #7054, .F. );
#5846 = ORIENTED_EDGE( '', *, *, #5909, .T. );
#5847 = ORIENTED_EDGE( '', *, *, #7055, .T. );
#5848 = CARTESIAN_POINT( '', ( 47.7000000000000, 28.8262129037235, -58.2584710546819 ) );
#5849 = DIRECTION( '', ( 1.00000000000000, -0.000000000000000, -0.000000000000000 ) );
#5850 = DIRECTION( '', ( 0.000000000000000, 0.000000000000000, 1.00000000000000 ) );
#5851 = ORIENTED_EDGE( '', *, *, #5873, .T. );
#5852 = ORIENTED_EDGE( '', *, *, #7055, .F. );
#5853 = ORIENTED_EDGE( '', *, *, #5908, .T. );
#5854 = ORIENTED_EDGE( '', *, *, #5866, .T. );
#5855 = CARTESIAN_POINT( '', ( 47.7000000000000, 4.16333634234434E-14, -5.55111512312578E-14 ) );
#5856 = DIRECTION( '', ( 1.00000000000000, -0.000000000000000, -0.000000000000000 ) );
#5857 = DIRECTION( '', ( 0.000000000000000, 0.000000000000000, 1.00000000000000 ) );
#5858 = EDGE_CURVE( '', #7056, #7057, #7058, .T. );
#5859 = EDGE_CURVE( '', #7059, #7057, #7060, .T. );
#5860 = EDGE_CURVE( '', #7059, #7061, #7062, .T. );
#5861 = EDGE_CURVE( '', #7061, #7056, #7063, .T. );
#5862 = EDGE_CURVE( '', #7064, #7056, #7065, .F. );
#5863 = EDGE_CURVE( '', #7061, #7066, #7067, .F. );
#5864 = EDGE_CURVE( '', #7066, #7064, #7068, .T. );
#5865 = EDGE_CURVE( '', #7057, #7069, #7070, .F. );
#5866 = EDGE_CURVE( '', #7071, #7069, #7072, .T. );
#5867 = EDGE_CURVE( '', #7071, #7059, #7073, .F. );
#5868 = EDGE_CURVE( '', #7074, #7074, #7075, .T. );
#5869 = EDGE_CURVE( '', #7064, #7076, #7077, .F. );
#5870 = EDGE_CURVE( '', #7078, #7076, #7079, .F. );
#5871 = EDGE_CURVE( '', #7080, #7078, #7081, .T. );
#5872 = EDGE_CURVE( '', #7082, #7080, #7083, .F. );
#5873 = EDGE_CURVE( '', #7069, #7082, #7084, .F. );
#5874 = EDGE_CURVE( '', #7085, #7086, #7087, .T. );
#5875 = EDGE_CURVE( '', #7088, #7085, #7089, .F. );
#5876 = EDGE_CURVE( '', #7090, #7088, #7091, .F. );
#5877 = EDGE_CURVE( '', #7092, #7090, #7093, .F. );
#5878 = EDGE_CURVE( '', #7094, #7092, #7095, .T. );
#5879 = EDGE_CURVE( '', #7096, #7094, #7097, .F. );
#5880 = EDGE_CURVE( '', #7096, #7098, #7099, .F. );
#5881 = EDGE_CURVE( '', #7086, #7098, #7100, .F. );
#5882 = EDGE_CURVE( '', #7101, #7101, #7102, .T. );
#5883 = EDGE_CURVE( '', #7103, #7104, #7105, .F. );
#5884 = EDGE_CURVE( '', #7106, #7103, #7107, .F. );
#5885 = EDGE_CURVE( '', #7108, #7106, #7109, .T. );
#5886 = EDGE_CURVE( '', #7110, #7108, #7111, .F. );
#5887 = EDGE_CURVE( '', #7110, #7112, #7113, .F. );
#5888 = EDGE_CURVE( '', #7114, #7112, #7115, .F. );
#5889 = EDGE_CURVE( '', #7116, #7114, #7117, .T. );
#5890 = EDGE_CURVE( '', #7104, #7116, #7118, .F. );
#5891 = EDGE_CURVE( '', #7119, #7120, #7121, .F. );
#5892 = EDGE_CURVE( '', #7122, #7119, #7123, .F. );
#5893 = EDGE_CURVE( '', #7124, #7122, #7125, .F. );
#5894 = EDGE_CURVE( '', #7126, #7124, #7127, .T. );
#5895 = EDGE_CURVE( '', #7128, #7126, #7129, .F. );
#5896 = EDGE_CURVE( '', #7128, #7130, #7131, .F. );
#5897 = EDGE_CURVE( '', #7132, #7130, #7133, .F. );
#5898 = EDGE_CURVE( '', #7120, #7132, #7134, .T. );
#5899 = EDGE_CURVE( '', #7135, #7136, #7137, .F. );
#5900 = EDGE_CURVE( '', #7135, #7138, #7139, .F. );
#5901 = EDGE_CURVE( '', #7140, #7138, #7141, .F. );
#5902 = EDGE_CURVE( '', #7142, #7140, #7143, .T. );
#5903 = EDGE_CURVE( '', #7144, #7142, #7145, .F. );
#5904 = EDGE_CURVE( '', #7146, #7144, #7147, .F. );
#5905 = EDGE_CURVE( '', #7148, #7146, #7149, .F. );
#5906 = EDGE_CURVE( '', #7136, #7148, #7150, .T. );
#5907 = EDGE_CURVE( '', #7151, #7151, #7152, .T. );
#5908 = EDGE_CURVE( '', #7153, #7071, #7154, .F. );
#5909 = EDGE_CURVE( '', #7155, #7153, #7156, .F. );
#5910 = EDGE_CURVE( '', #7157, #7155, #7158, .T. );
#5911 = EDGE_CURVE( '', #7159, #7157, #7160, .F. );
#5912 = EDGE_CURVE( '', #7159, #7066, #7161, .F. );
#5913 = EDGE_CURVE( '', #7162, #7163, #7164, .T. );
#5914 = EDGE_CURVE( '', #7165, #7162, #7166, .F. );
#5915 = EDGE_CURVE( '', #7165, #7167, #7168, .F. );
#5916 = EDGE_CURVE( '', #7169, #7167, #7170, .F. );
#5917 = EDGE_CURVE( '', #7171, #7169, #7172, .T. );
#5918 = EDGE_CURVE( '', #7173, #7171, #7174, .F. );
#5919 = EDGE_CURVE( '', #7175, #7173, #7176, .F. );
#5920 = EDGE_CURVE( '', #7163, #7175, #7177, .F. );
#5921 = EDGE_CURVE( '', #7178, #7178, #7179, .T. );
#5922 = EDGE_CURVE( '', #7180, #7181, #7182, .F. );
#5923 = EDGE_CURVE( '', #7183, #7180, #7184, .F. );
#5924 = EDGE_CURVE( '', #7185, #7183, #7186, .T. );
#5925 = EDGE_CURVE( '', #7187, #7185, #7188, .F. );
#5926 = EDGE_CURVE( '', #7187, #7189, #7190, .F. );
#5927 = EDGE_CURVE( '', #7191, #7189, #7192, .F. );
#5928 = EDGE_CURVE( '', #7193, #7191, #7194, .T. );
#5929 = EDGE_CURVE( '', #7181, #7193, #7195, .F. );
#5930 = EDGE_CURVE( '', #7196, #7197, #7198, .F. );
#5931 = EDGE_CURVE( '', #7199, #7196, #7200, .T. );
#5932 = EDGE_CURVE( '', #7201, #7199, #7202, .F. );
#5933 = EDGE_CURVE( '', #7201, #7203, #7204, .F. );
#5934 = EDGE_CURVE( '', #7205, #7203, #7206, .F. );
#5935 = EDGE_CURVE( '', #7207, #7205, #7208, .T. );
#5936 = EDGE_CURVE( '', #7209, #7207, #7210, .F. );
#5937 = EDGE_CURVE( '', #7197, #7209, #7211, .F. );
#5938 = EDGE_CURVE( '', #7212, #7213, #7214, .F. );
#5939 = EDGE_CURVE( '', #7212, #7215, #7216, .F. );
#5940 = EDGE_CURVE( '', #7217, #7215, #7218, .F. );
#5941 = EDGE_CURVE( '', #7219, #7217, #7220, .T. );
#5942 = EDGE_CURVE( '', #7221, #7219, #7222, .F. );
#5943 = EDGE_CURVE( '', #7223, #7221, #7224, .F. );
#5944 = EDGE_CURVE( '', #7225, #7223, #7226, .F. );
#5945 = EDGE_CURVE( '', #7213, #7225, #7227, .T. );
#5946 = EDGE_CURVE( '', #7228, #7228, #7229, .T. );
#5947 = EDGE_CURVE( '', #7230, #7230, #7231, .T. );
#5948 = EDGE_CURVE( '', #7232, #7232, #7233, .T. );
#5949 = EDGE_CURVE( '', #7234, #7234, #7235, .T. );
#5950 = EDGE_CURVE( '', #7180, #7104, #7236, .T. );
#5951 = EDGE_CURVE( '', #7181, #7103, #7237, .T. );
#5952 = EDGE_CURVE( '', #7238, #7238, #7239, .T. );
#5953 = EDGE_CURVE( '', #7240, #7240, #7241, .T. );
#5954 = EDGE_CURVE( '', #7242, #7242, #7243, .T. );
#5955 = EDGE_CURVE( '', #7244, #7244, #7245, .T. );
#5956 = EDGE_CURVE( '', #7246, #7246, #7247, .T. );
#5957 = EDGE_CURVE( '', #7248, #7249, #7250, .T. );
#5958 = EDGE_CURVE( '', #7251, #7248, #7252, .F. );
#5959 = EDGE_CURVE( '', #7253, #7251, #7254, .T. );
#5960 = EDGE_CURVE( '', #7253, #7255, #7256, .F. );
#5961 = EDGE_CURVE( '', #7255, #7257, #7258, .T. );
#5962 = EDGE_CURVE( '', #7257, #7259, #7260, .F. );
#5963 = EDGE_CURVE( '', #7261, #7259, #7262, .T. );
#5964 = EDGE_CURVE( '', #7263, #7261, #7264, .F. );
#5965 = EDGE_CURVE( '', #7265, #7263, #7266, .T. );
#5966 = EDGE_CURVE( '', #7267, #7265, #7268, .F. );
#5967 = EDGE_CURVE( '', #7269, #7267, #7270, .T. );
#5968 = EDGE_CURVE( '', #7269, #7271, #7272, .F. );
#5969 = EDGE_CURVE( '', #7271, #7273, #7274, .T. );
#5970 = EDGE_CURVE( '', #7273, #7275, #7276, .F. );
#5971 = EDGE_CURVE( '', #7277, #7275, #7278, .T. );
#5972 = EDGE_CURVE( '', #7279, #7277, #7280, .F. );
#5973 = EDGE_CURVE( '', #7281, #7279, #7282, .T. );
#5974 = EDGE_CURVE( '', #7283, #7281, #7284, .F. );
#5975 = EDGE_CURVE( '', #7285, #7283, #7286, .T. );
#5976 = EDGE_CURVE( '', #7285, #7287, #7288, .F. );
#5977 = EDGE_CURVE( '', #7287, #7289, #7290, .T. );
#5978 = EDGE_CURVE( '', #7289, #7291, #7292, .F. );
#5979 = EDGE_CURVE( '', #7293, #7291, #7294, .T. );
#5980 = EDGE_CURVE( '', #7295, #7293, #7296, .F. );
#5981 = EDGE_CURVE( '', #7297, #7295, #7298, .T. );
#5982 = EDGE_CURVE( '', #7299, #7297, #7300, .F. );
#5983 = EDGE_CURVE( '', #7301, #7299, #7302, .T. );
#5984 = EDGE_CURVE( '', #7301, #7303, #7304, .F. );
#5985 = EDGE_CURVE( '', #7303, #7305, #7306, .T. );
#5986 = EDGE_CURVE( '', #7305, #7307, #7308, .F. );
#5987 = EDGE_CURVE( '', #7309, #7307, #7310, .T. );
#5988 = EDGE_CURVE( '', #7311, #7309, #7312, .F. );
#5989 = EDGE_CURVE( '', #7313, #7311, #7314, .T. );
#5990 = EDGE_CURVE( '', #7315, #7313, #7316, .F. );
#5991 = EDGE_CURVE( '', #7317, #7315, #7318, .T. );
#5992 = EDGE_CURVE( '', #7317, #7319, #7320, .F. );
#5993 = EDGE_CURVE( '', #7319, #7321, #7322, .T. );
#5994 = EDGE_CURVE( '', #7321, #7323, #7324, .F. );
#5995 = EDGE_CURVE( '', #7325, #7323, #7326, .T. );
#5996 = EDGE_CURVE( '', #7327, #7325, #7328, .F. );
#5997 = EDGE_CURVE( '', #7329, #7327, #7330, .T. );
#5998 = EDGE_CURVE( '', #7331, #7329, #7332, .F. );
#5999 = EDGE_CURVE( '', #7333, #7331, #7334, .T. );
#6000 = EDGE_CURVE( '', #7333, #7335, #7336, .F. );
#6001 = EDGE_CURVE( '', #7335, #7337, #7338, .T. );
#6002 = EDGE_CURVE( '', #7337, #7339, #7340, .F. );
#6003 = EDGE_CURVE( '', #7341, #7339, #7342, .T. );
#6004 = EDGE_CURVE( '', #7343, #7341, #7344, .F. );
#6005 = EDGE_CURVE( '', #7345, #7343, #7346, .T. );
#6006 = EDGE_CURVE( '', #7347, #7345, #7348, .F. );
#6007 = EDGE_CURVE( '', #7349, #7347, #7350, .T. );
#6008 = EDGE_CURVE( '', #7349, #7351, #7352, .F. );
#6009 = EDGE_CURVE( '', #7351, #7353, #7354, .T. );
#6010 = EDGE_CURVE( '', #7353, #7355, #7356, .F. );
#6011 = EDGE_CURVE( '', #7357, #7355, #7358, .T. );
#6012 = EDGE_CURVE( '', #7359, #7357, #7360, .F. );
#6013 = EDGE_CURVE( '', #7361, #7359, #7362, .T. );
#6014 = EDGE_CURVE( '', #7363, #7361, #7364, .F. );
#6015 = EDGE_CURVE( '', #7365, #7363, #7366, .T. );
#6016 = EDGE_CURVE( '', #7365, #7367, #7368, .F. );
#6017 = EDGE_CURVE( '', #7367, #7369, #7370, .T. );
#6018 = EDGE_CURVE( '', #7369, #7371, #7372, .F. );
#6019 = EDGE_CURVE( '', #7373, #7371, #7374, .T. );
#6020 = EDGE_CURVE( '', #7375, #7373, #7376, .F. );
#6021 = EDGE_CURVE( '', #7377, #7375, #7378, .T. );
#6022 = EDGE_CURVE( '', #7379, #7377, #7380, .F. );
#6023 = EDGE_CURVE( '', #7381, #7379, #7382, .T. );
#6024 = EDGE_CURVE( '', #7381, #7383, #7384, .F. );
#6025 = EDGE_CURVE( '', #7383, #7385, #7386, .T. );
#6026 = EDGE_CURVE( '', #7385, #7387, #7388, .F. );
#6027 = EDGE_CURVE( '', #7389, #7387, #7390, .T. );
#6028 = EDGE_CURVE( '', #7391, #7389, #7392, .F. );
#6029 = EDGE_CURVE( '', #7393, #7391, #7394, .T. );
#6030 = EDGE_CURVE( '', #7395, #7393, #7396, .F. );
#6031 = EDGE_CURVE( '', #7397, #7395, #7398, .T. );
#6032 = EDGE_CURVE( '', #7397, #7399, #7400, .F. );
#6033 = EDGE_CURVE( '', #7399, #7401, #7402, .T. );
#6034 = EDGE_CURVE( '', #7401, #7403, #7404, .F. );
#6035 = EDGE_CURVE( '', #7405, #7403, #7406, .T. );
#6036 = EDGE_CURVE( '', #7407, #7405, #7408, .F. );
#6037 = EDGE_CURVE( '', #7409, #7407, #7410, .T. );
#6038 = EDGE_CURVE( '', #7411, #7409, #7412, .F. );
#6039 = EDGE_CURVE( '', #7413, #7411, #7414, .T. );
#6040 = EDGE_CURVE( '', #7413, #7415, #7416, .F. );
#6041 = EDGE_CURVE( '', #7415, #7417, #7418, .T. );
#6042 = EDGE_CURVE( '', #7417, #7419, #7420, .F. );
#6043 = EDGE_CURVE( '', #7421, #7419, #7422, .T. );
#6044 = EDGE_CURVE( '', #7423, #7421, #7424, .F. );
#6045 = EDGE_CURVE( '', #7425, #7423, #7426, .T. );
#6046 = EDGE_CURVE( '', #7427, #7425, #7428, .F. );
#6047 = EDGE_CURVE( '', #7429, #7427, #7430, .T. );
#6048 = EDGE_CURVE( '', #7429, #7431, #7432, .F. );
#6049 = EDGE_CURVE( '', #7431, #7433, #7434, .T. );
#6050 = EDGE_CURVE( '', #7433, #7435, #7436, .F. );
#6051 = EDGE_CURVE( '', #7437, #7435, #7438, .T. );
#6052 = EDGE_CURVE( '', #7439, #7437, #7440, .F. );
#6053 = EDGE_CURVE( '', #7441, #7439, #7442, .T. );
#6054 = EDGE_CURVE( '', #7443, #7441, #7444, .F. );
#6055 = EDGE_CURVE( '', #7445, #7443, #7446, .T. );
#6056 = EDGE_CURVE( '', #7445, #7447, #7448, .F. );
#6057 = EDGE_CURVE( '', #7447, #7449, #7450, .T. );
#6058 = EDGE_CURVE( '', #7449, #7451, #7452, .F. );
#6059 = EDGE_CURVE( '', #7453, #7451, #7454, .T. );
#6060 = EDGE_CURVE( '', #7455, #7453, #7456, .F. );
#6061 = EDGE_CURVE( '', #7457, #7455, #7458, .T. );
#6062 = EDGE_CURVE( '', #7459, #7457, #7460, .F. );
#6063 = EDGE_CURVE( '', #7461, #7459, #7462, .T. );
#6064 = EDGE_CURVE( '', #7461, #7463, #7464, .F. );
#6065 = EDGE_CURVE( '', #7463, #7465, #7466, .T. );
#6066 = EDGE_CURVE( '', #7465, #7467, #7468, .F. );
#6067 = EDGE_CURVE( '', #7469, #7467, #7470, .T. );
#6068 = EDGE_CURVE( '', #7471, #7469, #7472, .F. );
#6069 = EDGE_CURVE( '', #7473, #7471, #7474, .T. );
#6070 = EDGE_CURVE( '', #7475, #7473, #7476, .F. );
#6071 = EDGE_CURVE( '', #7477, #7475, #7478, .T. );
#6072 = EDGE_CURVE( '', #7477, #7479, #7480, .F. );
#6073 = EDGE_CURVE( '', #7479, #7481, #7482, .T. );
#6074 = EDGE_CURVE( '', #7481, #7483, #7484, .F. );
#6075 = EDGE_CURVE( '', #7485, #7483, #7486, .T. );
#6076 = EDGE_CURVE( '', #7487, #7485, #7488, .F. );
#6077 = EDGE_CURVE( '', #7489, #7487, #7490, .T. );
#6078 = EDGE_CURVE( '', #7491, #7489, #7492, .F. );
#6079 = EDGE_CURVE( '', #7493, #7491, #7494, .T. );
#6080 = EDGE_CURVE( '', #7493, #7495, #7496, .F. );
#6081 = EDGE_CURVE( '', #7495, #7497, #7498, .T. );
#6082 = EDGE_CURVE( '', #7497, #7499, #7500, .F. );
#6083 = EDGE_CURVE( '', #7501, #7499, #7502, .T. );
#6084 = EDGE_CURVE( '', #7503, #7501, #7504, .F. );
#6085 = EDGE_CURVE( '', #7505, #7503, #7506, .T. );
#6086 = EDGE_CURVE( '', #7507, #7505, #7508, .F. );
#6087 = EDGE_CURVE( '', #7509, #7507, #7510, .T. );
#6088 = EDGE_CURVE( '', #7509, #7511, #7512, .F. );
#6089 = EDGE_CURVE( '', #7511, #7513, #7514, .T. );
#6090 = EDGE_CURVE( '', #7513, #7515, #7516, .F. );
#6091 = EDGE_CURVE( '', #7517, #7515, #7518, .T. );
#6092 = EDGE_CURVE( '', #7519, #7517, #7520, .F. );
#6093 = EDGE_CURVE( '', #7521, #7519, #7522, .T. );
#6094 = EDGE_CURVE( '', #7523, #7521, #7524, .F. );
#6095 = EDGE_CURVE( '', #7525, #7523, #7526, .T. );
#6096 = EDGE_CURVE( '', #7525, #7527, #7528, .F. );
#6097 = EDGE_CURVE( '', #7527, #7529, #7530, .T. );
#6098 = EDGE_CURVE( '', #7529, #7531, #7532, .F. );
#6099 = EDGE_CURVE( '', #7533, #7531, #7534, .T. );
#6100 = EDGE_CURVE( '', #7535, #7533, #7536, .F. );
#6101 = EDGE_CURVE( '', #7537, #7535, #7538, .T. );
#6102 = EDGE_CURVE( '', #7539, #7537, #7540, .F. );
#6103 = EDGE_CURVE( '', #7541, #7539, #7542, .T. );
#6104 = EDGE_CURVE( '', #7541, #7543, #7544, .F. );
#6105 = EDGE_CURVE( '', #7543, #7545, #7546, .T. );
#6106 = EDGE_CURVE( '', #7545, #7547, #7548, .F. );
#6107 = EDGE_CURVE( '', #7549, #7547, #7550, .T. );
#6108 = EDGE_CURVE( '', #7551, #7549, #7552, .F. );
#6109 = EDGE_CURVE( '', #7553, #7551, #7554, .T. );
#6110 = EDGE_CURVE( '', #7555, #7553, #7556, .F. );
#6111 = EDGE_CURVE( '', #7557, #7555, #7558, .T. );
#6112 = EDGE_CURVE( '', #7557, #7559, #7560, .F. );
#6113 = EDGE_CURVE( '', #7559, #7561, #7562, .T. );
#6114 = EDGE_CURVE( '', #7561, #7563, #7564, .F. );
#6115 = EDGE_CURVE( '', #7565, #7563, #7566, .T. );
#6116 = EDGE_CURVE( '', #7567, #7565, #7568, .F. );
#6117 = EDGE_CURVE( '', #7569, #7567, #7570, .T. );
#6118 = EDGE_CURVE( '', #7571, #7569, #7572, .F. );
#6119 = EDGE_CURVE( '', #7573, #7571, #7574, .T. );
#6120 = EDGE_CURVE( '', #7573, #7575, #7576, .F. );
#6121 = EDGE_CURVE( '', #7575, #7577, #7578, .T. );
#6122 = EDGE_CURVE( '', #7577, #7579, #7580, .F. );
#6123 = EDGE_CURVE( '', #7581, #7579, #7582, .T. );
#6124 = EDGE_CURVE( '', #7583, #7581, #7584, .F. );
#6125 = EDGE_CURVE( '', #7585, #7583, #7586, .T. );
#6126 = EDGE_CURVE( '', #7587, #7585, #7588, .F. );
#6127 = EDGE_CURVE( '', #7589, #7587, #7590, .T. );
#6128 = EDGE_CURVE( '', #7589, #7591, #7592, .F. );
#6129 = EDGE_CURVE( '', #7591, #7593, #7594, .T. );
#6130 = EDGE_CURVE( '', #7593, #7595, #7596, .F. );
#6131 = EDGE_CURVE( '', #7597, #7595, #7598, .T. );
#6132 = EDGE_CURVE( '', #7599, #7597, #7600, .F. );
#6133 = EDGE_CURVE( '', #7601, #7599, #7602, .T. );
#6134 = EDGE_CURVE( '', #7603, #7601, #7604, .F. );
#6135 = EDGE_CURVE( '', #7605, #7603, #7606, .T. );
#6136 = EDGE_CURVE( '', #7605, #7607, #7608, .F. );
#6137 = EDGE_CURVE( '', #7607, #7609, #7610, .T. );
#6138 = EDGE_CURVE( '', #7609, #7611, #7612, .F. );
#6139 = EDGE_CURVE( '', #7613, #7611, #7614, .T. );
#6140 = EDGE_CURVE( '', #7615, #7613, #7616, .F. );
#6141 = EDGE_CURVE( '', #7617, #7615, #7618, .T. );
#6142 = EDGE_CURVE( '', #7619, #7617, #7620, .F. );
#6143 = EDGE_CURVE( '', #7621, #7619, #7622, .T. );
#6144 = EDGE_CURVE( '', #7621, #7623, #7624, .F. );
#6145 = EDGE_CURVE( '', #7623, #7625, #7626, .T. );
#6146 = EDGE_CURVE( '', #7625, #7627, #7628, .F. );
#6147 = EDGE_CURVE( '', #7629, #7627, #7630, .T. );
#6148 = EDGE_CURVE( '', #7631, #7629, #7632, .F. );
#6149 = EDGE_CURVE( '', #7633, #7631, #7634, .T. );
#6150 = EDGE_CURVE( '', #7635, #7633, #7636, .F. );
#6151 = EDGE_CURVE( '', #7637, #7635, #7638, .T. );
#6152 = EDGE_CURVE( '', #7637, #7639, #7640, .F. );
#6153 = EDGE_CURVE( '', #7639, #7641, #7642, .T. );
#6154 = EDGE_CURVE( '', #7641, #7643, #7644, .F. );
#6155 = EDGE_CURVE( '', #7645, #7643, #7646, .T. );
#6156 = EDGE_CURVE( '', #7647, #7645, #7648, .F. );
#6157 = EDGE_CURVE( '', #7649, #7647, #7650, .T. );
#6158 = EDGE_CURVE( '', #7651, #7649, #7652, .F. );
#6159 = EDGE_CURVE( '', #7653, #7651, #7654, .T. );
#6160 = EDGE_CURVE( '', #7653, #7655, #7656, .F. );
#6161 = EDGE_CURVE( '', #7655, #7657, #7658, .T. );
#6162 = EDGE_CURVE( '', #7657, #7659, #7660, .F. );
#6163 = EDGE_CURVE( '', #7661, #7659, #7662, .T. );
#6164 = EDGE_CURVE( '', #7663, #7661, #7664, .F. );
#6165 = EDGE_CURVE( '', #7665, #7663, #7666, .T. );
#6166 = EDGE_CURVE( '', #7667, #7665, #7668, .F. );
#6167 = EDGE_CURVE( '', #7669, #7667, #7670, .T. );
#6168 = EDGE_CURVE( '', #7669, #7671, #7672, .F. );
#6169 = EDGE_CURVE( '', #7671, #7673, #7674, .T. );
#6170 = EDGE_CURVE( '', #7673, #7675, #7676, .F. );
#6171 = EDGE_CURVE( '', #7677, #7675, #7678, .T. );
#6172 = EDGE_CURVE( '', #7679, #7677, #7680, .F. );
#6173 = EDGE_CURVE( '', #7681, #7679, #7682, .T. );
#6174 = EDGE_CURVE( '', #7683, #7681, #7684, .F. );
#6175 = EDGE_CURVE( '', #7685, #7683, #7686, .T. );
#6176 = EDGE_CURVE( '', #7685, #7687, #7688, .F. );
#6177 = EDGE_CURVE( '', #7687, #7689, #7690, .T. );
#6178 = EDGE_CURVE( '', #7689, #7691, #7692, .F. );
#6179 = EDGE_CURVE( '', #7693, #7691, #7694, .T. );
#6180 = EDGE_CURVE( '', #7695, #7693, #7696, .F. );
#6181 = EDGE_CURVE( '', #7697, #7695, #7698, .T. );
#6182 = EDGE_CURVE( '', #7699, #7697, #7700, .F. );
#6183 = EDGE_CURVE( '', #7701, #7699, #7702, .T. );
#6184 = EDGE_CURVE( '', #7701, #7703, #7704, .F. );
#6185 = EDGE_CURVE( '', #7703, #7705, #7706, .T. );
#6186 = EDGE_CURVE( '', #7705, #7707, #7708, .F. );
#6187 = EDGE_CURVE( '', #7709, #7707, #7710, .T. );
#6188 = EDGE_CURVE( '', #7711, #7709, #7712, .F. );
#6189 = EDGE_CURVE( '', #7713, #7711, #7714, .T. );
#6190 = EDGE_CURVE( '', #7715, #7713, #7716, .F. );
#6191 = EDGE_CURVE( '', #7717, #7715, #7718, .T. );
#6192 = EDGE_CURVE( '', #7717, #7719, #7720, .F. );
#6193 = EDGE_CURVE( '', #7719, #7721, #7722, .T. );
#6194 = EDGE_CURVE( '', #7721, #7723, #7724, .F. );
#6195 = EDGE_CURVE( '', #7725, #7723, #7726, .T. );
#6196 = EDGE_CURVE( '', #7727, #7725, #7728, .F. );
#6197 = EDGE_CURVE( '', #7729, #7727, #7730, .T. );
#6198 = EDGE_CURVE( '', #7731, #7729, #7732, .F. );
#6199 = EDGE_CURVE( '', #7733, #7731, #7734, .T. );
#6200 = EDGE_CURVE( '', #7733, #7735, #7736, .F. );
#6201 = EDGE_CURVE( '', #7735, #7737, #7738, .T. );
#6202 = EDGE_CURVE( '', #7737, #7739, #7740, .F. );
#6203 = EDGE_CURVE( '', #7741, #7739, #7742, .T. );
#6204 = EDGE_CURVE( '', #7743, #7741, #7744, .F. );
#6205 = EDGE_CURVE( '', #7745, #7743, #7746, .T. );
#6206 = EDGE_CURVE( '', #7747, #7745, #7748, .F. );
#6207 = EDGE_CURVE( '', #7749, #7747, #7750, .T. );
#6208 = EDGE_CURVE( '', #7749, #7751, #7752, .F. );
#6209 = EDGE_CURVE( '', #7751, #7753, #7754, .T. );
#6210 = EDGE_CURVE( '', #7753, #7755, #7756, .F. );
#6211 = EDGE_CURVE( '', #7757, #7755, #7758, .T. );
#6212 = EDGE_CURVE( '', #7759, #7757, #7760, .F. );
#6213 = EDGE_CURVE( '', #7761, #7759, #7762, .T. );
#6214 = EDGE_CURVE( '', #7763, #7761, #7764, .F. );
#6215 = EDGE_CURVE( '', #7765, #7763, #7766, .T. );
#6216 = EDGE_CURVE( '', #7765, #7767, #7768, .F. );
#6217 = EDGE_CURVE( '', #7767, #7769, #7770, .T. );
#6218 = EDGE_CURVE( '', #7769, #7771, #7772, .F. );
#6219 = EDGE_CURVE( '', #7773, #7771, #7774, .T. );
#6220 = EDGE_CURVE( '', #7775, #7773, #7776, .F. );
#6221 = EDGE_CURVE( '', #7777, #7775, #7778, .T. );
#6222 = EDGE_CURVE( '', #7779, #7777, #7780, .F. );
#6223 = EDGE_CURVE( '', #7781, #7779, #7782, .T. );
#6224 = EDGE_CURVE( '', #7781, #7783, #7784, .F. );
#6225 = EDGE_CURVE( '', #7783, #7785, #7786, .T. );
#6226 = EDGE_CURVE( '', #7785, #7787, #7788, .F. );
#6227 = EDGE_CURVE( '', #7789, #7787, #7790, .T. );
#6228 = EDGE_CURVE( '', #7791, #7789, #7792, .F. );
#6229 = EDGE_CURVE( '', #7793, #7791, #7794, .T. );
#6230 = EDGE_CURVE( '', #7795, #7793, #7796, .F. );
#6231 = EDGE_CURVE( '', #7797, #7795, #7798, .T. );
#6232 = EDGE_CURVE( '', #7797, #7799, #7800, .F. );
#6233 = EDGE_CURVE( '', #7799, #7801, #7802, .T. );
#6234 = EDGE_CURVE( '', #7801, #7803, #7804, .F. );
#6235 = EDGE_CURVE( '', #7805, #7803, #7806, .T. );
#6236 = EDGE_CURVE( '', #7807, #7805, #7808, .F. );
#6237 = EDGE_CURVE( '', #7809, #7807, #7810, .T. );
#6238 = EDGE_CURVE( '', #7811, #7809, #7812, .F. );
#6239 = EDGE_CURVE( '', #7813, #7811, #7814, .T. );
#6240 = EDGE_CURVE( '', #7813, #7815, #7816, .F. );
#6241 = EDGE_CURVE( '', #7815, #7817, #7818, .T. );
#6242 = EDGE_CURVE( '', #7817, #7819, #7820, .F. );
#6243 = EDGE_CURVE( '', #7821, #7819, #7822, .T. );
#6244 = EDGE_CURVE( '', #7823, #7821, #7824, .F. );
#6245 = EDGE_CURVE( '', #7825, #7823, #7826, .T. );
#6246 = EDGE_CURVE( '', #7827, #7825, #7828, .F. );
#6247 = EDGE_CURVE( '', #7829, #7827, #7830, .T. );
#6248 = EDGE_CURVE( '', #7829, #7831, #7832, .F. );
#6249 = EDGE_CURVE( '', #7831, #7833, #7834, .T. );
#6250 = EDGE_CURVE( '', #7833, #7835, #7836, .F. );
#6251 = EDGE_CURVE( '', #7837, #7835, #7838, .T. );
#6252 = EDGE_CURVE( '', #7839, #7837, #7840, .F. );
#6253 = EDGE_CURVE( '', #7841, #7839, #7842, .T. );
#6254 = EDGE_CURVE( '', #7843, #7841, #7844, .F. );
#6255 = EDGE_CURVE( '', #7845, #7843, #7846, .T. );
#6256 = EDGE_CURVE( '', #7845, #7847, #7848, .F. );
#6257 = EDGE_CURVE( '', #7847, #7849, #7850, .T. );
#6258 = EDGE_CURVE( '', #7849, #7851, #7852, .F. );
#6259 = EDGE_CURVE( '', #7853, #7851, #7854, .T. );
#6260 = EDGE_CURVE( '', #7855, #7853, #7856, .F. );
#6261 = EDGE_CURVE( '', #7857, #7855, #7858, .T. );
#6262 = EDGE_CURVE( '', #7859, #7857, #7860, .F. );
#6263 = EDGE_CURVE( '', #7861, #7859, #7862, .T. );
#6264 = EDGE_CURVE( '', #7861, #7863, #7864, .F. );
#6265 = EDGE_CURVE( '', #7863, #7865, #7866, .T. );
#6266 = EDGE_CURVE( '', #7865, #7867, #7868, .F. );
#6267 = EDGE_CURVE( '', #7869, #7867, #7870, .T. );
#6268 = EDGE_CURVE( '', #7871, #7869, #7872, .F. );
#6269 = EDGE_CURVE( '', #7873, #7871, #7874, .T. );
#6270 = EDGE_CURVE( '', #7875, #7873, #7876, .F. );
#6271 = EDGE_CURVE( '', #7877, #7875, #7878, .T. );
#6272 = EDGE_CURVE( '', #7877, #7879, #7880, .F. );
#6273 = EDGE_CURVE( '', #7879, #7881, #7882, .T. );
#6274 = EDGE_CURVE( '', #7881, #7883, #7884, .F. );
#6275 = EDGE_CURVE( '', #7885, #7883, #7886, .T. );
#6276 = EDGE_CURVE( '', #7887, #7885, #7888, .F. );
#6277 = EDGE_CURVE( '', #7889, #7887, #7890, .T. );
#6278 = EDGE_CURVE( '', #7891, #7889, #7892, .F. );
#6279 = EDGE_CURVE( '', #7893, #7891, #7894, .T. );
#6280 = EDGE_CURVE( '', #7893, #7895, #7896, .F. );
#6281 = EDGE_CURVE( '', #7895, #7897, #7898, .T. );
#6282 = EDGE_CURVE( '', #7897, #7899, #7900, .F. );
#6283 = EDGE_CURVE( '', #7901, #7899, #7902, .T. );
#6284 = EDGE_CURVE( '', #7903, #7901, #7904, .F. );
#6285 = EDGE_CURVE( '', #7905, #7903, #7906, .T. );
#6286 = EDGE_CURVE( '', #7907, #7905, #7908, .F. );
#6287 = EDGE_CURVE( '', #7909, #7907, #7910, .T. );
#6288 = EDGE_CURVE( '', #7909, #7911, #7912, .F. );
#6289 = EDGE_CURVE( '', #7911, #7913, #7914, .T. );
#6290 = EDGE_CURVE( '', #7913, #7915, #7916, .F. );
#6291 = EDGE_CURVE( '', #7917, #7915, #7918, .T. );
#6292 = EDGE_CURVE( '', #7919, #7917, #7920, .F. );
#6293 = EDGE_CURVE( '', #7921, #7919, #7922, .T. );
#6294 = EDGE_CURVE( '', #7923, #7921, #7924, .F. );
#6295 = EDGE_CURVE( '', #7925, #7923, #7926, .T. );
#6296 = EDGE_CURVE( '', #7925, #7927, #7928, .F. );
#6297 = EDGE_CURVE( '', #7927, #7929, #7930, .T. );
#6298 = EDGE_CURVE( '', #7929, #7931, #7932, .F. );
#6299 = EDGE_CURVE( '', #7933, #7931, #7934, .T. );
#6300 = EDGE_CURVE( '', #7935, #7933, #7936, .F. );
#6301 = EDGE_CURVE( '', #7937, #7935, #7938, .T. );
#6302 = EDGE_CURVE( '', #7939, #7937, #7940, .F. );
#6303 = EDGE_CURVE( '', #7941, #7939, #7942, .T. );
#6304 = EDGE_CURVE( '', #7941, #7943, #7944, .F. );
#6305 = EDGE_CURVE( '', #7943, #7945, #7946, .T. );
#6306 = EDGE_CURVE( '', #7945, #7947, #7948, .F. );
#6307 = EDGE_CURVE( '', #7949, #7947, #7950, .T. );
#6308 = EDGE_CURVE( '', #7249, #7949, #7951, .F. );
#6309 = EDGE_CURVE( '', #7952, #7952, #7953, .T. );
#6310 = EDGE_CURVE( '', #7954, #7954, #7955, .T. );
#6311 = EDGE_CURVE( '', #7956, #7956, #7957, .T. );
#6312 = EDGE_CURVE( '', #7958, #7959, #7960, .F. );
#6313 = EDGE_CURVE( '', #7961, #7958, #7962, .T. );
#6314 = EDGE_CURVE( '', #7961, #7963, #7964, .F. );
#6315 = EDGE_CURVE( '', #7965, #7963, #7966, .T. );
#6316 = EDGE_CURVE( '', #7965, #7967, #7968, .F. );
#6317 = EDGE_CURVE( '', #7969, #7967, #7970, .T. );
#6318 = EDGE_CURVE( '', #7971, #7969, #7972, .F. );
#6319 = EDGE_CURVE( '', #7973, #7971, #7974, .T. );
#6320 = EDGE_CURVE( '', #7975, #7973, #7976, .F. );
#6321 = EDGE_CURVE( '', #7977, #7975, #7978, .T. );
#6322 = EDGE_CURVE( '', #7977, #7979, #7980, .F. );
#6323 = EDGE_CURVE( '', #7981, #7979, #7982, .T. );
#6324 = EDGE_CURVE( '', #7981, #7983, #7984, .F. );
#6325 = EDGE_CURVE( '', #7985, #7983, #7986, .T. );
#6326 = EDGE_CURVE( '', #7987, #7985, #7988, .F. );
#6327 = EDGE_CURVE( '', #7989, #7987, #7990, .T. );
#6328 = EDGE_CURVE( '', #7991, #7989, #7992, .F. );
#6329 = EDGE_CURVE( '', #7993, #7991, #7994, .T. );
#6330 = EDGE_CURVE( '', #7993, #7995, #7996, .F. );
#6331 = EDGE_CURVE( '', #7997, #7995, #7998, .T. );
#6332 = EDGE_CURVE( '', #7997, #7999, #8000, .F. );
#6333 = EDGE_CURVE( '', #8001, #7999, #8002, .T. );
#6334 = EDGE_CURVE( '', #8003, #8001, #8004, .F. );
#6335 = EDGE_CURVE( '', #8005, #8003, #8006, .T. );
#6336 = EDGE_CURVE( '', #8007, #8005, #8008, .F. );
#6337 = EDGE_CURVE( '', #8009, #8007, #8010, .T. );
#6338 = EDGE_CURVE( '', #8009, #8011, #8012, .F. );
#6339 = EDGE_CURVE( '', #8013, #8011, #8014, .T. );
#6340 = EDGE_CURVE( '', #8013, #8015, #8016, .F. );
#6341 = EDGE_CURVE( '', #8017, #8015, #8018, .T. );
#6342 = EDGE_CURVE( '', #8019, #8017, #8020, .F. );
#6343 = EDGE_CURVE( '', #8021, #8019, #8022, .T. );
#6344 = EDGE_CURVE( '', #8023, #8021, #8024, .F. );
#6345 = EDGE_CURVE( '', #8025, #8023, #8026, .T. );
#6346 = EDGE_CURVE( '', #8025, #8027, #8028, .F. );
#6347 = EDGE_CURVE( '', #8029, #8027, #8030, .T. );
#6348 = EDGE_CURVE( '', #8029, #8031, #8032, .F. );
#6349 = EDGE_CURVE( '', #8033, #8031, #8034, .T. );
#6350 = EDGE_CURVE( '', #8035, #8033, #8036, .F. );
#6351 = EDGE_CURVE( '', #8037, #8035, #8038, .T. );
#6352 = EDGE_CURVE( '', #8039, #8037, #8040, .F. );
#6353 = EDGE_CURVE( '', #8041, #8039, #8042, .T. );
#6354 = EDGE_CURVE( '', #8041, #8043, #8044, .F. );
#6355 = EDGE_CURVE( '', #8045, #8043, #8046, .T. );
#6356 = EDGE_CURVE( '', #8045, #8047, #8048, .F. );
#6357 = EDGE_CURVE( '', #8049, #8047, #8050, .T. );
#6358 = EDGE_CURVE( '', #8051, #8049, #8052, .F. );
#6359 = EDGE_CURVE( '', #8053, #8051, #8054, .T. );
#6360 = EDGE_CURVE( '', #8055, #8053, #8056, .F. );
#6361 = EDGE_CURVE( '', #8057, #8055, #8058, .T. );
#6362 = EDGE_CURVE( '', #8057, #8059, #8060, .F. );
#6363 = EDGE_CURVE( '', #8061, #8059, #8062, .T. );
#6364 = EDGE_CURVE( '', #8061, #8063, #8064, .F. );
#6365 = EDGE_CURVE( '', #8065, #8063, #8066, .T. );
#6366 = EDGE_CURVE( '', #8067, #8065, #8068, .F. );
#6367 = EDGE_CURVE( '', #8069, #8067, #8070, .T. );
#6368 = EDGE_CURVE( '', #8071, #8069, #8072, .F. );
#6369 = EDGE_CURVE( '', #8073, #8071, #8074, .T. );
#6370 = EDGE_CURVE( '', #8073, #8075, #8076, .F. );
#6371 = EDGE_CURVE( '', #8077, #8075, #8078, .T. );
#6372 = EDGE_CURVE( '', #8077, #8079, #8080, .F. );
#6373 = EDGE_CURVE( '', #8081, #8079, #8082, .T. );
#6374 = EDGE_CURVE( '', #8083, #8081, #8084, .F. );
#6375 = EDGE_CURVE( '', #8085, #8083, #8086, .T. );
#6376 = EDGE_CURVE( '', #8087, #8085, #8088, .F. );
#6377 = EDGE_CURVE( '', #8089, #8087, #8090, .T. );
#6378 = EDGE_CURVE( '', #8089, #8091, #8092, .F. );
#6379 = EDGE_CURVE( '', #8093, #8091, #8094, .T. );
#6380 = EDGE_CURVE( '', #8093, #8095, #8096, .F. );
#6381 = EDGE_CURVE( '', #8097, #8095, #8098, .T. );
#6382 = EDGE_CURVE( '', #8099, #8097, #8100, .F. );
#6383 = EDGE_CURVE( '', #8101, #8099, #8102, .T. );
#6384 = EDGE_CURVE( '', #8103, #8101, #8104, .F. );
#6385 = EDGE_CURVE( '', #8105, #8103, #8106, .T. );
#6386 = EDGE_CURVE( '', #8105, #8107, #8108, .F. );
#6387 = EDGE_CURVE( '', #8109, #8107, #8110, .T. );
#6388 = EDGE_CURVE( '', #8109, #8111, #8112, .F. );
#6389 = EDGE_CURVE( '', #8113, #8111, #8114, .T. );
#6390 = EDGE_CURVE( '', #8115, #8113, #8116, .F. );
#6391 = EDGE_CURVE( '', #8117, #8115, #8118, .T. );
#6392 = EDGE_CURVE( '', #8119, #8117, #8120, .F. );
#6393 = EDGE_CURVE( '', #8121, #8119, #8122, .T. );
#6394 = EDGE_CURVE( '', #8121, #8123, #8124, .F. );
#6395 = EDGE_CURVE( '', #8125, #8123, #8126, .T. );
#6396 = EDGE_CURVE( '', #8125, #8127, #8128, .F. );
#6397 = EDGE_CURVE( '', #8129, #8127, #8130, .T. );
#6398 = EDGE_CURVE( '', #8131, #8129, #8132, .F. );
#6399 = EDGE_CURVE( '', #8133, #8131, #8134, .T. );
#6400 = EDGE_CURVE( '', #8135, #8133, #8136, .F. );
#6401 = EDGE_CURVE( '', #8137, #8135, #8138, .T. );
#6402 = EDGE_CURVE( '', #8137, #8139, #8140, .F. );
#6403 = EDGE_CURVE( '', #8141, #8139, #8142, .T. );
#6404 = EDGE_CURVE( '', #8141, #8143, #8144, .F. );
#6405 = EDGE_CURVE( '', #8145, #8143, #8146, .T. );
#6406 = EDGE_CURVE( '', #8147, #8145, #8148, .F. );
#6407 = EDGE_CURVE( '', #8149, #8147, #8150, .T. );
#6408 = EDGE_CURVE( '', #8151, #8149, #8152, .F. );
#6409 = EDGE_CURVE( '', #8153, #8151, #8154, .T. );
#6410 = EDGE_CURVE( '', #8153, #8155, #8156, .F. );
#6411 = EDGE_CURVE( '', #8157, #8155, #8158, .T. );
#6412 = EDGE_CURVE( '', #8157, #8159, #8160, .F. );
#6413 = EDGE_CURVE( '', #8161, #8159, #8162, .T. );
#6414 = EDGE_CURVE( '', #8163, #8161, #8164, .F. );
#6415 = EDGE_CURVE( '', #8165, #8163, #8166, .T. );
#6416 = EDGE_CURVE( '', #8167, #8165, #8168, .F. );
#6417 = EDGE_CURVE( '', #8169, #8167, #8170, .T. );
#6418 = EDGE_CURVE( '', #8169, #8171, #8172, .F. );
#6419 = EDGE_CURVE( '', #8173, #8171, #8174, .T. );
#6420 = EDGE_CURVE( '', #8173, #8175, #8176, .F. );
#6421 = EDGE_CURVE( '', #8177, #8175, #8178, .T. );
#6422 = EDGE_CURVE( '', #8179, #8177, #8180, .F. );
#6423 = EDGE_CURVE( '', #8181, #8179, #8182, .T. );
#6424 = EDGE_CURVE( '', #8183, #8181, #8184, .F. );
#6425 = EDGE_CURVE( '', #8185, #8183, #8186, .T. );
#6426 = EDGE_CURVE( '', #8185, #8187, #8188, .F. );
#6427 = EDGE_CURVE( '', #8189, #8187, #8190, .T. );
#6428 = EDGE_CURVE( '', #8189, #8191, #8192, .F. );
#6429 = EDGE_CURVE( '', #8193, #8191, #8194, .T. );
#6430 = EDGE_CURVE( '', #8195, #8193, #8196, .F. );
#6431 = EDGE_CURVE( '', #8197, #8195, #8198, .T. );
#6432 = EDGE_CURVE( '', #8199, #8197, #8200, .F. );
#6433 = EDGE_CURVE( '', #8201, #8199, #8202, .T. );
#6434 = EDGE_CURVE( '', #8201, #8203, #8204, .F. );
#6435 = EDGE_CURVE( '', #8205, #8203, #8206, .T. );
#6436 = EDGE_CURVE( '', #8205, #8207, #8208, .F. );
#6437 = EDGE_CURVE( '', #8209, #8207, #8210, .T. );
#6438 = EDGE_CURVE( '', #8211, #8209, #8212, .F. );
#6439 = EDGE_CURVE( '', #8213, #8211, #8214, .T. );
#6440 = EDGE_CURVE( '', #8215, #8213, #8216, .F. );
#6441 = EDGE_CURVE( '', #8217, #8215, #8218, .T. );
#6442 = EDGE_CURVE( '', #8217, #8219, #8220, .F. );
#6443 = EDGE_CURVE( '', #8221, #8219, #8222, .T. );
#6444 = EDGE_CURVE( '', #8221, #8223, #8224, .F. );
#6445 = EDGE_CURVE( '', #8225, #8223, #8226, .T. );
#6446 = EDGE_CURVE( '', #8227, #8225, #8228, .F. );
#6447 = EDGE_CURVE( '', #8229, #8227, #8230, .T. );
#6448 = EDGE_CURVE( '', #8231, #8229, #8232, .F. );
#6449 = EDGE_CURVE( '', #8233, #8231, #8234, .T. );
#6450 = EDGE_CURVE( '', #8233, #8235, #8236, .F. );
#6451 = EDGE_CURVE( '', #8237, #8235, #8238, .T. );
#6452 = EDGE_CURVE( '', #8237, #8239, #8240, .F. );
#6453 = EDGE_CURVE( '', #8241, #8239, #8242, .T. );
#6454 = EDGE_CURVE( '', #8243, #8241, #8244, .F. );
#6455 = EDGE_CURVE( '', #8245, #8243, #8246, .T. );
#6456 = EDGE_CURVE( '', #8247, #8245, #8248, .F. );
#6457 = EDGE_CURVE( '', #8249, #8247, #8250, .T. );
#6458 = EDGE_CURVE( '', #8249, #8251, #8252, .F. );
#6459 = EDGE_CURVE( '', #8253, #8251, #8254, .T. );
#6460 = EDGE_CURVE( '', #8253, #8255, #8256, .F. );
#6461 = EDGE_CURVE( '', #8257, #8255, #8258, .T. );
#6462 = EDGE_CURVE( '', #8259, #8257, #8260, .F. );
#6463 = EDGE_CURVE( '', #8261, #8259, #8262, .T. );
#6464 = EDGE_CURVE( '', #8263, #8261, #8264, .F. );
#6465 = EDGE_CURVE( '', #8265, #8263, #8266, .T. );
#6466 = EDGE_CURVE( '', #8265, #8267, #8268, .F. );
#6467 = EDGE_CURVE( '', #8269, #8267, #8270, .T. );
#6468 = EDGE_CURVE( '', #8269, #8271, #8272, .F. );
#6469 = EDGE_CURVE( '', #8273, #8271, #8274, .T. );
#6470 = EDGE_CURVE( '', #8275, #8273, #8276, .F. );
#6471 = EDGE_CURVE( '', #8277, #8275, #8278, .T. );
#6472 = EDGE_CURVE( '', #8279, #8277, #8280, .F. );
#6473 = EDGE_CURVE( '', #8281, #8279, #8282, .T. );
#6474 = EDGE_CURVE( '', #8281, #8283, #8284, .F. );
#6475 = EDGE_CURVE( '', #8285, #8283, #8286, .T. );
#6476 = EDGE_CURVE( '', #8285, #8287, #8288, .F. );
#6477 = EDGE_CURVE( '', #8289, #8287, #8290, .T. );
#6478 = EDGE_CURVE( '', #8291, #8289, #8292, .F. );
#6479 = EDGE_CURVE( '', #8293, #8291, #8294, .T. );
#6480 = EDGE_CURVE( '', #8295, #8293, #8296, .F. );
#6481 = EDGE_CURVE( '', #8297, #8295, #8298, .T. );
#6482 = EDGE_CURVE( '', #8297, #8299, #8300, .F. );
#6483 = EDGE_CURVE( '', #8301, #8299, #8302, .T. );
#6484 = EDGE_CURVE( '', #8301, #8303, #8304, .F. );
#6485 = EDGE_CURVE( '', #8305, #8303, #8306, .T. );
#6486 = EDGE_CURVE( '', #8307, #8305, #8308, .F. );
#6487 = EDGE_CURVE( '', #8309, #8307, #8310, .T. );
#6488 = EDGE_CURVE( '', #8311, #8309, #8312, .F. );
#6489 = EDGE_CURVE( '', #8313, #8311, #8314, .T. );
#6490 = EDGE_CURVE( '', #8313, #8315, #8316, .F. );
#6491 = EDGE_CURVE( '', #8317, #8315, #8318, .T. );
#6492 = EDGE_CURVE( '', #8317, #8319, #8320, .F. );
#6493 = EDGE_CURVE( '', #8321, #8319, #8322, .T. );
#6494 = EDGE_CURVE( '', #8323, #8321, #8324, .F. );
#6495 = EDGE_CURVE( '', #8325, #8323, #8326, .T. );
#6496 = EDGE_CURVE( '', #8327, #8325, #8328, .F. );
#6497 = EDGE_CURVE( '', #8329, #8327, #8330, .T. );
#6498 = EDGE_CURVE( '', #8329, #8331, #8332, .F. );
#6499 = EDGE_CURVE( '', #8333, #8331, #8334, .T. );
#6500 = EDGE_CURVE( '', #8333, #8335, #8336, .F. );
#6501 = EDGE_CURVE( '', #8337, #8335, #8338, .T. );
#6502 = EDGE_CURVE( '', #8339, #8337, #8340, .F. );
#6503 = EDGE_CURVE( '', #8341, #8339, #8342, .T. );
#6504 = EDGE_CURVE( '', #8343, #8341, #8344, .F. );
#6505 = EDGE_CURVE( '', #8345, #8343, #8346, .T. );
#6506 = EDGE_CURVE( '', #8345, #8347, #8348, .F. );
#6507 = EDGE_CURVE( '', #8349, #8347, #8350, .T. );
#6508 = EDGE_CURVE( '', #8349, #8351, #8352, .F. );
#6509 = EDGE_CURVE( '', #8353, #8351, #8354, .T. );
#6510 = EDGE_CURVE( '', #8355, #8353, #8356, .F. );
#6511 = EDGE_CURVE( '', #8357, #8355, #8358, .T. );
#6512 = EDGE_CURVE( '', #8359, #8357, #8360, .F. );
#6513 = EDGE_CURVE( '', #8361, #8359, #8362, .T. );
#6514 = EDGE_CURVE( '', #8361, #8363, #8364, .F. );
#6515 = EDGE_CURVE( '', #8365, #8363, #8366, .T. );
#6516 = EDGE_CURVE( '', #8365, #8367, #8368, .F. );
#6517 = EDGE_CURVE( '', #8369, #8367, #8370, .T. );
#6518 = EDGE_CURVE( '', #8371, #8369, #8372, .F. );
#6519 = EDGE_CURVE( '', #8373, #8371, #8374, .T. );
#6520 = EDGE_CURVE( '', #8375, #8373, #8376, .F. );
#6521 = EDGE_CURVE( '', #8377, #8375, #8378, .T. );
#6522 = EDGE_CURVE( '', #8377, #8379, #8380, .F. );
#6523 = EDGE_CURVE( '', #8381, #8379, #8382, .T. );
#6524 = EDGE_CURVE( '', #8381, #8383, #8384, .F. );
#6525 = EDGE_CURVE( '', #8385, #8383, #8386, .T. );
#6526 = EDGE_CURVE( '', #8387, #8385, #8388, .F. );
#6527 = EDGE_CURVE( '', #8389, #8387, #8390, .T. );
#6528 = EDGE_CURVE( '', #8391, #8389, #8392, .F. );
#6529 = EDGE_CURVE( '', #8393, #8391, #8394, .T. );
#6530 = EDGE_CURVE( '', #8393, #8395, #8396, .F. );
#6531 = EDGE_CURVE( '', #8397, #8395, #8398, .T. );
#6532 = EDGE_CURVE( '', #8397, #8399, #8400, .F. );
#6533 = EDGE_CURVE( '', #8401, #8399, #8402, .T. );
#6534 = EDGE_CURVE( '', #8403, #8401, #8404, .F. );
#6535 = EDGE_CURVE( '', #8405, #8403, #8406, .T. );
#6536 = EDGE_CURVE( '', #8407, #8405, #8408, .F. );
#6537 = EDGE_CURVE( '', #8409, #8407, #8410, .T. );
#6538 = EDGE_CURVE( '', #8409, #8411, #8412, .F. );
#6539 = EDGE_CURVE( '', #8413, #8411, #8414, .T. );
#6540 = EDGE_CURVE( '', #8413, #8415, #8416, .F. );
#6541 = EDGE_CURVE( '', #8417, #8415, #8418, .T. );
#6542 = EDGE_CURVE( '', #8419, #8417, #8420, .F. );
#6543 = EDGE_CURVE( '', #8421, #8419, #8422, .T. );
#6544 = EDGE_CURVE( '', #8423, #8421, #8424, .F. );
#6545 = EDGE_CURVE( '', #8425, #8423, #8426, .T. );
#6546 = EDGE_CURVE( '', #8425, #8427, #8428, .F. );
#6547 = EDGE_CURVE( '', #8429, #8427, #8430, .T. );
#6548 = EDGE_CURVE( '', #8429, #8431, #8432, .F. );
#6549 = EDGE_CURVE( '', #8433, #8431, #8434, .T. );
#6550 = EDGE_CURVE( '', #8435, #8433, #8436, .F. );
#6551 = EDGE_CURVE( '', #8437, #8435, #8438, .T. );
#6552 = EDGE_CURVE( '', #8439, #8437, #8440, .F. );
#6553 = EDGE_CURVE( '', #8441, #8439, #8442, .T. );
#6554 = EDGE_CURVE( '', #8441, #8443, #8444, .F. );
#6555 = EDGE_CURVE( '', #8445, #8443, #8446, .T. );
#6556 = EDGE_CURVE( '', #8445, #8447, #8448, .F. );
#6557 = EDGE_CURVE( '', #8449, #8447, #8450, .T. );
#6558 = EDGE_CURVE( '', #8451, #8449, #8452, .F. );
#6559 = EDGE_CURVE( '', #8453, #8451, #8454, .T. );
#6560 = EDGE_CURVE( '', #8455, #8453, #8456, .F. );
#6561 = EDGE_CURVE( '', #8457, #8455, #8458, .T. );
#6562 = EDGE_CURVE( '', #8457, #8459, #8460, .F. );
#6563 = EDGE_CURVE( '', #8461, #8459, #8462, .T. );
#6564 = EDGE_CURVE( '', #8461, #8463, #8464, .F. );
#6565 = EDGE_CURVE( '', #8465, #8463, #8466, .T. );
#6566 = EDGE_CURVE( '', #8467, #8465, #8468, .F. );
#6567 = EDGE_CURVE( '', #8469, #8467, #8470, .T. );
#6568 = EDGE_CURVE( '', #8471, #8469, #8472, .F. );
#6569 = EDGE_CURVE( '', #8473, #8471, #8474, .T. );
#6570 = EDGE_CURVE( '', #8473, #8475, #8476, .F. );
#6571 = EDGE_CURVE( '', #8477, #8475, #8478, .T. );
#6572 = EDGE_CURVE( '', #8477, #8479, #8480, .F. );
#6573 = EDGE_CURVE( '', #8481, #8479, #8482, .T. );
#6574 = EDGE_CURVE( '', #8483, #8481, #8484, .F. );
#6575 = EDGE_CURVE( '', #8485, #8483, #8486, .T. );
#6576 = EDGE_CURVE( '', #8487, #8485, #8488, .F. );
#6577 = EDGE_CURVE( '', #8489, #8487, #8490, .T. );
#6578 = EDGE_CURVE( '', #8489, #8491, #8492, .F. );
#6579 = EDGE_CURVE( '', #8493, #8491, #8494, .T. );
#6580 = EDGE_CURVE( '', #8493, #8495, #8496, .F. );
#6581 = EDGE_CURVE( '', #8497, #8495, #8498, .T. );
#6582 = EDGE_CURVE( '', #8499, #8497, #8500, .F. );
#6583 = EDGE_CURVE( '', #8501, #8499, #8502, .T. );
#6584 = EDGE_CURVE( '', #8503, #8501, #8504, .F. );
#6585 = EDGE_CURVE( '', #8505, #8503, #8506, .T. );
#6586 = EDGE_CURVE( '', #8505, #8507, #8508, .F. );
#6587 = EDGE_CURVE( '', #8509, #8507, #8510, .T. );
#6588 = EDGE_CURVE( '', #8509, #8511, #8512, .F. );
#6589 = EDGE_CURVE( '', #8513, #8511, #8514, .T. );
#6590 = EDGE_CURVE( '', #8515, #8513, #8516, .F. );
#6591 = EDGE_CURVE( '', #8517, #8515, #8518, .T. );
#6592 = EDGE_CURVE( '', #8519, #8517, #8520, .F. );
#6593 = EDGE_CURVE( '', #8521, #8519, #8522, .T. );
#6594 = EDGE_CURVE( '', #8521, #8523, #8524, .F. );
#6595 = EDGE_CURVE( '', #8525, #8523, #8526, .T. );
#6596 = EDGE_CURVE( '', #8525, #8527, #8528, .F. );
#6597 = EDGE_CURVE( '', #8529, #8527, #8530, .T. );
#6598 = EDGE_CURVE( '', #8531, #8529, #8532, .F. );
#6599 = EDGE_CURVE( '', #8533, #8531, #8534, .T. );
#6600 = EDGE_CURVE( '', #8535, #8533, #8536, .F. );
#6601 = EDGE_CURVE( '', #8537, #8535, #8538, .T. );
#6602 = EDGE_CURVE( '', #8537, #8539, #8540, .F. );
#6603 = EDGE_CURVE( '', #8541, #8539, #8542, .T. );
#6604 = EDGE_CURVE( '', #8541, #8543, #8544, .F. );
#6605 = EDGE_CURVE( '', #8545, #8543, #8546, .T. );
#6606 = EDGE_CURVE( '', #8547, #8545, #8548, .F. );
#6607 = EDGE_CURVE( '', #8549, #8547, #8550, .T. );
#6608 = EDGE_CURVE( '', #8551, #8549, #8552, .F. );
#6609 = EDGE_CURVE( '', #8553, #8551, #8554, .T. );
#6610 = EDGE_CURVE( '', #8553, #8555, #8556, .F. );
#6611 = EDGE_CURVE( '', #8557, #8555, #8558, .T. );
#6612 = EDGE_CURVE( '', #8557, #8559, #8560, .F. );
#6613 = EDGE_CURVE( '', #8561, #8559, #8562, .T. );
#6614 = EDGE_CURVE( '', #8563, #8561, #8564, .F. );
#6615 = EDGE_CURVE( '', #8565, #8563, #8566, .T. );
#6616 = EDGE_CURVE( '', #8567, #8565, #8568, .F. );
#6617 = EDGE_CURVE( '', #8569, #8567, #8570, .T. );
#6618 = EDGE_CURVE( '', #8569, #8571, #8572, .F. );
#6619 = EDGE_CURVE( '', #8573, #8571, #8574, .T. );
#6620 = EDGE_CURVE( '', #8573, #8575, #8576, .F. );
#6621 = EDGE_CURVE( '', #8577, #8575, #8578, .T. );
#6622 = EDGE_CURVE( '', #8579, #8577, #8580, .F. );
#6623 = EDGE_CURVE( '', #8581, #8579, #8582, .T. );
#6624 = EDGE_CURVE( '', #8583, #8581, #8584, .F. );
#6625 = EDGE_CURVE( '', #8585, #8583, #8586, .T. );
#6626 = EDGE_CURVE( '', #8585, #8587, #8588, .F. );
#6627 = EDGE_CURVE( '', #8589, #8587, #8590, .T. );
#6628 = EDGE_CURVE( '', #8589, #8591, #8592, .F. );
#6629 = EDGE_CURVE( '', #8593, #8591, #8594, .T. );
#6630 = EDGE_CURVE( '', #8595, #8593, #8596, .F. );
#6631 = EDGE_CURVE( '', #8597, #8595, #8598, .T. );
#6632 = EDGE_CURVE( '', #8599, #8597, #8600, .F. );
#6633 = EDGE_CURVE( '', #8601, #8599, #8602, .T. );
#6634 = EDGE_CURVE( '', #8601, #8603, #8604, .F. );
#6635 = EDGE_CURVE( '', #8605, #8603, #8606, .T. );
#6636 = EDGE_CURVE( '', #8605, #8607, #8608, .F. );
#6637 = EDGE_CURVE( '', #8609, #8607, #8610, .T. );
#6638 = EDGE_CURVE( '', #8611, #8609, #8612, .F. );
#6639 = EDGE_CURVE( '', #8613, #8611, #8614, .T. );
#6640 = EDGE_CURVE( '', #8615, #8613, #8616, .F. );
#6641 = EDGE_CURVE( '', #8617, #8615, #8618, .T. );
#6642 = EDGE_CURVE( '', #8617, #8619, #8620, .F. );
#6643 = EDGE_CURVE( '', #8621, #8619, #8622, .T. );
#6644 = EDGE_CURVE( '', #8621, #8623, #8624, .F. );
#6645 = EDGE_CURVE( '', #8625, #8623, #8626, .T. );
#6646 = EDGE_CURVE( '', #8627, #8625, #8628, .F. );
#6647 = EDGE_CURVE( '', #8629, #8627, #8630, .T. );
#6648 = EDGE_CURVE( '', #8631, #8629, #8632, .F. );
#6649 = EDGE_CURVE( '', #8633, #8631, #8634, .T. );
#6650 = EDGE_CURVE( '', #8633, #8635, #8636, .F. );
#6651 = EDGE_CURVE( '', #8637, #8635, #8638, .T. );
#6652 = EDGE_CURVE( '', #8637, #8639, #8640, .F. );
#6653 = EDGE_CURVE( '', #8641, #8639, #8642, .T. );
#6654 = EDGE_CURVE( '', #8643, #8641, #8644, .F. );
#6655 = EDGE_CURVE( '', #8645, #8643, #8646, .T. );
#6656 = EDGE_CURVE( '', #8647, #8645, #8648, .F. );
#6657 = EDGE_CURVE( '', #8649, #8647, #8650, .T. );
#6658 = EDGE_CURVE( '', #8649, #8651, #8652, .F. );
#6659 = EDGE_CURVE( '', #8653, #8651, #8654, .T. );
#6660 = EDGE_CURVE( '', #8653, #8655, #8656, .F. );
#6661 = EDGE_CURVE( '', #8657, #8655, #8658, .T. );
#6662 = EDGE_CURVE( '', #8659, #8657, #8660, .F. );
#6663 = EDGE_CURVE( '', #7959, #8659, #8661, .T. );
#6664 = EDGE_CURVE( '', #8662, #8662, #8663, .T. );
#6665 = EDGE_CURVE( '', #8664, #8664, #8665, .T. );
#6666 = EDGE_CURVE( '', #8666, #8666, #8667, .T. );
#6667 = EDGE_CURVE( '', #7931, #8105, #8668, .T. );
#6668 = EDGE_CURVE( '', #7929, #8107, #8669, .T. );
#6669 = EDGE_CURVE( '', #7933, #8103, #8670, .T. );
#6670 = EDGE_CURVE( '', #7935, #8101, #8671, .T. );
#6671 = EDGE_CURVE( '', #7937, #8099, #8672, .T. );
#6672 = EDGE_CURVE( '', #7939, #8097, #8673, .T. );
#6673 = EDGE_CURVE( '', #7941, #8095, #8674, .T. );
#6674 = EDGE_CURVE( '', #7943, #8093, #8675, .T. );
#6675 = EDGE_CURVE( '', #7915, #8121, #8676, .T. );
#6676 = EDGE_CURVE( '', #7913, #8123, #8677, .T. );
#6677 = EDGE_CURVE( '', #7917, #8119, #8678, .T. );
#6678 = EDGE_CURVE( '', #7919, #8117, #8679, .T. );
#6679 = EDGE_CURVE( '', #7921, #8115, #8680, .T. );
#6680 = EDGE_CURVE( '', #7923, #8113, #8681, .T. );
#6681 = EDGE_CURVE( '', #7925, #8111, #8682, .T. );
#6682 = EDGE_CURVE( '', #7927, #8109, #8683, .T. );
#6683 = EDGE_CURVE( '', #7899, #8137, #8684, .T. );
#6684 = EDGE_CURVE( '', #7897, #8139, #8685, .T. );
#6685 = EDGE_CURVE( '', #7901, #8135, #8686, .T. );
#6686 = EDGE_CURVE( '', #7903, #8133, #8687, .T. );
#6687 = EDGE_CURVE( '', #7905, #8131, #8688, .T. );
#6688 = EDGE_CURVE( '', #7907, #8129, #8689, .T. );
#6689 = EDGE_CURVE( '', #7909, #8127, #8690, .T. );
#6690 = EDGE_CURVE( '', #7911, #8125, #8691, .T. );
#6691 = EDGE_CURVE( '', #7883, #8153, #8692, .T. );
#6692 = EDGE_CURVE( '', #7881, #8155, #8693, .T. );
#6693 = EDGE_CURVE( '', #7885, #8151, #8694, .T. );
#6694 = EDGE_CURVE( '', #7887, #8149, #8695, .T. );
#6695 = EDGE_CURVE( '', #7889, #8147, #8696, .T. );
#6696 = EDGE_CURVE( '', #7891, #8145, #8697, .T. );
#6697 = EDGE_CURVE( '', #7893, #8143, #8698, .T. );
#6698 = EDGE_CURVE( '', #7895, #8141, #8699, .T. );
#6699 = EDGE_CURVE( '', #7867, #8169, #8700, .T. );
#6700 = EDGE_CURVE( '', #7865, #8171, #8701, .T. );
#6701 = EDGE_CURVE( '', #7869, #8167, #8702, .T. );
#6702 = EDGE_CURVE( '', #7871, #8165, #8703, .T. );
#6703 = EDGE_CURVE( '', #7873, #8163, #8704, .T. );
#6704 = EDGE_CURVE( '', #7875, #8161, #8705, .T. );
#6705 = EDGE_CURVE( '', #7877, #8159, #8706, .T. );
#6706 = EDGE_CURVE( '', #7879, #8157, #8707, .T. );
#6707 = EDGE_CURVE( '', #7851, #8185, #8708, .T. );
#6708 = EDGE_CURVE( '', #7849, #8187, #8709, .T. );
#6709 = EDGE_CURVE( '', #7853, #8183, #8710, .T. );
#6710 = EDGE_CURVE( '', #7855, #8181, #8711, .T. );
#6711 = EDGE_CURVE( '', #7857, #8179, #8712, .T. );
#6712 = EDGE_CURVE( '', #7859, #8177, #8713, .T. );
#6713 = EDGE_CURVE( '', #7861, #8175, #8714, .T. );
#6714 = EDGE_CURVE( '', #7863, #8173, #8715, .T. );
#6715 = EDGE_CURVE( '', #7835, #8201, #8716, .T. );
#6716 = EDGE_CURVE( '', #7833, #8203, #8717, .T. );
#6717 = EDGE_CURVE( '', #7837, #8199, #8718, .T. );
#6718 = EDGE_CURVE( '', #7839, #8197, #8719, .T. );
#6719 = EDGE_CURVE( '', #7841, #8195, #8720, .T. );
#6720 = EDGE_CURVE( '', #7843, #8193, #8721, .T. );
#6721 = EDGE_CURVE( '', #7845, #8191, #8722, .T. );
#6722 = EDGE_CURVE( '', #7847, #8189, #8723, .T. );
#6723 = EDGE_CURVE( '', #7819, #8217, #8724, .T. );
#6724 = EDGE_CURVE( '', #7817, #8219, #8725, .T. );
#6725 = EDGE_CURVE( '', #7821, #8215, #8726, .T. );
#6726 = EDGE_CURVE( '', #7823, #8213, #8727, .T. );
#6727 = EDGE_CURVE( '', #7825, #8211, #8728, .T. );
#6728 = EDGE_CURVE( '', #7827, #8209, #8729, .T. );
#6729 = EDGE_CURVE( '', #7829, #8207, #8730, .T. );
#6730 = EDGE_CURVE( '', #7831, #8205, #8731, .T. );
#6731 = EDGE_CURVE( '', #7803, #8233, #8732, .T. );
#6732 = EDGE_CURVE( '', #7801, #8235, #8733, .T. );
#6733 = EDGE_CURVE( '', #7805, #8231, #8734, .T. );
#6734 = EDGE_CURVE( '', #7807, #8229, #8735, .T. );
#6735 = EDGE_CURVE( '', #7809, #8227, #8736, .T. );
#6736 = EDGE_CURVE( '', #7811, #8225, #8737, .T. );
#6737 = EDGE_CURVE( '', #7813, #8223, #8738, .T. );
#6738 = EDGE_CURVE( '', #7815, #8221, #8739, .T. );
#6739 = EDGE_CURVE( '', #7787, #8249, #8740, .T. );
#6740 = EDGE_CURVE( '', #7785, #8251, #8741, .T. );
#6741 = EDGE_CURVE( '', #7789, #8247, #8742, .T. );
#6742 = EDGE_CURVE( '', #7791, #8245, #8743, .T. );
#6743 = EDGE_CURVE( '', #7793, #8243, #8744, .T. );
#6744 = EDGE_CURVE( '', #7795, #8241, #8745, .T. );
#6745 = EDGE_CURVE( '', #7797, #8239, #8746, .T. );
#6746 = EDGE_CURVE( '', #7799, #8237, #8747, .T. );
#6747 = EDGE_CURVE( '', #7771, #8265, #8748, .T. );
#6748 = EDGE_CURVE( '', #7769, #8267, #8749, .T. );
#6749 = EDGE_CURVE( '', #7773, #8263, #8750, .T. );
#6750 = EDGE_CURVE( '', #7775, #8261, #8751, .T. );
#6751 = EDGE_CURVE( '', #7777, #8259, #8752, .T. );
#6752 = EDGE_CURVE( '', #7779, #8257, #8753, .T. );
#6753 = EDGE_CURVE( '', #7781, #8255, #8754, .T. );
#6754 = EDGE_CURVE( '', #7783, #8253, #8755, .T. );
#6755 = EDGE_CURVE( '', #7755, #8281, #8756, .T. );
#6756 = EDGE_CURVE( '', #7753, #8283, #8757, .T. );
#6757 = EDGE_CURVE( '', #7757, #8279, #8758, .T. );
#6758 = EDGE_CURVE( '', #7759, #8277, #8759, .T. );
#6759 = EDGE_CURVE( '', #7761, #8275, #8760, .T. );
#6760 = EDGE_CURVE( '', #7763, #8273, #8761, .T. );
#6761 = EDGE_CURVE( '', #7765, #8271, #8762, .T. );
#6762 = EDGE_CURVE( '', #7767, #8269, #8763, .T. );
#6763 = EDGE_CURVE( '', #7739, #8297, #8764, .T. );
#6764 = EDGE_CURVE( '', #7737, #8299, #8765, .T. );
#6765 = EDGE_CURVE( '', #7741, #8295, #8766, .T. );
#6766 = EDGE_CURVE( '', #7743, #8293, #8767, .T. );
#6767 = EDGE_CURVE( '', #7745, #8291, #8768, .T. );
#6768 = EDGE_CURVE( '', #7747, #8289, #8769, .T. );
#6769 = EDGE_CURVE( '', #7749, #8287, #8770, .T. );
#6770 = EDGE_CURVE( '', #7751, #8285, #8771, .T. );
#6771 = EDGE_CURVE( '', #7723, #8313, #8772, .T. );
#6772 = EDGE_CURVE( '', #7721, #8315, #8773, .T. );
#6773 = EDGE_CURVE( '', #7725, #8311, #8774, .T. );
#6774 = EDGE_CURVE( '', #7727, #8309, #8775, .T. );
#6775 = EDGE_CURVE( '', #7729, #8307, #8776, .T. );
#6776 = EDGE_CURVE( '', #7731, #8305, #8777, .T. );
#6777 = EDGE_CURVE( '', #7733, #8303, #8778, .T. );
#6778 = EDGE_CURVE( '', #7735, #8301, #8779, .T. );
#6779 = EDGE_CURVE( '', #7707, #8329, #8780, .T. );
#6780 = EDGE_CURVE( '', #7705, #8331, #8781, .T. );
#6781 = EDGE_CURVE( '', #7709, #8327, #8782, .T. );
#6782 = EDGE_CURVE( '', #7711, #8325, #8783, .T. );
#6783 = EDGE_CURVE( '', #7713, #8323, #8784, .T. );
#6784 = EDGE_CURVE( '', #7715, #8321, #8785, .T. );
#6785 = EDGE_CURVE( '', #7717, #8319, #8786, .T. );
#6786 = EDGE_CURVE( '', #7719, #8317, #8787, .T. );
#6787 = EDGE_CURVE( '', #7691, #8345, #8788, .T. );
#6788 = EDGE_CURVE( '', #7689, #8347, #8789, .T. );
#6789 = EDGE_CURVE( '', #7693, #8343, #8790, .T. );
#6790 = EDGE_CURVE( '', #7695, #8341, #8791, .T. );
#6791 = EDGE_CURVE( '', #7697, #8339, #8792, .T. );
#6792 = EDGE_CURVE( '', #7699, #8337, #8793, .T. );
#6793 = EDGE_CURVE( '', #7701, #8335, #8794, .T. );
#6794 = EDGE_CURVE( '', #7703, #8333, #8795, .T. );
#6795 = EDGE_CURVE( '', #7675, #8361, #8796, .T. );
#6796 = EDGE_CURVE( '', #7673, #8363, #8797, .T. );
#6797 = EDGE_CURVE( '', #7677, #8359, #8798, .T. );
#6798 = EDGE_CURVE( '', #7679, #8357, #8799, .T. );
#6799 = EDGE_CURVE( '', #7681, #8355, #8800, .T. );
#6800 = EDGE_CURVE( '', #7683, #8353, #8801, .T. );
#6801 = EDGE_CURVE( '', #7685, #8351, #8802, .T. );
#6802 = EDGE_CURVE( '', #7687, #8349, #8803, .T. );
#6803 = EDGE_CURVE( '', #7659, #8377, #8804, .T. );
#6804 = EDGE_CURVE( '', #7657, #8379, #8805, .T. );
#6805 = EDGE_CURVE( '', #7661, #8375, #8806, .T. );
#6806 = EDGE_CURVE( '', #7663, #8373, #8807, .T. );
#6807 = EDGE_CURVE( '', #7665, #8371, #8808, .T. );
#6808 = EDGE_CURVE( '', #7667, #8369, #8809, .T. );
#6809 = EDGE_CURVE( '', #7669, #8367, #8810, .T. );
#6810 = EDGE_CURVE( '', #7671, #8365, #8811, .T. );
#6811 = EDGE_CURVE( '', #7643, #8393, #8812, .T. );
#6812 = EDGE_CURVE( '', #7641, #8395, #8813, .T. );
#6813 = EDGE_CURVE( '', #7645, #8391, #8814, .T. );
#6814 = EDGE_CURVE( '', #7647, #8389, #8815, .T. );
#6815 = EDGE_CURVE( '', #7649, #8387, #8816, .T. );
#6816 = EDGE_CURVE( '', #7651, #8385, #8817, .T. );
#6817 = EDGE_CURVE( '', #7653, #8383, #8818, .T. );
#6818 = EDGE_CURVE( '', #7655, #8381, #8819, .T. );
#6819 = EDGE_CURVE( '', #7627, #8409, #8820, .T. );
#6820 = EDGE_CURVE( '', #7625, #8411, #8821, .T. );
#6821 = EDGE_CURVE( '', #7629, #8407, #8822, .T. );
#6822 = EDGE_CURVE( '', #7631, #8405, #8823, .T. );
#6823 = EDGE_CURVE( '', #7633, #8403, #8824, .T. );
#6824 = EDGE_CURVE( '', #7635, #8401, #8825, .T. );
#6825 = EDGE_CURVE( '', #7637, #8399, #8826, .T. );
#6826 = EDGE_CURVE( '', #7639, #8397, #8827, .T. );
#6827 = EDGE_CURVE( '', #7611, #8425, #8828, .T. );
#6828 = EDGE_CURVE( '', #7609, #8427, #8829, .T. );
#6829 = EDGE_CURVE( '', #7613, #8423, #8830, .T. );
#6830 = EDGE_CURVE( '', #7615, #8421, #8831, .T. );
#6831 = EDGE_CURVE( '', #7617, #8419, #8832, .T. );
#6832 = EDGE_CURVE( '', #7619, #8417, #8833, .T. );
#6833 = EDGE_CURVE( '', #7621, #8415, #8834, .T. );
#6834 = EDGE_CURVE( '', #7623, #8413, #8835, .T. );
#6835 = EDGE_CURVE( '', #7595, #8441, #8836, .T. );
#6836 = EDGE_CURVE( '', #7593, #8443, #8837, .T. );
#6837 = EDGE_CURVE( '', #7597, #8439, #8838, .T. );
#6838 = EDGE_CURVE( '', #7599, #8437, #8839, .T. );
#6839 = EDGE_CURVE( '', #7601, #8435, #8840, .T. );
#6840 = EDGE_CURVE( '', #7603, #8433, #8841, .T. );
#6841 = EDGE_CURVE( '', #7605, #8431, #8842, .T. );
#6842 = EDGE_CURVE( '', #7607, #8429, #8843, .T. );
#6843 = EDGE_CURVE( '', #7579, #8457, #8844, .T. );
#6844 = EDGE_CURVE( '', #7577, #8459, #8845, .T. );
#6845 = EDGE_CURVE( '', #7581, #8455, #8846, .T. );
#6846 = EDGE_CURVE( '', #7583, #8453, #8847, .T. );
#6847 = EDGE_CURVE( '', #7585, #8451, #8848, .T. );
#6848 = EDGE_CURVE( '', #7587, #8449, #8849, .T. );
#6849 = EDGE_CURVE( '', #7589, #8447, #8850, .T. );
#6850 = EDGE_CURVE( '', #7591, #8445, #8851, .T. );
#6851 = EDGE_CURVE( '', #7563, #8473, #8852, .T. );
#6852 = EDGE_CURVE( '', #7561, #8475, #8853, .T. );
#6853 = EDGE_CURVE( '', #7565, #8471, #8854, .T. );
#6854 = EDGE_CURVE( '', #7567, #8469, #8855, .T. );
#6855 = EDGE_CURVE( '', #7569, #8467, #8856, .T. );
#6856 = EDGE_CURVE( '', #7571, #8465, #8857, .T. );
#6857 = EDGE_CURVE( '', #7573, #8463, #8858, .T. );
#6858 = EDGE_CURVE( '', #7575, #8461, #8859, .T. );
#6859 = EDGE_CURVE( '', #7547, #8489, #8860, .T. );
#6860 = EDGE_CURVE( '', #7545, #8491, #8861, .T. );
#6861 = EDGE_CURVE( '', #7549, #8487, #8862, .T. );
#6862 = EDGE_CURVE( '', #7551, #8485, #8863, .T. );
#6863 = EDGE_CURVE( '', #7553, #8483, #8864, .T. );
#6864 = EDGE_CURVE( '', #7555, #8481, #8865, .T. );
#6865 = EDGE_CURVE( '', #7557, #8479, #8866, .T. );
#6866 = EDGE_CURVE( '', #7559, #8477, #8867, .T. );
#6867 = EDGE_CURVE( '', #7531, #8505, #8868, .T. );
#6868 = EDGE_CURVE( '', #7529, #8507, #8869, .T. );
#6869 = EDGE_CURVE( '', #7533, #8503, #8870, .T. );
#6870 = EDGE_CURVE( '', #7535, #8501, #8871, .T. );
#6871 = EDGE_CURVE( '', #7537, #8499, #8872, .T. );
#6872 = EDGE_CURVE( '', #7539, #8497, #8873, .T. );
#6873 = EDGE_CURVE( '', #7541, #8495, #8874, .T. );
#6874 = EDGE_CURVE( '', #7543, #8493, #8875, .T. );
#6875 = EDGE_CURVE( '', #7515, #8521, #8876, .T. );
#6876 = EDGE_CURVE( '', #7513, #8523, #8877, .T. );
#6877 = EDGE_CURVE( '', #7517, #8519, #8878, .T. );
#6878 = EDGE_CURVE( '', #7519, #8517, #8879, .T. );
#6879 = EDGE_CURVE( '', #7521, #8515, #8880, .T. );
#6880 = EDGE_CURVE( '', #7523, #8513, #8881, .T. );
#6881 = EDGE_CURVE( '', #7525, #8511, #8882, .T. );
#6882 = EDGE_CURVE( '', #7527, #8509, #8883, .T. );
#6883 = EDGE_CURVE( '', #7499, #8537, #8884, .T. );
#6884 = EDGE_CURVE( '', #7497, #8539, #8885, .T. );
#6885 = EDGE_CURVE( '', #7501, #8535, #8886, .T. );
#6886 = EDGE_CURVE( '', #7503, #8533, #8887, .T. );
#6887 = EDGE_CURVE( '', #7505, #8531, #8888, .T. );
#6888 = EDGE_CURVE( '', #7507, #8529, #8889, .T. );
#6889 = EDGE_CURVE( '', #7509, #8527, #8890, .T. );
#6890 = EDGE_CURVE( '', #7511, #8525, #8891, .T. );
#6891 = EDGE_CURVE( '', #7483, #8553, #8892, .T. );
#6892 = EDGE_CURVE( '', #7481, #8555, #8893, .T. );
#6893 = EDGE_CURVE( '', #7485, #8551, #8894, .T. );
#6894 = EDGE_CURVE( '', #7487, #8549, #8895, .T. );
#6895 = EDGE_CURVE( '', #7489, #8547, #8896, .T. );
#6896 = EDGE_CURVE( '', #7491, #8545, #8897, .T. );
#6897 = EDGE_CURVE( '', #7493, #8543, #8898, .T. );
#6898 = EDGE_CURVE( '', #7495, #8541, #8899, .T. );
#6899 = EDGE_CURVE( '', #7467, #8569, #8900, .T. );
#6900 = EDGE_CURVE( '', #7465, #8571, #8901, .T. );
#6901 = EDGE_CURVE( '', #7469, #8567, #8902, .T. );
#6902 = EDGE_CURVE( '', #7471, #8565, #8903, .T. );
#6903 = EDGE_CURVE( '', #7473, #8563, #8904, .T. );
#6904 = EDGE_CURVE( '', #7475, #8561, #8905, .T. );
#6905 = EDGE_CURVE( '', #7477, #8559, #8906, .T. );
#6906 = EDGE_CURVE( '', #7479, #8557, #8907, .T. );
#6907 = EDGE_CURVE( '', #7451, #8585, #8908, .T. );
#6908 = EDGE_CURVE( '', #7449, #8587, #8909, .T. );
#6909 = EDGE_CURVE( '', #7453, #8583, #8910, .T. );
#6910 = EDGE_CURVE( '', #7455, #8581, #8911, .T. );
#6911 = EDGE_CURVE( '', #7457, #8579, #8912, .T. );
#6912 = EDGE_CURVE( '', #7459, #8577, #8913, .T. );
#6913 = EDGE_CURVE( '', #7461, #8575, #8914, .T. );
#6914 = EDGE_CURVE( '', #7463, #8573, #8915, .T. );
#6915 = EDGE_CURVE( '', #7435, #8601, #8916, .T. );
#6916 = EDGE_CURVE( '', #7433, #8603, #8917, .T. );
#6917 = EDGE_CURVE( '', #7437, #8599, #8918, .T. );
#6918 = EDGE_CURVE( '', #7439, #8597, #8919, .T. );
#6919 = EDGE_CURVE( '', #7441, #8595, #8920, .T. );
#6920 = EDGE_CURVE( '', #7443, #8593, #8921, .T. );
#6921 = EDGE_CURVE( '', #7445, #8591, #8922, .T. );
#6922 = EDGE_CURVE( '', #7447, #8589, #8923, .T. );
#6923 = EDGE_CURVE( '', #7419, #8617, #8924, .T. );
#6924 = EDGE_CURVE( '', #7417, #8619, #8925, .T. );
#6925 = EDGE_CURVE( '', #7421, #8615, #8926, .T. );
#6926 = EDGE_CURVE( '', #7423, #8613, #8927, .T. );
#6927 = EDGE_CURVE( '', #7425, #8611, #8928, .T. );
#6928 = EDGE_CURVE( '', #7427, #8609, #8929, .T. );
#6929 = EDGE_CURVE( '', #7429, #8607, #8930, .T. );
#6930 = EDGE_CURVE( '', #7431, #8605, #8931, .T. );
#6931 = EDGE_CURVE( '', #7403, #8633, #8932, .T. );
#6932 = EDGE_CURVE( '', #7401, #8635, #8933, .T. );
#6933 = EDGE_CURVE( '', #7405, #8631, #8934, .T. );
#6934 = EDGE_CURVE( '', #7407, #8629, #8935, .T. );
#6935 = EDGE_CURVE( '', #7409, #8627, #8936, .T. );
#6936 = EDGE_CURVE( '', #7411, #8625, #8937, .T. );
#6937 = EDGE_CURVE( '', #7413, #8623, #8938, .T. );
#6938 = EDGE_CURVE( '', #7415, #8621, #8939, .T. );
#6939 = EDGE_CURVE( '', #7387, #8649, #8940, .T. );
#6940 = EDGE_CURVE( '', #7385, #8651, #8941, .T. );
#6941 = EDGE_CURVE( '', #7389, #8647, #8942, .T. );
#6942 = EDGE_CURVE( '', #7391, #8645, #8943, .T. );
#6943 = EDGE_CURVE( '', #7393, #8643, #8944, .T. );
#6944 = EDGE_CURVE( '', #7395, #8641, #8945, .T. );
#6945 = EDGE_CURVE( '', #7397, #8639, #8946, .T. );
#6946 = EDGE_CURVE( '', #7399, #8637, #8947, .T. );
#6947 = EDGE_CURVE( '', #7371, #7961, #8948, .T. );
#6948 = EDGE_CURVE( '', #7369, #7963, #8949, .T. );
#6949 = EDGE_CURVE( '', #7373, #7958, #8950, .T. );
#6950 = EDGE_CURVE( '', #7375, #7959, #8951, .T. );
#6951 = EDGE_CURVE( '', #7377, #8659, #8952, .T. );
#6952 = EDGE_CURVE( '', #7379, #8657, #8953, .T. );
#6953 = EDGE_CURVE( '', #7381, #8655, #8954, .T. );
#6954 = EDGE_CURVE( '', #7383, #8653, #8955, .T. );
#6955 = EDGE_CURVE( '', #7355, #7977, #8956, .T. );
#6956 = EDGE_CURVE( '', #7353, #7979, #8957, .T. );
#6957 = EDGE_CURVE( '', #7357, #7975, #8958, .T. );
#6958 = EDGE_CURVE( '', #7359, #7973, #8959, .T. );
#6959 = EDGE_CURVE( '', #7361, #7971, #8960, .T. );
#6960 = EDGE_CURVE( '', #7363, #7969, #8961, .T. );
#6961 = EDGE_CURVE( '', #7365, #7967, #8962, .T. );
#6962 = EDGE_CURVE( '', #7367, #7965, #8963, .T. );
#6963 = EDGE_CURVE( '', #7339, #7993, #8964, .T. );
#6964 = EDGE_CURVE( '', #7337, #7995, #8965, .T. );
#6965 = EDGE_CURVE( '', #7341, #7991, #8966, .T. );
#6966 = EDGE_CURVE( '', #7343, #7989, #8967, .T. );
#6967 = EDGE_CURVE( '', #7345, #7987, #8968, .T. );
#6968 = EDGE_CURVE( '', #7347, #7985, #8969, .T. );
#6969 = EDGE_CURVE( '', #7349, #7983, #8970, .T. );
#6970 = EDGE_CURVE( '', #7351, #7981, #8971, .T. );
#6971 = EDGE_CURVE( '', #7323, #8009, #8972, .T. );
#6972 = EDGE_CURVE( '', #7321, #8011, #8973, .T. );
#6973 = EDGE_CURVE( '', #7325, #8007, #8974, .T. );
#6974 = EDGE_CURVE( '', #7327, #8005, #8975, .T. );
#6975 = EDGE_CURVE( '', #7329, #8003, #8976, .T. );
#6976 = EDGE_CURVE( '', #7331, #8001, #8977, .T. );
#6977 = EDGE_CURVE( '', #7333, #7999, #8978, .T. );
#6978 = EDGE_CURVE( '', #7335, #7997, #8979, .T. );
#6979 = EDGE_CURVE( '', #7307, #8025, #8980, .T. );
#6980 = EDGE_CURVE( '', #7305, #8027, #8981, .T. );
#6981 = EDGE_CURVE( '', #7309, #8023, #8982, .T. );
#6982 = EDGE_CURVE( '', #7311, #8021, #8983, .T. );
#6983 = EDGE_CURVE( '', #7313, #8019, #8984, .T. );
#6984 = EDGE_CURVE( '', #7315, #8017, #8985, .T. );
#6985 = EDGE_CURVE( '', #7317, #8015, #8986, .T. );
#6986 = EDGE_CURVE( '', #7319, #8013, #8987, .T. );
#6987 = EDGE_CURVE( '', #7291, #8041, #8988, .T. );
#6988 = EDGE_CURVE( '', #7289, #8043, #8989, .T. );
#6989 = EDGE_CURVE( '', #7293, #8039, #8990, .T. );
#6990 = EDGE_CURVE( '', #7295, #8037, #8991, .T. );
#6991 = EDGE_CURVE( '', #7297, #8035, #8992, .T. );
#6992 = EDGE_CURVE( '', #7299, #8033, #8993, .T. );
#6993 = EDGE_CURVE( '', #7301, #8031, #8994, .T. );
#6994 = EDGE_CURVE( '', #7303, #8029, #8995, .T. );
#6995 = EDGE_CURVE( '', #7275, #8057, #8996, .T. );
#6996 = EDGE_CURVE( '', #7273, #8059, #8997, .T. );
#6997 = EDGE_CURVE( '', #7277, #8055, #8998, .T. );
#6998 = EDGE_CURVE( '', #7279, #8053, #8999, .T. );
#6999 = EDGE_CURVE( '', #7281, #8051, #9000, .T. );
#7000 = EDGE_CURVE( '', #7283, #8049, #9001, .T. );
#7001 = EDGE_CURVE( '', #7285, #8047, #9002, .T. );
#7002 = EDGE_CURVE( '', #7287, #8045, #9003, .T. );
#7003 = EDGE_CURVE( '', #7259, #8073, #9004, .T. );
#7004 = EDGE_CURVE( '', #7257, #8075, #9005, .T. );
#7005 = EDGE_CURVE( '', #7261, #8071, #9006, .T. );
#7006 = EDGE_CURVE( '', #7263, #8069, #9007, .T. );
#7007 = EDGE_CURVE( '', #7265, #8067, #9008, .T. );
#7008 = EDGE_CURVE( '', #7267, #8065, #9009, .T. );
#7009 = EDGE_CURVE( '', #7269, #8063, #9010, .T. );
#7010 = EDGE_CURVE( '', #7271, #8061, #9011, .T. );
#7011 = EDGE_CURVE( '', #7947, #8089, #9012, .T. );
#7012 = EDGE_CURVE( '', #7945, #8091, #9013, .T. );
#7013 = EDGE_CURVE( '', #7949, #8087, #9014, .T. );
#7014 = EDGE_CURVE( '', #7249, #8085, #9015, .T. );
#7015 = EDGE_CURVE( '', #7248, #8083, #9016, .T. );
#7016 = EDGE_CURVE( '', #7251, #8081, #9017, .T. );
#7017 = EDGE_CURVE( '', #7253, #8079, #9018, .T. );
#7018 = EDGE_CURVE( '', #7255, #8077, #9019, .T. );
#7019 = EDGE_CURVE( '', #9020, #9020, #9021, .T. );
#7020 = EDGE_CURVE( '', #9022, #9022, #9023, .T. );
#7021 = EDGE_CURVE( '', #9024, #9024, #9025, .T. );
#7022 = EDGE_CURVE( '', #7225, #7142, #9026, .T. );
#7023 = EDGE_CURVE( '', #7223, #7144, #9027, .T. );
#7024 = EDGE_CURVE( '', #7213, #7140, #9028, .T. );
#7025 = EDGE_CURVE( '', #7221, #7146, #9029, .T. );
#7026 = EDGE_CURVE( '', #7219, #7148, #9030, .T. );
#7027 = EDGE_CURVE( '', #7217, #7136, #9031, .T. );
#7028 = EDGE_CURVE( '', #7215, #7135, #9032, .T. );
#7029 = EDGE_CURVE( '', #7212, #7138, #9033, .T. );
#7030 = EDGE_CURVE( '', #7165, #7098, #9034, .T. );
#7031 = EDGE_CURVE( '', #7162, #7086, #9035, .T. );
#7032 = EDGE_CURVE( '', #7167, #7096, #9036, .T. );
#7033 = EDGE_CURVE( '', #7169, #7094, #9037, .T. );
#7034 = EDGE_CURVE( '', #7171, #7092, #9038, .T. );
#7035 = EDGE_CURVE( '', #7173, #7090, #9039, .T. );
#7036 = EDGE_CURVE( '', #7175, #7088, #9040, .T. );
#7037 = EDGE_CURVE( '', #7163, #7085, #9041, .T. );
#7038 = EDGE_CURVE( '', #7199, #7132, #9042, .T. );
#7039 = EDGE_CURVE( '', #7196, #7120, #9043, .T. );
#7040 = EDGE_CURVE( '', #7201, #7130, #9044, .T. );
#7041 = EDGE_CURVE( '', #7203, #7128, #9045, .T. );
#7042 = EDGE_CURVE( '', #7205, #7126, #9046, .T. );
#7043 = EDGE_CURVE( '', #7207, #7124, #9047, .T. );
#7044 = EDGE_CURVE( '', #7209, #7122, #9048, .T. );
#7045 = EDGE_CURVE( '', #7197, #7119, #9049, .T. );
#7046 = EDGE_CURVE( '', #7183, #7116, #9050, .T. );
#7047 = EDGE_CURVE( '', #7185, #7114, #9051, .T. );
#7048 = EDGE_CURVE( '', #7187, #7112, #9052, .T. );
#7049 = EDGE_CURVE( '', #7189, #7110, #9053, .T. );
#7050 = EDGE_CURVE( '', #7191, #7108, #9054, .T. );
#7051 = EDGE_CURVE( '', #7193, #7106, #9055, .T. );
#7052 = EDGE_CURVE( '', #7159, #7076, #9056, .T. );
#7053 = EDGE_CURVE( '', #7157, #7078, #9057, .T. );
#7054 = EDGE_CURVE( '', #7155, #7080, #9058, .T. );
#7055 = EDGE_CURVE( '', #7153, #7082, #9059, .T. );
#7056 = VERTEX_POINT( '', #9060 );
#7057 = VERTEX_POINT( '', #9061 );
#7058 = LINE( '', #9062, #9063 );
#7059 = VERTEX_POINT( '', #9064 );
#7060 = LINE( '', #9065, #9066 );
#7061 = VERTEX_POINT( '', #9067 );
#7062 = LINE( '', #9068, #9069 );
#7063 = LINE( '', #9070, #9071 );
#7064 = VERTEX_POINT( '', #9072 );
#7065 = CIRCLE( '', #9073, 3.00000000000000 );
#7066 = VERTEX_POINT( '', #9074 );
#7067 = CIRCLE( '', #9075, 3.00000000000000 );
#7068 = LINE( '', #9076, #9077 );
#7069 = VERTEX_POINT( '', #9078 );
#7070 = CIRCLE( '', #9079, 5.00000000000000 );
#7071 = VERTEX_POINT( '', #9080 );
#7072 = LINE( '', #9081, #9082 );
#7073 = CIRCLE( '', #9083, 5.00000000000000 );
#7074 = VERTEX_POINT( '', #9084 );
#7075 = CIRCLE( '', #9085, 75.0000000000000 );
#7076 = VERTEX_POINT( '', #9086 );
#7077 = CIRCLE( '', #9087, 45.0000000000000 );
#7078 = VERTEX_POINT( '', #9088 );
#7079 = CIRCLE( '', #9089, 3.00000000000000 );
#7080 = VERTEX_POINT( '', #9090 );
#7081 = LINE( '', #9091, #9092 );
#7082 = VERTEX_POINT( '', #9093 );
#7083 = CIRCLE( '', #9094, 5.00000000000000 );
#7084 = CIRCLE( '', #9095, 70.0000000000000 );
#7085 = VERTEX_POINT( '', #9096 );
#7086 = VERTEX_POINT( '', #9097 );
#7087 = LINE( '', #9098, #9099 );
#7088 = VERTEX_POINT( '', #9100 );
#7089 = CIRCLE( '', #9101, 5.00000000000000 );
#7090 = VERTEX_POINT( '', #9102 );
#7091 = CIRCLE( '', #9103, 70.0000000000000 );
#7092 = VERTEX_POINT( '', #9104 );
#7093 = CIRCLE( '', #9105, 5.00000000000000 );
#7094 = VERTEX_POINT( '', #9106 );
#7095 = LINE( '', #9107, #9108 );
#7096 = VERTEX_POINT( '', #9109 );
#7097 = CIRCLE( '', #9110, 3.00000000000000 );
#7098 = VERTEX_POINT( '', #9111 );
#7099 = CIRCLE( '', #9112, 45.0000000000000 );
#7100 = CIRCLE( '', #9113, 3.00000000000000 );
#7101 = VERTEX_POINT( '', #9114 );
#7102 = CIRCLE( '', #9115, 40.0000000000000 );
#7103 = VERTEX_POINT( '', #9116 );
#7104 = VERTEX_POINT( '', #9117 );
#7105 = CIRCLE( '', #9118, 70.0000000000000 );
#7106 = VERTEX_POINT( '', #9119 );
#7107 = CIRCLE( '', #9120, 5.00000000000000 );
#7108 = VERTEX_POINT( '', #9121 );
#7109 = LINE( '', #9122, #9123 );
#7110 = VERTEX_POINT( '', #9124 );
#7111 = CIRCLE( '', #9125, 3.00000000000000 );
#7112 = VERTEX_POINT( '', #9126 );
#7113 = CIRCLE( '', #9127, 45.0000000000000 );
#7114 = VERTEX_POINT( '', #9128 );
#7115 = CIRCLE( '', #9129, 3.00000000000000 );
#7116 = VERTEX_POINT( '', #9130 );
#7117 = LINE( '', #9131, #9132 );
#7118 = CIRCLE( '', #9133, 5.00000000000000 );
#7119 = VERTEX_POINT( '', #9134 );
#7120 = VERTEX_POINT( '', #9135 );
#7121 = CIRCLE( '', #9136, 5.00000000000000 );
#7122 = VERTEX_POINT( '', #9137 );
#7123 = CIRCLE( '', #9138, 70.0000000000000 );
#7124 = VERTEX_POINT( '', #9139 );
#7125 = CIRCLE( '', #9140, 5.00000000000000 );
#7126 = VERTEX_POINT( '', #9141 );
#7127 = LINE( '', #9142, #9143 );
#7128 = VERTEX_POINT( '', #9144 );
#7129 = CIRCLE( '', #9145, 3.00000000000000 );
#7130 = VERTEX_POINT( '', #9146 );
#7131 = CIRCLE( '', #9147, 45.0000000000000 );
#7132 = VERTEX_POINT( '', #9148 );
#7133 = CIRCLE( '', #9149, 3.00000000000000 );
#7134 = LINE( '', #9150, #9151 );
#7135 = VERTEX_POINT( '', #9152 );
#7136 = VERTEX_POINT( '', #9153 );
#7137 = CIRCLE( '', #9154, 3.00000000000000 );
#7138 = VERTEX_POINT( '', #9155 );
#7139 = CIRCLE( '', #9156, 45.0000000000000 );
#7140 = VERTEX_POINT( '', #9157 );
#7141 = CIRCLE( '', #9158, 3.00000000000000 );
#7142 = VERTEX_POINT( '', #9159 );
#7143 = LINE( '', #9160, #9161 );
#7144 = VERTEX_POINT( '', #9162 );
#7145 = CIRCLE( '', #9163, 5.00000000000000 );
#7146 = VERTEX_POINT( '', #9164 );
#7147 = CIRCLE( '', #9165, 70.0000000000000 );
#7148 = VERTEX_POINT( '', #9166 );
#7149 = CIRCLE( '', #9167, 5.00000000000000 );
#7150 = LINE( '', #9168, #9169 );
#7151 = VERTEX_POINT( '', #9170 );
#7152 = CIRCLE( '', #9171, 40.0000000000000 );
#7153 = VERTEX_POINT( '', #9172 );
#7154 = CIRCLE( '', #9173, 70.0000000000000 );
#7155 = VERTEX_POINT( '', #9174 );
#7156 = CIRCLE( '', #9175, 5.00000000000000 );
#7157 = VERTEX_POINT( '', #9176 );
#7158 = LINE( '', #9177, #9178 );
#7159 = VERTEX_POINT( '', #9179 );
#7160 = CIRCLE( '', #9180, 3.00000000000000 );
#7161 = CIRCLE( '', #9181, 45.0000000000000 );
#7162 = VERTEX_POINT( '', #9182 );
#7163 = VERTEX_POINT( '', #9183 );
#7164 = LINE( '', #9184, #9185 );
#7165 = VERTEX_POINT( '', #9186 );
#7166 = CIRCLE( '', #9187, 3.00000000000000 );
#7167 = VERTEX_POINT( '', #9188 );
#7168 = CIRCLE( '', #9189, 45.0000000000000 );
#7169 = VERTEX_POINT( '', #9190 );
#7170 = CIRCLE( '', #9191, 3.00000000000000 );
#7171 = VERTEX_POINT( '', #9192 );
#7172 = LINE( '', #9193, #9194 );
#7173 = VERTEX_POINT( '', #9195 );
#7174 = CIRCLE( '', #9196, 5.00000000000000 );
#7175 = VERTEX_POINT( '', #9197 );
#7176 = CIRCLE( '', #9198, 70.0000000000000 );
#7177 = CIRCLE( '', #9199, 5.00000000000000 );
#7178 = VERTEX_POINT( '', #9200 );
#7179 = CIRCLE( '', #9201, 75.0000000000000 );
#7180 = VERTEX_POINT( '', #9202 );
#7181 = VERTEX_POINT( '', #9203 );
#7182 = CIRCLE( '', #9204, 70.0000000000000 );
#7183 = VERTEX_POINT( '', #9205 );
#7184 = CIRCLE( '', #9206, 5.00000000000000 );
#7185 = VERTEX_POINT( '', #9207 );
#7186 = LINE( '', #9208, #9209 );
#7187 = VERTEX_POINT( '', #9210 );
#7188 = CIRCLE( '', #9211, 3.00000000000000 );
#7189 = VERTEX_POINT( '', #9212 );
#7190 = CIRCLE( '', #9213, 45.0000000000000 );
#7191 = VERTEX_POINT( '', #9214 );
#7192 = CIRCLE( '', #9215, 3.00000000000000 );
#7193 = VERTEX_POINT( '', #9216 );
#7194 = LINE( '', #9217, #9218 );
#7195 = CIRCLE( '', #9219, 5.00000000000000 );
#7196 = VERTEX_POINT( '', #9220 );
#7197 = VERTEX_POINT( '', #9221 );
#7198 = CIRCLE( '', #9222, 5.00000000000000 );
#7199 = VERTEX_POINT( '', #9223 );
#7200 = LINE( '', #9224, #9225 );
#7201 = VERTEX_POINT( '', #9226 );
#7202 = CIRCLE( '', #9227, 3.00000000000000 );
#7203 = VERTEX_POINT( '', #9228 );
#7204 = CIRCLE( '', #9229, 45.0000000000000 );
#7205 = VERTEX_POINT( '', #9230 );
#7206 = CIRCLE( '', #9231, 3.00000000000000 );
#7207 = VERTEX_POINT( '', #9232 );
#7208 = LINE( '', #9233, #9234 );
#7209 = VERTEX_POINT( '', #9235 );
#7210 = CIRCLE( '', #9236, 5.00000000000000 );
#7211 = CIRCLE( '', #9237, 70.0000000000000 );
#7212 = VERTEX_POINT( '', #9238 );
#7213 = VERTEX_POINT( '', #9239 );
#7214 = CIRCLE( '', #9240, 3.00000000000000 );
#7215 = VERTEX_POINT( '', #9241 );
#7216 = CIRCLE( '', #9242, 45.0000000000000 );
#7217 = VERTEX_POINT( '', #9243 );
#7218 = CIRCLE( '', #9244, 3.00000000000000 );
#7219 = VERTEX_POINT( '', #9245 );
#7220 = LINE( '', #9246, #9247 );
#7221 = VERTEX_POINT( '', #9248 );
#7222 = CIRCLE( '', #9249, 5.00000000000000 );
#7223 = VERTEX_POINT( '', #9250 );
#7224 = CIRCLE( '', #9251, 70.0000000000000 );
#7225 = VERTEX_POINT( '', #9252 );
#7226 = CIRCLE( '', #9253, 5.00000000000000 );
#7227 = LINE( '', #9254, #9255 );
#7228 = VERTEX_POINT( '', #9256 );
#7229 = CIRCLE( '', #9257, 40.0000000000000 );
#7230 = VERTEX_POINT( '', #9258 );
#7231 = CIRCLE( '', #9259, 75.0000000000000 );
#7232 = VERTEX_POINT( '', #9260 );
#7233 = CIRCLE( '', #9261, 9.00000000000000 );
#7234 = VERTEX_POINT( '', #9262 );
#7235 = CIRCLE( '', #9263, 9.00000000000000 );
#7236 = LINE( '', #9264, #9265 );
#7237 = LINE( '', #9266, #9267 );
#7238 = VERTEX_POINT( '', #9268 );
#7239 = CIRCLE( '', #9269, 82.5000000000000 );
#7240 = VERTEX_POINT( '', #9270 );
#7241 = CIRCLE( '', #9271, 82.5000000000000 );
#7242 = VERTEX_POINT( '', #9272 );
#7243 = CIRCLE( '', #9273, 92.0000000000000 );
#7244 = VERTEX_POINT( '', #9274 );
#7245 = CIRCLE( '', #9275, 92.0000000000000 );
#7246 = VERTEX_POINT( '', #9276 );
#7247 = CIRCLE( '', #9277, 89.5000000000000 );
#7248 = VERTEX_POINT( '', #9278 );
#7249 = VERTEX_POINT( '', #9279 );
#7250 = LINE( '', #9280, #9281 );
#7251 = VERTEX_POINT( '', #9282 );
#7252 = CIRCLE( '', #9283, 1.60000000000000 );
#7253 = VERTEX_POINT( '', #9284 );
#7254 = LINE( '', #9285, #9286 );
#7255 = VERTEX_POINT( '', #9287 );
#7256 = CIRCLE( '', #9288, 1.60000000000000 );
#7257 = VERTEX_POINT( '', #9289 );
#7258 = CIRCLE( '', #9290, 88.2500000000000 );
#7259 = VERTEX_POINT( '', #9291 );
#7260 = CIRCLE( '', #9292, 1.60000000000000 );
#7261 = VERTEX_POINT( '', #9293 );
#7262 = LINE( '', #9294, #9295 );
#7263 = VERTEX_POINT( '', #9296 );
#7264 = CIRCLE( '', #9297, 1.60000000000000 );
#7265 = VERTEX_POINT( '', #9298 );
#7266 = LINE( '', #9299, #9300 );
#7267 = VERTEX_POINT( '', #9301 );
#7268 = CIRCLE( '', #9302, 1.60000000000000 );
#7269 = VERTEX_POINT( '', #9303 );
#7270 = LINE( '', #9304, #9305 );
#7271 = VERTEX_POINT( '', #9306 );
#7272 = CIRCLE( '', #9307, 1.60000000000000 );
#7273 = VERTEX_POINT( '', #9308 );
#7274 = CIRCLE( '', #9309, 88.2500000000000 );
#7275 = VERTEX_POINT( '', #9310 );
#7276 = CIRCLE( '', #9311, 1.60000000000000 );
#7277 = VERTEX_POINT( '', #9312 );
#7278 = LINE( '', #9313, #9314 );
#7279 = VERTEX_POINT( '', #9315 );
#7280 = CIRCLE( '', #9316, 1.60000000000000 );
#7281 = VERTEX_POINT( '', #9317 );
#7282 = LINE( '', #9318, #9319 );
#7283 = VERTEX_POINT( '', #9320 );
#7284 = CIRCLE( '', #9321, 1.60000000000000 );
#7285 = VERTEX_POINT( '', #9322 );
#7286 = LINE( '', #9323, #9324 );
#7287 = VERTEX_POINT( '', #9325 );
#7288 = CIRCLE( '', #9326, 1.60000000000000 );
#7289 = VERTEX_POINT( '', #9327 );
#7290 = CIRCLE( '', #9328, 88.2500000000000 );
#7291 = VERTEX_POINT( '', #9329 );
#7292 = CIRCLE( '', #9330, 1.60000000000000 );
#7293 = VERTEX_POINT( '', #9331 );
#7294 = LINE( '', #9332, #9333 );
#7295 = VERTEX_POINT( '', #9334 );
#7296 = CIRCLE( '', #9335, 1.60000000000000 );
#7297 = VERTEX_POINT( '', #9336 );
#7298 = LINE( '', #9337, #9338 );
#7299 = VERTEX_POINT( '', #9339 );
#7300 = CIRCLE( '', #9340, 1.60000000000000 );
#7301 = VERTEX_POINT( '', #9341 );
#7302 = LINE( '', #9342, #9343 );
#7303 = VERTEX_POINT( '', #9344 );
#7304 = CIRCLE( '', #9345, 1.60000000000000 );
#7305 = VERTEX_POINT( '', #9346 );
#7306 = CIRCLE( '', #9347, 88.2500000000000 );
#7307 = VERTEX_POINT( '', #9348 );
#7308 = CIRCLE( '', #9349, 1.60000000000000 );
#7309 = VERTEX_POINT( '', #9350 );
#7310 = LINE( '', #9351, #9352 );
#7311 = VERTEX_POINT( '', #9353 );
#7312 = CIRCLE( '', #9354, 1.60000000000000 );
#7313 = VERTEX_POINT( '', #9355 );
#7314 = LINE( '', #9356, #9357 );
#7315 = VERTEX_POINT( '', #9358 );
#7316 = CIRCLE( '', #9359, 1.60000000000000 );
#7317 = VERTEX_POINT( '', #9360 );
#7318 = LINE( '', #9361, #9362 );
#7319 = VERTEX_POINT( '', #9363 );
#7320 = CIRCLE( '', #9364, 1.60000000000000 );
#7321 = VERTEX_POINT( '', #9365 );
#7322 = CIRCLE( '', #9366, 88.2500000000000 );
#7323 = VERTEX_POINT( '', #9367 );
#7324 = CIRCLE( '', #9368, 1.60000000000000 );
#7325 = VERTEX_POINT( '', #9369 );
#7326 = LINE( '', #9370, #9371 );
#7327 = VERTEX_POINT( '', #9372 );
#7328 = CIRCLE( '', #9373, 1.60000000000000 );
#7329 = VERTEX_POINT( '', #9374 );
#7330 = LINE( '', #9375, #9376 );
#7331 = VERTEX_POINT( '', #9377 );
#7332 = CIRCLE( '', #9378, 1.60000000000000 );
#7333 = VERTEX_POINT( '', #9379 );
#7334 = LINE( '', #9380, #9381 );
#7335 = VERTEX_POINT( '', #9382 );
#7336 = CIRCLE( '', #9383, 1.60000000000000 );
#7337 = VERTEX_POINT( '', #9384 );
#7338 = CIRCLE( '', #9385, 88.2500000000000 );
#7339 = VERTEX_POINT( '', #9386 );
#7340 = CIRCLE( '', #9387, 1.60000000000000 );
#7341 = VERTEX_POINT( '', #9388 );
#7342 = LINE( '', #9389, #9390 );
#7343 = VERTEX_POINT( '', #9391 );
#7344 = CIRCLE( '', #9392, 1.60000000000000 );
#7345 = VERTEX_POINT( '', #9393 );
#7346 = LINE( '', #9394, #9395 );
#7347 = VERTEX_POINT( '', #9396 );
#7348 = CIRCLE( '', #9397, 1.60000000000000 );
#7349 = VERTEX_POINT( '', #9398 );
#7350 = LINE( '', #9399, #9400 );
#7351 = VERTEX_POINT( '', #9401 );
#7352 = CIRCLE( '', #9402, 1.60000000000000 );
#7353 = VERTEX_POINT( '', #9403 );
#7354 = CIRCLE( '', #9404, 88.2500000000000 );
#7355 = VERTEX_POINT( '', #9405 );
#7356 = CIRCLE( '', #9406, 1.60000000000000 );
#7357 = VERTEX_POINT( '', #9407 );
#7358 = LINE( '', #9408, #9409 );
#7359 = VERTEX_POINT( '', #9410 );
#7360 = CIRCLE( '', #9411, 1.60000000000000 );
#7361 = VERTEX_POINT( '', #9412 );
#7362 = LINE( '', #9413, #9414 );
#7363 = VERTEX_POINT( '', #9415 );
#7364 = CIRCLE( '', #9416, 1.60000000000000 );
#7365 = VERTEX_POINT( '', #9417 );
#7366 = LINE( '', #9418, #9419 );
#7367 = VERTEX_POINT( '', #9420 );
#7368 = CIRCLE( '', #9421, 1.60000000000000 );
#7369 = VERTEX_POINT( '', #9422 );
#7370 = CIRCLE( '', #9423, 88.2500000000000 );
#7371 = VERTEX_POINT( '', #9424 );
#7372 = CIRCLE( '', #9425, 1.60000000000000 );
#7373 = VERTEX_POINT( '', #9426 );
#7374 = LINE( '', #9427, #9428 );
#7375 = VERTEX_POINT( '', #9429 );
#7376 = CIRCLE( '', #9430, 1.60000000000000 );
#7377 = VERTEX_POINT( '', #9431 );
#7378 = LINE( '', #9432, #9433 );
#7379 = VERTEX_POINT( '', #9434 );
#7380 = CIRCLE( '', #9435, 1.60000000000000 );
#7381 = VERTEX_POINT( '', #9436 );
#7382 = LINE( '', #9437, #9438 );
#7383 = VERTEX_POINT( '', #9439 );
#7384 = CIRCLE( '', #9440, 1.60000000000000 );
#7385 = VERTEX_POINT( '', #9441 );
#7386 = CIRCLE( '', #9442, 88.2500000000000 );
#7387 = VERTEX_POINT( '', #9443 );
#7388 = CIRCLE( '', #9444, 1.60000000000000 );
#7389 = VERTEX_POINT( '', #9445 );
#7390 = LINE( '', #9446, #9447 );
#7391 = VERTEX_POINT( '', #9448 );
#7392 = CIRCLE( '', #9449, 1.60000000000000 );
#7393 = VERTEX_POINT( '', #9450 );
#7394 = LINE( '', #9451, #9452 );
#7395 = VERTEX_POINT( '', #9453 );
#7396 = CIRCLE( '', #9454, 1.60000000000000 );
#7397 = VERTEX_POINT( '', #9455 );
#7398 = LINE( '', #9456, #9457 );
#7399 = VERTEX_POINT( '', #9458 );
#7400 = CIRCLE( '', #9459, 1.60000000000000 );
#7401 = VERTEX_POINT( '', #9460 );
#7402 = CIRCLE( '', #9461, 88.2500000000000 );
#7403 = VERTEX_POINT( '', #9462 );
#7404 = CIRCLE( '', #9463, 1.60000000000000 );
#7405 = VERTEX_POINT( '', #9464 );
#7406 = LINE( '', #9465, #9466 );
#7407 = VERTEX_POINT( '', #9467 );
#7408 = CIRCLE( '', #9468, 1.60000000000000 );
#7409 = VERTEX_POINT( '', #9469 );
#7410 = LINE( '', #9470, #9471 );
#7411 = VERTEX_POINT( '', #9472 );
#7412 = CIRCLE( '', #9473, 1.60000000000000 );
#7413 = VERTEX_POINT( '', #9474 );
#7414 = LINE( '', #9475, #9476 );
#7415 = VERTEX_POINT( '', #9477 );
#7416 = CIRCLE( '', #9478, 1.60000000000000 );
#7417 = VERTEX_POINT( '', #9479 );
#7418 = CIRCLE( '', #9480, 88.2500000000000 );
#7419 = VERTEX_POINT( '', #9481 );
#7420 = CIRCLE( '', #9482, 1.60000000000000 );
#7421 = VERTEX_POINT( '', #9483 );
#7422 = LINE( '', #9484, #9485 );
#7423 = VERTEX_POINT( '', #9486 );
#7424 = CIRCLE( '', #9487, 1.60000000000000 );
#7425 = VERTEX_POINT( '', #9488 );
#7426 = LINE( '', #9489, #9490 );
#7427 = VERTEX_POINT( '', #9491 );
#7428 = CIRCLE( '', #9492, 1.60000000000000 );
#7429 = VERTEX_POINT( '', #9493 );
#7430 = LINE( '', #9494, #9495 );
#7431 = VERTEX_POINT( '', #9496 );
#7432 = CIRCLE( '', #9497, 1.60000000000000 );
#7433 = VERTEX_POINT( '', #9498 );
#7434 = CIRCLE( '', #9499, 88.2500000000000 );
#7435 = VERTEX_POINT( '', #9500 );
#7436 = CIRCLE( '', #9501, 1.60000000000000 );
#7437 = VERTEX_POINT( '', #9502 );
#7438 = LINE( '', #9503, #9504 );
#7439 = VERTEX_POINT( '', #9505 );
#7440 = CIRCLE( '', #9506, 1.60000000000000 );
#7441 = VERTEX_POINT( '', #9507 );
#7442 = LINE( '', #9508, #9509 );
#7443 = VERTEX_POINT( '', #9510 );
#7444 = CIRCLE( '', #9511, 1.60000000000000 );
#7445 = VERTEX_POINT( '', #9512 );
#7446 = LINE( '', #9513, #9514 );
#7447 = VERTEX_POINT( '', #9515 );
#7448 = CIRCLE( '', #9516, 1.60000000000000 );
#7449 = VERTEX_POINT( '', #9517 );
#7450 = CIRCLE( '', #9518, 88.2500000000000 );
#7451 = VERTEX_POINT( '', #9519 );
#7452 = CIRCLE( '', #9520, 1.60000000000000 );
#7453 = VERTEX_POINT( '', #9521 );
#7454 = LINE( '', #9522, #9523 );
#7455 = VERTEX_POINT( '', #9524 );
#7456 = CIRCLE( '', #9525, 1.60000000000000 );
#7457 = VERTEX_POINT( '', #9526 );
#7458 = LINE( '', #9527, #9528 );
#7459 = VERTEX_POINT( '', #9529 );
#7460 = CIRCLE( '', #9530, 1.60000000000000 );
#7461 = VERTEX_POINT( '', #9531 );
#7462 = LINE( '', #9532, #9533 );
#7463 = VERTEX_POINT( '', #9534 );
#7464 = CIRCLE( '', #9535, 1.60000000000000 );
#7465 = VERTEX_POINT( '', #9536 );
#7466 = CIRCLE( '', #9537, 88.2500000000000 );
#7467 = VERTEX_POINT( '', #9538 );
#7468 = CIRCLE( '', #9539, 1.60000000000000 );
#7469 = VERTEX_POINT( '', #9540 );
#7470 = LINE( '', #9541, #9542 );
#7471 = VERTEX_POINT( '', #9543 );
#7472 = CIRCLE( '', #9544, 1.60000000000000 );
#7473 = VERTEX_POINT( '', #9545 );
#7474 = LINE( '', #9546, #9547 );
#7475 = VERTEX_POINT( '', #9548 );
#7476 = CIRCLE( '', #9549, 1.60000000000000 );
#7477 = VERTEX_POINT( '', #9550 );
#7478 = LINE( '', #9551, #9552 );
#7479 = VERTEX_POINT( '', #9553 );
#7480 = CIRCLE( '', #9554, 1.60000000000000 );
#7481 = VERTEX_POINT( '', #9555 );
#7482 = CIRCLE( '', #9556, 88.2500000000000 );
#7483 = VERTEX_POINT( '', #9557 );
#7484 = CIRCLE( '', #9558, 1.60000000000000 );
#7485 = VERTEX_POINT( '', #9559 );
#7486 = LINE( '', #9560, #9561 );
#7487 = VERTEX_POINT( '', #9562 );
#7488 = CIRCLE( '', #9563, 1.60000000000000 );
#7489 = VERTEX_POINT( '', #9564 );
#7490 = LINE( '', #9565, #9566 );
#7491 = VERTEX_POINT( '', #9567 );
#7492 = CIRCLE( '', #9568, 1.60000000000000 );
#7493 = VERTEX_POINT( '', #9569 );
#7494 = LINE( '', #9570, #9571 );
#7495 = VERTEX_POINT( '', #9572 );
#7496 = CIRCLE( '', #9573, 1.60000000000000 );
#7497 = VERTEX_POINT( '', #9574 );
#7498 = CIRCLE( '', #9575, 88.2500000000000 );
#7499 = VERTEX_POINT( '', #9576 );
#7500 = CIRCLE( '', #9577, 1.60000000000000 );
#7501 = VERTEX_POINT( '', #9578 );
#7502 = LINE( '', #9579, #9580 );
#7503 = VERTEX_POINT( '', #9581 );
#7504 = CIRCLE( '', #9582, 1.60000000000000 );
#7505 = VERTEX_POINT( '', #9583 );
#7506 = LINE( '', #9584, #9585 );
#7507 = VERTEX_POINT( '', #9586 );
#7508 = CIRCLE( '', #9587, 1.60000000000000 );
#7509 = VERTEX_POINT( '', #9588 );
#7510 = LINE( '', #9589, #9590 );
#7511 = VERTEX_POINT( '', #9591 );
#7512 = CIRCLE( '', #9592, 1.60000000000000 );
#7513 = VERTEX_POINT( '', #9593 );
#7514 = CIRCLE( '', #9594, 88.2500000000000 );
#7515 = VERTEX_POINT( '', #9595 );
#7516 = CIRCLE( '', #9596, 1.60000000000000 );
#7517 = VERTEX_POINT( '', #9597 );
#7518 = LINE( '', #9598, #9599 );
#7519 = VERTEX_POINT( '', #9600 );
#7520 = CIRCLE( '', #9601, 1.60000000000000 );
#7521 = VERTEX_POINT( '', #9602 );
#7522 = LINE( '', #9603, #9604 );
#7523 = VERTEX_POINT( '', #9605 );
#7524 = CIRCLE( '', #9606, 1.60000000000000 );
#7525 = VERTEX_POINT( '', #9607 );
#7526 = LINE( '', #9608, #9609 );
#7527 = VERTEX_POINT( '', #9610 );
#7528 = CIRCLE( '', #9611, 1.60000000000000 );
#7529 = VERTEX_POINT( '', #9612 );
#7530 = CIRCLE( '', #9613, 88.2500000000000 );
#7531 = VERTEX_POINT( '', #9614 );
#7532 = CIRCLE( '', #9615, 1.60000000000000 );
#7533 = VERTEX_POINT( '', #9616 );
#7534 = LINE( '', #9617, #9618 );
#7535 = VERTEX_POINT( '', #9619 );
#7536 = CIRCLE( '', #9620, 1.60000000000000 );
#7537 = VERTEX_POINT( '', #9621 );
#7538 = LINE( '', #9622, #9623 );
#7539 = VERTEX_POINT( '', #9624 );
#7540 = CIRCLE( '', #9625, 1.60000000000000 );
#7541 = VERTEX_POINT( '', #9626 );
#7542 = LINE( '', #9627, #9628 );
#7543 = VERTEX_POINT( '', #9629 );
#7544 = CIRCLE( '', #9630, 1.60000000000000 );
#7545 = VERTEX_POINT( '', #9631 );
#7546 = CIRCLE( '', #9632, 88.2500000000000 );
#7547 = VERTEX_POINT( '', #9633 );
#7548 = CIRCLE( '', #9634, 1.60000000000000 );
#7549 = VERTEX_POINT( '', #9635 );
#7550 = LINE( '', #9636, #9637 );
#7551 = VERTEX_POINT( '', #9638 );
#7552 = CIRCLE( '', #9639, 1.60000000000000 );
#7553 = VERTEX_POINT( '', #9640 );
#7554 = LINE( '', #9641, #9642 );
#7555 = VERTEX_POINT( '', #9643 );
#7556 = CIRCLE( '', #9644, 1.60000000000000 );
#7557 = VERTEX_POINT( '', #9645 );
#7558 = LINE( '', #9646, #9647 );
#7559 = VERTEX_POINT( '', #9648 );
#7560 = CIRCLE( '', #9649, 1.60000000000000 );
#7561 = VERTEX_POINT( '', #9650 );
#7562 = CIRCLE( '', #9651, 88.2500000000000 );
#7563 = VERTEX_POINT( '', #9652 );
#7564 = CIRCLE( '', #9653, 1.60000000000000 );
#7565 = VERTEX_POINT( '', #9654 );
#7566 = LINE( '', #9655, #9656 );
#7567 = VERTEX_POINT( '', #9657 );
#7568 = CIRCLE( '', #9658, 1.60000000000000 );
#7569 = VERTEX_POINT( '', #9659 );
#7570 = LINE( '', #9660, #9661 );
#7571 = VERTEX_POINT( '', #9662 );
#7572 = CIRCLE( '', #9663, 1.60000000000000 );
#7573 = VERTEX_POINT( '', #9664 );
#7574 = LINE( '', #9665, #9666 );
#7575 = VERTEX_POINT( '', #9667 );
#7576 = CIRCLE( '', #9668, 1.60000000000000 );
#7577 = VERTEX_POINT( '', #9669 );
#7578 = CIRCLE( '', #9670, 88.2500000000000 );
#7579 = VERTEX_POINT( '', #9671 );
#7580 = CIRCLE( '', #9672, 1.60000000000000 );
#7581 = VERTEX_POINT( '', #9673 );
#7582 = LINE( '', #9674, #9675 );
#7583 = VERTEX_POINT( '', #9676 );
#7584 = CIRCLE( '', #9677, 1.60000000000000 );
#7585 = VERTEX_POINT( '', #9678 );
#7586 = LINE( '', #9679, #9680 );
#7587 = VERTEX_POINT( '', #9681 );
#7588 = CIRCLE( '', #9682, 1.60000000000000 );
#7589 = VERTEX_POINT( '', #9683 );
#7590 = LINE( '', #9684, #9685 );
#7591 = VERTEX_POINT( '', #9686 );
#7592 = CIRCLE( '', #9687, 1.60000000000000 );
#7593 = VERTEX_POINT( '', #9688 );
#7594 = CIRCLE( '', #9689, 88.2500000000000 );
#7595 = VERTEX_POINT( '', #9690 );
#7596 = CIRCLE( '', #9691, 1.60000000000000 );
#7597 = VERTEX_POINT( '', #9692 );
#7598 = LINE( '', #9693, #9694 );
#7599 = VERTEX_POINT( '', #9695 );
#7600 = CIRCLE( '', #9696, 1.60000000000000 );
#7601 = VERTEX_POINT( '', #9697 );
#7602 = LINE( '', #9698, #9699 );
#7603 = VERTEX_POINT( '', #9700 );
#7604 = CIRCLE( '', #9701, 1.60000000000000 );
#7605 = VERTEX_POINT( '', #9702 );
#7606 = LINE( '', #9703, #9704 );
#7607 = VERTEX_POINT( '', #9705 );
#7608 = CIRCLE( '', #9706, 1.60000000000000 );
#7609 = VERTEX_POINT( '', #9707 );
#7610 = CIRCLE( '', #9708, 88.2500000000000 );
#7611 = VERTEX_POINT( '', #9709 );
#7612 = CIRCLE( '', #9710, 1.60000000000000 );
#7613 = VERTEX_POINT( '', #9711 );
#7614 = LINE( '', #9712, #9713 );
#7615 = VERTEX_POINT( '', #9714 );
#7616 = CIRCLE( '', #9715, 1.60000000000000 );
#7617 = VERTEX_POINT( '', #9716 );
#7618 = LINE( '', #9717, #9718 );
#7619 = VERTEX_POINT( '', #9719 );
#7620 = CIRCLE( '', #9720, 1.60000000000000 );
#7621 = VERTEX_POINT( '', #9721 );
#7622 = LINE( '', #9722, #9723 );
#7623 = VERTEX_POINT( '', #9724 );
#7624 = CIRCLE( '', #9725, 1.60000000000000 );
#7625 = VERTEX_POINT( '', #9726 );
#7626 = CIRCLE( '', #9727, 88.2500000000000 );
#7627 = VERTEX_POINT( '', #9728 );
#7628 = CIRCLE( '', #9729, 1.60000000000000 );
#7629 = VERTEX_POINT( '', #9730 );
#7630 = LINE( '', #9731, #9732 );
#7631 = VERTEX_POINT( '', #9733 );
#7632 = CIRCLE( '', #9734, 1.60000000000000 );
#7633 = VERTEX_POINT( '', #9735 );
#7634 = LINE( '', #9736, #9737 );
#7635 = VERTEX_POINT( '', #9738 );
#7636 = CIRCLE( '', #9739, 1.60000000000000 );
#7637 = VERTEX_POINT( '', #9740 );
#7638 = LINE( '', #9741, #9742 );
#7639 = VERTEX_POINT( '', #9743 );
#7640 = CIRCLE( '', #9744, 1.60000000000000 );
#7641 = VERTEX_POINT( '', #9745 );
#7642 = CIRCLE( '', #9746, 88.2500000000000 );
#7643 = VERTEX_POINT( '', #9747 );
#7644 = CIRCLE( '', #9748, 1.60000000000000 );
#7645 = VERTEX_POINT( '', #9749 );
#7646 = LINE( '', #9750, #9751 );
#7647 = VERTEX_POINT( '', #9752 );
#7648 = CIRCLE( '', #9753, 1.60000000000000 );
#7649 = VERTEX_POINT( '', #9754 );
#7650 = LINE( '', #9755, #9756 );
#7651 = VERTEX_POINT( '', #9757 );
#7652 = CIRCLE( '', #9758, 1.60000000000000 );
#7653 = VERTEX_POINT( '', #9759 );
#7654 = LINE( '', #9760, #9761 );
#7655 = VERTEX_POINT( '', #9762 );
#7656 = CIRCLE( '', #9763, 1.60000000000000 );
#7657 = VERTEX_POINT( '', #9764 );
#7658 = CIRCLE( '', #9765, 88.2500000000000 );
#7659 = VERTEX_POINT( '', #9766 );
#7660 = CIRCLE( '', #9767, 1.60000000000000 );
#7661 = VERTEX_POINT( '', #9768 );
#7662 = LINE( '', #9769, #9770 );
#7663 = VERTEX_POINT( '', #9771 );
#7664 = CIRCLE( '', #9772, 1.60000000000000 );
#7665 = VERTEX_POINT( '', #9773 );
#7666 = LINE( '', #9774, #9775 );
#7667 = VERTEX_POINT( '', #9776 );
#7668 = CIRCLE( '', #9777, 1.60000000000000 );
#7669 = VERTEX_POINT( '', #9778 );
#7670 = LINE( '', #9779, #9780 );
#7671 = VERTEX_POINT( '', #9781 );
#7672 = CIRCLE( '', #9782, 1.60000000000000 );
#7673 = VERTEX_POINT( '', #9783 );
#7674 = CIRCLE( '', #9784, 88.2500000000000 );
#7675 = VERTEX_POINT( '', #9785 );
#7676 = CIRCLE( '', #9786, 1.60000000000000 );
#7677 = VERTEX_POINT( '', #9787 );
#7678 = LINE( '', #9788, #9789 );
#7679 = VERTEX_POINT( '', #9790 );
#7680 = CIRCLE( '', #9791, 1.60000000000000 );
#7681 = VERTEX_POINT( '', #9792 );
#7682 = LINE( '', #9793, #9794 );
#7683 = VERTEX_POINT( '', #9795 );
#7684 = CIRCLE( '', #9796, 1.60000000000000 );
#7685 = VERTEX_POINT( '', #9797 );
#7686 = LINE( '', #9798, #9799 );
#7687 = VERTEX_POINT( '', #9800 );
#7688 = CIRCLE( '', #9801, 1.60000000000000 );
#7689 = VERTEX_POINT( '', #9802 );
#7690 = CIRCLE( '', #9803, 88.2500000000000 );
#7691 = VERTEX_POINT( '', #9804 );
#7692 = CIRCLE( '', #9805, 1.60000000000000 );
#7693 = VERTEX_POINT( '', #9806 );
#7694 = LINE( '', #9807, #9808 );
#7695 = VERTEX_POINT( '', #9809 );
#7696 = CIRCLE( '', #9810, 1.60000000000000 );
#7697 = VERTEX_POINT( '', #9811 );
#7698 = LINE( '', #9812, #9813 );
#7699 = VERTEX_POINT( '', #9814 );
#7700 = CIRCLE( '', #9815, 1.60000000000000 );
#7701 = VERTEX_POINT( '', #9816 );
#7702 = LINE( '', #9817, #9818 );
#7703 = VERTEX_POINT( '', #9819 );
#7704 = CIRCLE( '', #9820, 1.60000000000000 );
#7705 = VERTEX_POINT( '', #9821 );
#7706 = CIRCLE( '', #9822, 88.2500000000000 );
#7707 = VERTEX_POINT( '', #9823 );
#7708 = CIRCLE( '', #9824, 1.60000000000000 );
#7709 = VERTEX_POINT( '', #9825 );
#7710 = LINE( '', #9826, #9827 );
#7711 = VERTEX_POINT( '', #9828 );
#7712 = CIRCLE( '', #9829, 1.60000000000000 );
#7713 = VERTEX_POINT( '', #9830 );
#7714 = LINE( '', #9831, #9832 );
#7715 = VERTEX_POINT( '', #9833 );
#7716 = CIRCLE( '', #9834, 1.60000000000000 );
#7717 = VERTEX_POINT( '', #9835 );
#7718 = LINE( '', #9836, #9837 );
#7719 = VERTEX_POINT( '', #9838 );
#7720 = CIRCLE( '', #9839, 1.60000000000000 );
#7721 = VERTEX_POINT( '', #9840 );
#7722 = CIRCLE( '', #9841, 88.2500000000000 );
#7723 = VERTEX_POINT( '', #9842 );
#7724 = CIRCLE( '', #9843, 1.60000000000000 );
#7725 = VERTEX_POINT( '', #9844 );
#7726 = LINE( '', #9845, #9846 );
#7727 = VERTEX_POINT( '', #9847 );
#7728 = CIRCLE( '', #9848, 1.60000000000000 );
#7729 = VERTEX_POINT( '', #9849 );
#7730 = LINE( '', #9850, #9851 );
#7731 = VERTEX_POINT( '', #9852 );
#7732 = CIRCLE( '', #9853, 1.60000000000000 );
#7733 = VERTEX_POINT( '', #9854 );
#7734 = LINE( '', #9855, #9856 );
#7735 = VERTEX_POINT( '', #9857 );
#7736 = CIRCLE( '', #9858, 1.60000000000000 );
#7737 = VERTEX_POINT( '', #9859 );
#7738 = CIRCLE( '', #9860, 88.2500000000000 );
#7739 = VERTEX_POINT( '', #9861 );
#7740 = CIRCLE( '', #9862, 1.60000000000000 );
#7741 = VERTEX_POINT( '', #9863 );
#7742 = LINE( '', #9864, #9865 );
#7743 = VERTEX_POINT( '', #9866 );
#7744 = CIRCLE( '', #9867, 1.60000000000000 );
#7745 = VERTEX_POINT( '', #9868 );
#7746 = LINE( '', #9869, #9870 );
#7747 = VERTEX_POINT( '', #9871 );
#7748 = CIRCLE( '', #9872, 1.60000000000000 );
#7749 = VERTEX_POINT( '', #9873 );
#7750 = LINE( '', #9874, #9875 );
#7751 = VERTEX_POINT( '', #9876 );
#7752 = CIRCLE( '', #9877, 1.60000000000000 );
#7753 = VERTEX_POINT( '', #9878 );
#7754 = CIRCLE( '', #9879, 88.2500000000000 );
#7755 = VERTEX_POINT( '', #9880 );
#7756 = CIRCLE( '', #9881, 1.60000000000000 );
#7757 = VERTEX_POINT( '', #9882 );
#7758 = LINE( '', #9883, #9884 );
#7759 = VERTEX_POINT( '', #9885 );
#7760 = CIRCLE( '', #9886, 1.60000000000000 );
#7761 = VERTEX_POINT( '', #9887 );
#7762 = LINE( '', #9888, #9889 );
#7763 = VERTEX_POINT( '', #9890 );
#7764 = CIRCLE( '', #9891, 1.60000000000000 );
#7765 = VERTEX_POINT( '', #9892 );
#7766 = LINE( '', #9893, #9894 );
#7767 = VERTEX_POINT( '', #9895 );
#7768 = CIRCLE( '', #9896, 1.60000000000000 );
#7769 = VERTEX_POINT( '', #9897 );
#7770 = CIRCLE( '', #9898, 88.2500000000000 );
#7771 = VERTEX_POINT( '', #9899 );
#7772 = CIRCLE( '', #9900, 1.60000000000000 );
#7773 = VERTEX_POINT( '', #9901 );
#7774 = LINE( '', #9902, #9903 );
#7775 = VERTEX_POINT( '', #9904 );
#7776 = CIRCLE( '', #9905, 1.60000000000000 );
#7777 = VERTEX_POINT( '', #9906 );
#7778 = LINE( '', #9907, #9908 );
#7779 = VERTEX_POINT( '', #9909 );
#7780 = CIRCLE( '', #9910, 1.60000000000000 );
#7781 = VERTEX_POINT( '', #9911 );
#7782 = LINE( '', #9912, #9913 );
#7783 = VERTEX_POINT( '', #9914 );
#7784 = CIRCLE( '', #9915, 1.60000000000000 );
#7785 = VERTEX_POINT( '', #9916 );
#7786 = CIRCLE( '', #9917, 88.2500000000000 );
#7787 = VERTEX_POINT( '', #9918 );
#7788 = CIRCLE( '', #9919, 1.60000000000000 );
#7789 = VERTEX_POINT( '', #9920 );
#7790 = LINE( '', #9921, #9922 );
#7791 = VERTEX_POINT( '', #9923 );
#7792 = CIRCLE( '', #9924, 1.60000000000000 );
#7793 = VERTEX_POINT( '', #9925 );
#7794 = LINE( '', #9926, #9927 );
#7795 = VERTEX_POINT( '', #9928 );
#7796 = CIRCLE( '', #9929, 1.60000000000000 );
#7797 = VERTEX_POINT( '', #9930 );
#7798 = LINE( '', #9931, #9932 );
#7799 = VERTEX_POINT( '', #9933 );
#7800 = CIRCLE( '', #9934, 1.60000000000000 );
#7801 = VERTEX_POINT( '', #9935 );
#7802 = CIRCLE( '', #9936, 88.2500000000000 );
#7803 = VERTEX_POINT( '', #9937 );
#7804 = CIRCLE( '', #9938, 1.60000000000000 );
#7805 = VERTEX_POINT( '', #9939 );
#7806 = LINE( '', #9940, #9941 );
#7807 = VERTEX_POINT( '', #9942 );
#7808 = CIRCLE( '', #9943, 1.60000000000000 );
#7809 = VERTEX_POINT( '', #9944 );
#7810 = LINE( '', #9945, #9946 );
#7811 = VERTEX_POINT( '', #9947 );
#7812 = CIRCLE( '', #9948, 1.60000000000000 );
#7813 = VERTEX_POINT( '', #9949 );
#7814 = LINE( '', #9950, #9951 );
#7815 = VERTEX_POINT( '', #9952 );
#7816 = CIRCLE( '', #9953, 1.60000000000000 );
#7817 = VERTEX_POINT( '', #9954 );
#7818 = CIRCLE( '', #9955, 88.2500000000000 );
#7819 = VERTEX_POINT( '', #9956 );
#7820 = CIRCLE( '', #9957, 1.60000000000000 );
#7821 = VERTEX_POINT( '', #9958 );
#7822 = LINE( '', #9959, #9960 );
#7823 = VERTEX_POINT( '', #9961 );
#7824 = CIRCLE( '', #9962, 1.60000000000000 );
#7825 = VERTEX_POINT( '', #9963 );
#7826 = LINE( '', #9964, #9965 );
#7827 = VERTEX_POINT( '', #9966 );
#7828 = CIRCLE( '', #9967, 1.60000000000000 );
#7829 = VERTEX_POINT( '', #9968 );
#7830 = LINE( '', #9969, #9970 );
#7831 = VERTEX_POINT( '', #9971 );
#7832 = CIRCLE( '', #9972, 1.60000000000000 );
#7833 = VERTEX_POINT( '', #9973 );
#7834 = CIRCLE( '', #9974, 88.2500000000000 );
#7835 = VERTEX_POINT( '', #9975 );
#7836 = CIRCLE( '', #9976, 1.60000000000000 );
#7837 = VERTEX_POINT( '', #9977 );
#7838 = LINE( '', #9978, #9979 );
#7839 = VERTEX_POINT( '', #9980 );
#7840 = CIRCLE( '', #9981, 1.60000000000000 );
#7841 = VERTEX_POINT( '', #9982 );
#7842 = LINE( '', #9983, #9984 );
#7843 = VERTEX_POINT( '', #9985 );
#7844 = CIRCLE( '', #9986, 1.60000000000000 );
#7845 = VERTEX_POINT( '', #9987 );
#7846 = LINE( '', #9988, #9989 );
#7847 = VERTEX_POINT( '', #9990 );
#7848 = CIRCLE( '', #9991, 1.60000000000000 );
#7849 = VERTEX_POINT( '', #9992 );
#7850 = CIRCLE( '', #9993, 88.2500000000000 );
#7851 = VERTEX_POINT( '', #9994 );
#7852 = CIRCLE( '', #9995, 1.60000000000000 );
#7853 = VERTEX_POINT( '', #9996 );
#7854 = LINE( '', #9997, #9998 );
#7855 = VERTEX_POINT( '', #9999 );
#7856 = CIRCLE( '', #10000, 1.60000000000000 );
#7857 = VERTEX_POINT( '', #10001 );
#7858 = LINE( '', #10002, #10003 );
#7859 = VERTEX_POINT( '', #10004 );
#7860 = CIRCLE( '', #10005, 1.60000000000000 );
#7861 = VERTEX_POINT( '', #10006 );
#7862 = LINE( '', #10007, #10008 );
#7863 = VERTEX_POINT( '', #10009 );
#7864 = CIRCLE( '', #10010, 1.60000000000000 );
#7865 = VERTEX_POINT( '', #10011 );
#7866 = CIRCLE( '', #10012, 88.2500000000000 );
#7867 = VERTEX_POINT( '', #10013 );
#7868 = CIRCLE( '', #10014, 1.60000000000000 );
#7869 = VERTEX_POINT( '', #10015 );
#7870 = LINE( '', #10016, #10017 );
#7871 = VERTEX_POINT( '', #10018 );
#7872 = CIRCLE( '', #10019, 1.60000000000000 );
#7873 = VERTEX_POINT( '', #10020 );
#7874 = LINE( '', #10021, #10022 );
#7875 = VERTEX_POINT( '', #10023 );
#7876 = CIRCLE( '', #10024, 1.60000000000000 );
#7877 = VERTEX_POINT( '', #10025 );
#7878 = LINE( '', #10026, #10027 );
#7879 = VERTEX_POINT( '', #10028 );
#7880 = CIRCLE( '', #10029, 1.60000000000000 );
#7881 = VERTEX_POINT( '', #10030 );
#7882 = CIRCLE( '', #10031, 88.2500000000000 );
#7883 = VERTEX_POINT( '', #10032 );
#7884 = CIRCLE( '', #10033, 1.60000000000000 );
#7885 = VERTEX_POINT( '', #10034 );
#7886 = LINE( '', #10035, #10036 );
#7887 = VERTEX_POINT( '', #10037 );
#7888 = CIRCLE( '', #10038, 1.60000000000000 );
#7889 = VERTEX_POINT( '', #10039 );
#7890 = LINE( '', #10040, #10041 );
#7891 = VERTEX_POINT( '', #10042 );
#7892 = CIRCLE( '', #10043, 1.60000000000000 );
#7893 = VERTEX_POINT( '', #10044 );
#7894 = LINE( '', #10045, #10046 );
#7895 = VERTEX_POINT( '', #10047 );
#7896 = CIRCLE( '', #10048, 1.60000000000000 );
#7897 = VERTEX_POINT( '', #10049 );
#7898 = CIRCLE( '', #10050, 88.2500000000000 );
#7899 = VERTEX_POINT( '', #10051 );
#7900 = CIRCLE( '', #10052, 1.60000000000000 );
#7901 = VERTEX_POINT( '', #10053 );
#7902 = LINE( '', #10054, #10055 );
#7903 = VERTEX_POINT( '', #10056 );
#7904 = CIRCLE( '', #10057, 1.60000000000000 );
#7905 = VERTEX_POINT( '', #10058 );
#7906 = LINE( '', #10059, #10060 );
#7907 = VERTEX_POINT( '', #10061 );
#7908 = CIRCLE( '', #10062, 1.60000000000000 );
#7909 = VERTEX_POINT( '', #10063 );
#7910 = LINE( '', #10064, #10065 );
#7911 = VERTEX_POINT( '', #10066 );
#7912 = CIRCLE( '', #10067, 1.60000000000000 );
#7913 = VERTEX_POINT( '', #10068 );
#7914 = CIRCLE( '', #10069, 88.2500000000000 );
#7915 = VERTEX_POINT( '', #10070 );
#7916 = CIRCLE( '', #10071, 1.60000000000000 );
#7917 = VERTEX_POINT( '', #10072 );
#7918 = LINE( '', #10073, #10074 );
#7919 = VERTEX_POINT( '', #10075 );
#7920 = CIRCLE( '', #10076, 1.60000000000000 );
#7921 = VERTEX_POINT( '', #10077 );
#7922 = LINE( '', #10078, #10079 );
#7923 = VERTEX_POINT( '', #10080 );
#7924 = CIRCLE( '', #10081, 1.60000000000000 );
#7925 = VERTEX_POINT( '', #10082 );
#7926 = LINE( '', #10083, #10084 );
#7927 = VERTEX_POINT( '', #10085 );
#7928 = CIRCLE( '', #10086, 1.60000000000000 );
#7929 = VERTEX_POINT( '', #10087 );
#7930 = CIRCLE( '', #10088, 88.2500000000000 );
#7931 = VERTEX_POINT( '', #10089 );
#7932 = CIRCLE( '', #10090, 1.60000000000000 );
#7933 = VERTEX_POINT( '', #10091 );
#7934 = LINE( '', #10092, #10093 );
#7935 = VERTEX_POINT( '', #10094 );
#7936 = CIRCLE( '', #10095, 1.60000000000000 );
#7937 = VERTEX_POINT( '', #10096 );
#7938 = LINE( '', #10097, #10098 );
#7939 = VERTEX_POINT( '', #10099 );
#7940 = CIRCLE( '', #10100, 1.60000000000000 );
#7941 = VERTEX_POINT( '', #10101 );
#7942 = LINE( '', #10102, #10103 );
#7943 = VERTEX_POINT( '', #10104 );
#7944 = CIRCLE( '', #10105, 1.60000000000000 );
#7945 = VERTEX_POINT( '', #10106 );
#7946 = CIRCLE( '', #10107, 88.2500000000000 );
#7947 = VERTEX_POINT( '', #10108 );
#7948 = CIRCLE( '', #10109, 1.60000000000000 );
#7949 = VERTEX_POINT( '', #10110 );
#7950 = LINE( '', #10111, #10112 );
#7951 = CIRCLE( '', #10113, 1.60000000000000 );
#7952 = VERTEX_POINT( '', #10114 );
#7953 = CIRCLE( '', #10115, 89.5000000000000 );
#7954 = VERTEX_POINT( '', #10116 );
#7955 = CIRCLE( '', #10117, 92.0000000000000 );
#7956 = VERTEX_POINT( '', #10118 );
#7957 = CIRCLE( '', #10119, 89.5000000000000 );
#7958 = VERTEX_POINT( '', #10120 );
#7959 = VERTEX_POINT( '', #10121 );
#7960 = CIRCLE( '', #10122, 1.60000000000000 );
#7961 = VERTEX_POINT( '', #10123 );
#7962 = LINE( '', #10124, #10125 );
#7963 = VERTEX_POINT( '', #10126 );
#7964 = CIRCLE( '', #10127, 1.60000000000000 );
#7965 = VERTEX_POINT( '', #10128 );
#7966 = CIRCLE( '', #10129, 88.2500000000000 );
#7967 = VERTEX_POINT( '', #10130 );
#7968 = CIRCLE( '', #10131, 1.60000000000000 );
#7969 = VERTEX_POINT( '', #10132 );
#7970 = LINE( '', #10133, #10134 );
#7971 = VERTEX_POINT( '', #10135 );
#7972 = CIRCLE( '', #10136, 1.60000000000000 );
#7973 = VERTEX_POINT( '', #10137 );
#7974 = LINE( '', #10138, #10139 );
#7975 = VERTEX_POINT( '', #10140 );
#7976 = CIRCLE( '', #10141, 1.60000000000000 );
#7977 = VERTEX_POINT( '', #10142 );
#7978 = LINE( '', #10143, #10144 );
#7979 = VERTEX_POINT( '', #10145 );
#7980 = CIRCLE( '', #10146, 1.60000000000000 );
#7981 = VERTEX_POINT( '', #10147 );
#7982 = CIRCLE( '', #10148, 88.2500000000000 );
#7983 = VERTEX_POINT( '', #10149 );
#7984 = CIRCLE( '', #10150, 1.60000000000000 );
#7985 = VERTEX_POINT( '', #10151 );
#7986 = LINE( '', #10152, #10153 );
#7987 = VERTEX_POINT( '', #10154 );
#7988 = CIRCLE( '', #10155, 1.60000000000000 );
#7989 = VERTEX_POINT( '', #10156 );
#7990 = LINE( '', #10157, #10158 );
#7991 = VERTEX_POINT( '', #10159 );
#7992 = CIRCLE( '', #10160, 1.60000000000000 );
#7993 = VERTEX_POINT( '', #10161 );
#7994 = LINE( '', #10162, #10163 );
#7995 = VERTEX_POINT( '', #10164 );
#7996 = CIRCLE( '', #10165, 1.60000000000000 );
#7997 = VERTEX_POINT( '', #10166 );
#7998 = CIRCLE( '', #10167, 88.2500000000000 );
#7999 = VERTEX_POINT( '', #10168 );
#8000 = CIRCLE( '', #10169, 1.60000000000000 );
#8001 = VERTEX_POINT( '', #10170 );
#8002 = LINE( '', #10171, #10172 );
#8003 = VERTEX_POINT( '', #10173 );
#8004 = CIRCLE( '', #10174, 1.60000000000000 );
#8005 = VERTEX_POINT( '', #10175 );
#8006 = LINE( '', #10176, #10177 );
#8007 = VERTEX_POINT( '', #10178 );
#8008 = CIRCLE( '', #10179, 1.60000000000000 );
#8009 = VERTEX_POINT( '', #10180 );
#8010 = LINE( '', #10181, #10182 );
#8011 = VERTEX_POINT( '', #10183 );
#8012 = CIRCLE( '', #10184, 1.60000000000000 );
#8013 = VERTEX_POINT( '', #10185 );
#8014 = CIRCLE( '', #10186, 88.2500000000000 );
#8015 = VERTEX_POINT( '', #10187 );
#8016 = CIRCLE( '', #10188, 1.60000000000000 );
#8017 = VERTEX_POINT( '', #10189 );
#8018 = LINE( '', #10190, #10191 );
#8019 = VERTEX_POINT( '', #10192 );
#8020 = CIRCLE( '', #10193, 1.60000000000000 );
#8021 = VERTEX_POINT( '', #10194 );
#8022 = LINE( '', #10195, #10196 );
#8023 = VERTEX_POINT( '', #10197 );
#8024 = CIRCLE( '', #10198, 1.60000000000000 );
#8025 = VERTEX_POINT( '', #10199 );
#8026 = LINE( '', #10200, #10201 );
#8027 = VERTEX_POINT( '', #10202 );
#8028 = CIRCLE( '', #10203, 1.60000000000000 );
#8029 = VERTEX_POINT( '', #10204 );
#8030 = CIRCLE( '', #10205, 88.2500000000000 );
#8031 = VERTEX_POINT( '', #10206 );
#8032 = CIRCLE( '', #10207, 1.60000000000000 );
#8033 = VERTEX_POINT( '', #10208 );
#8034 = LINE( '', #10209, #10210 );
#8035 = VERTEX_POINT( '', #10211 );
#8036 = CIRCLE( '', #10212, 1.60000000000000 );
#8037 = VERTEX_POINT( '', #10213 );
#8038 = LINE( '', #10214, #10215 );
#8039 = VERTEX_POINT( '', #10216 );
#8040 = CIRCLE( '', #10217, 1.60000000000000 );
#8041 = VERTEX_POINT( '', #10218 );
#8042 = LINE( '', #10219, #10220 );
#8043 = VERTEX_POINT( '', #10221 );
#8044 = CIRCLE( '', #10222, 1.60000000000000 );
#8045 = VERTEX_POINT( '', #10223 );
#8046 = CIRCLE( '', #10224, 88.2500000000000 );
#8047 = VERTEX_POINT( '', #10225 );
#8048 = CIRCLE( '', #10226, 1.60000000000000 );
#8049 = VERTEX_POINT( '', #10227 );
#8050 = LINE( '', #10228, #10229 );
#8051 = VERTEX_POINT( '', #10230 );
#8052 = CIRCLE( '', #10231, 1.60000000000000 );
#8053 = VERTEX_POINT( '', #10232 );
#8054 = LINE( '', #10233, #10234 );
#8055 = VERTEX_POINT( '', #10235 );
#8056 = CIRCLE( '', #10236, 1.60000000000000 );
#8057 = VERTEX_POINT( '', #10237 );
#8058 = LINE( '', #10238, #10239 );
#8059 = VERTEX_POINT( '', #10240 );
#8060 = CIRCLE( '', #10241, 1.60000000000000 );
#8061 = VERTEX_POINT( '', #10242 );
#8062 = CIRCLE( '', #10243, 88.2500000000000 );
#8063 = VERTEX_POINT( '', #10244 );
#8064 = CIRCLE( '', #10245, 1.60000000000000 );
#8065 = VERTEX_POINT( '', #10246 );
#8066 = LINE( '', #10247, #10248 );
#8067 = VERTEX_POINT( '', #10249 );
#8068 = CIRCLE( '', #10250, 1.60000000000000 );
#8069 = VERTEX_POINT( '', #10251 );
#8070 = LINE( '', #10252, #10253 );
#8071 = VERTEX_POINT( '', #10254 );
#8072 = CIRCLE( '', #10255, 1.60000000000000 );
#8073 = VERTEX_POINT( '', #10256 );
#8074 = LINE( '', #10257, #10258 );
#8075 = VERTEX_POINT( '', #10259 );
#8076 = CIRCLE( '', #10260, 1.60000000000000 );
#8077 = VERTEX_POINT( '', #10261 );
#8078 = CIRCLE( '', #10262, 88.2500000000000 );
#8079 = VERTEX_POINT( '', #10263 );
#8080 = CIRCLE( '', #10264, 1.60000000000000 );
#8081 = VERTEX_POINT( '', #10265 );
#8082 = LINE( '', #10266, #10267 );
#8083 = VERTEX_POINT( '', #10268 );
#8084 = CIRCLE( '', #10269, 1.60000000000000 );
#8085 = VERTEX_POINT( '', #10270 );
#8086 = LINE( '', #10271, #10272 );
#8087 = VERTEX_POINT( '', #10273 );
#8088 = CIRCLE( '', #10274, 1.60000000000000 );
#8089 = VERTEX_POINT( '', #10275 );
#8090 = LINE( '', #10276, #10277 );
#8091 = VERTEX_POINT( '', #10278 );
#8092 = CIRCLE( '', #10279, 1.60000000000000 );
#8093 = VERTEX_POINT( '', #10280 );
#8094 = CIRCLE( '', #10281, 88.2500000000000 );
#8095 = VERTEX_POINT( '', #10282 );
#8096 = CIRCLE( '', #10283, 1.60000000000000 );
#8097 = VERTEX_POINT( '', #10284 );
#8098 = LINE( '', #10285, #10286 );
#8099 = VERTEX_POINT( '', #10287 );
#8100 = CIRCLE( '', #10288, 1.60000000000000 );
#8101 = VERTEX_POINT( '', #10289 );
#8102 = LINE( '', #10290, #10291 );
#8103 = VERTEX_POINT( '', #10292 );
#8104 = CIRCLE( '', #10293, 1.60000000000000 );
#8105 = VERTEX_POINT( '', #10294 );
#8106 = LINE( '', #10295, #10296 );
#8107 = VERTEX_POINT( '', #10297 );
#8108 = CIRCLE( '', #10298, 1.60000000000000 );
#8109 = VERTEX_POINT( '', #10299 );
#8110 = CIRCLE( '', #10300, 88.2500000000000 );
#8111 = VERTEX_POINT( '', #10301 );
#8112 = CIRCLE( '', #10302, 1.60000000000000 );
#8113 = VERTEX_POINT( '', #10303 );
#8114 = LINE( '', #10304, #10305 );
#8115 = VERTEX_POINT( '', #10306 );
#8116 = CIRCLE( '', #10307, 1.60000000000000 );
#8117 = VERTEX_POINT( '', #10308 );
#8118 = LINE( '', #10309, #10310 );
#8119 = VERTEX_POINT( '', #10311 );
#8120 = CIRCLE( '', #10312, 1.60000000000000 );
#8121 = VERTEX_POINT( '', #10313 );
#8122 = LINE( '', #10314, #10315 );
#8123 = VERTEX_POINT( '', #10316 );
#8124 = CIRCLE( '', #10317, 1.60000000000000 );
#8125 = VERTEX_POINT( '', #10318 );
#8126 = CIRCLE( '', #10319, 88.2500000000000 );
#8127 = VERTEX_POINT( '', #10320 );
#8128 = CIRCLE( '', #10321, 1.60000000000000 );
#8129 = VERTEX_POINT( '', #10322 );
#8130 = LINE( '', #10323, #10324 );
#8131 = VERTEX_POINT( '', #10325 );
#8132 = CIRCLE( '', #10326, 1.60000000000000 );
#8133 = VERTEX_POINT( '', #10327 );
#8134 = LINE( '', #10328, #10329 );
#8135 = VERTEX_POINT( '', #10330 );
#8136 = CIRCLE( '', #10331, 1.60000000000000 );
#8137 = VERTEX_POINT( '', #10332 );
#8138 = LINE( '', #10333, #10334 );
#8139 = VERTEX_POINT( '', #10335 );
#8140 = CIRCLE( '', #10336, 1.60000000000000 );
#8141 = VERTEX_POINT( '', #10337 );
#8142 = CIRCLE( '', #10338, 88.2500000000000 );
#8143 = VERTEX_POINT( '', #10339 );
#8144 = CIRCLE( '', #10340, 1.60000000000000 );
#8145 = VERTEX_POINT( '', #10341 );
#8146 = LINE( '', #10342, #10343 );
#8147 = VERTEX_POINT( '', #10344 );
#8148 = CIRCLE( '', #10345, 1.60000000000000 );
#8149 = VERTEX_POINT( '', #10346 );
#8150 = LINE( '', #10347, #10348 );
#8151 = VERTEX_POINT( '', #10349 );
#8152 = CIRCLE( '', #10350, 1.60000000000000 );
#8153 = VERTEX_POINT( '', #10351 );
#8154 = LINE( '', #10352, #10353 );
#8155 = VERTEX_POINT( '', #10354 );
#8156 = CIRCLE( '', #10355, 1.60000000000000 );
#8157 = VERTEX_POINT( '', #10356 );
#8158 = CIRCLE( '', #10357, 88.2500000000000 );
#8159 = VERTEX_POINT( '', #10358 );
#8160 = CIRCLE( '', #10359, 1.60000000000000 );
#8161 = VERTEX_POINT( '', #10360 );
#8162 = LINE( '', #10361, #10362 );
#8163 = VERTEX_POINT( '', #10363 );
#8164 = CIRCLE( '', #10364, 1.60000000000000 );
#8165 = VERTEX_POINT( '', #10365 );
#8166 = LINE( '', #10366, #10367 );
#8167 = VERTEX_POINT( '', #10368 );
#8168 = CIRCLE( '', #10369, 1.60000000000000 );
#8169 = VERTEX_POINT( '', #10370 );
#8170 = LINE( '', #10371, #10372 );
#8171 = VERTEX_POINT( '', #10373 );
#8172 = CIRCLE( '', #10374, 1.60000000000000 );
#8173 = VERTEX_POINT( '', #10375 );
#8174 = CIRCLE( '', #10376, 88.2500000000000 );
#8175 = VERTEX_POINT( '', #10377 );
#8176 = CIRCLE( '', #10378, 1.60000000000000 );
#8177 = VERTEX_POINT( '', #10379 );
#8178 = LINE( '', #10380, #10381 );
#8179 = VERTEX_POINT( '', #10382 );
#8180 = CIRCLE( '', #10383, 1.60000000000000 );
#8181 = VERTEX_POINT( '', #10384 );
#8182 = LINE( '', #10385, #10386 );
#8183 = VERTEX_POINT( '', #10387 );
#8184 = CIRCLE( '', #10388, 1.60000000000000 );
#8185 = VERTEX_POINT( '', #10389 );
#8186 = LINE( '', #10390, #10391 );
#8187 = VERTEX_POINT( '', #10392 );
#8188 = CIRCLE( '', #10393, 1.60000000000000 );
#8189 = VERTEX_POINT( '', #10394 );
#8190 = CIRCLE( '', #10395, 88.2500000000000 );
#8191 = VERTEX_POINT( '', #10396 );
#8192 = CIRCLE( '', #10397, 1.60000000000000 );
#8193 = VERTEX_POINT( '', #10398 );
#8194 = LINE( '', #10399, #10400 );
#8195 = VERTEX_POINT( '', #10401 );
#8196 = CIRCLE( '', #10402, 1.60000000000000 );
#8197 = VERTEX_POINT( '', #10403 );
#8198 = LINE( '', #10404, #10405 );
#8199 = VERTEX_POINT( '', #10406 );
#8200 = CIRCLE( '', #10407, 1.60000000000000 );
#8201 = VERTEX_POINT( '', #10408 );
#8202 = LINE( '', #10409, #10410 );
#8203 = VERTEX_POINT( '', #10411 );
#8204 = CIRCLE( '', #10412, 1.60000000000000 );
#8205 = VERTEX_POINT( '', #10413 );
#8206 = CIRCLE( '', #10414, 88.2500000000000 );
#8207 = VERTEX_POINT( '', #10415 );
#8208 = CIRCLE( '', #10416, 1.60000000000000 );
#8209 = VERTEX_POINT( '', #10417 );
#8210 = LINE( '', #10418, #10419 );
#8211 = VERTEX_POINT( '', #10420 );
#8212 = CIRCLE( '', #10421, 1.60000000000000 );
#8213 = VERTEX_POINT( '', #10422 );
#8214 = LINE( '', #10423, #10424 );
#8215 = VERTEX_POINT( '', #10425 );
#8216 = CIRCLE( '', #10426, 1.60000000000000 );
#8217 = VERTEX_POINT( '', #10427 );
#8218 = LINE( '', #10428, #10429 );
#8219 = VERTEX_POINT( '', #10430 );
#8220 = CIRCLE( '', #10431, 1.60000000000000 );
#8221 = VERTEX_POINT( '', #10432 );
#8222 = CIRCLE( '', #10433, 88.2500000000000 );
#8223 = VERTEX_POINT( '', #10434 );
#8224 = CIRCLE( '', #10435, 1.60000000000000 );
#8225 = VERTEX_POINT( '', #10436 );
#8226 = LINE( '', #10437, #10438 );
#8227 = VERTEX_POINT( '', #10439 );
#8228 = CIRCLE( '', #10440, 1.60000000000000 );
#8229 = VERTEX_POINT( '', #10441 );
#8230 = LINE( '', #10442, #10443 );
#8231 = VERTEX_POINT( '', #10444 );
#8232 = CIRCLE( '', #10445, 1.60000000000000 );
#8233 = VERTEX_POINT( '', #10446 );
#8234 = LINE( '', #10447, #10448 );
#8235 = VERTEX_POINT( '', #10449 );
#8236 = CIRCLE( '', #10450, 1.60000000000000 );
#8237 = VERTEX_POINT( '', #10451 );
#8238 = CIRCLE( '', #10452, 88.2500000000000 );
#8239 = VERTEX_POINT( '', #10453 );
#8240 = CIRCLE( '', #10454, 1.60000000000000 );
#8241 = VERTEX_POINT( '', #10455 );
#8242 = LINE( '', #10456, #10457 );
#8243 = VERTEX_POINT( '', #10458 );
#8244 = CIRCLE( '', #10459, 1.60000000000000 );
#8245 = VERTEX_POINT( '', #10460 );
#8246 = LINE( '', #10461, #10462 );
#8247 = VERTEX_POINT( '', #10463 );
#8248 = CIRCLE( '', #10464, 1.60000000000000 );
#8249 = VERTEX_POINT( '', #10465 );
#8250 = LINE( '', #10466, #10467 );
#8251 = VERTEX_POINT( '', #10468 );
#8252 = CIRCLE( '', #10469, 1.60000000000000 );
#8253 = VERTEX_POINT( '', #10470 );
#8254 = CIRCLE( '', #10471, 88.2500000000000 );
#8255 = VERTEX_POINT( '', #10472 );
#8256 = CIRCLE( '', #10473, 1.60000000000000 );
#8257 = VERTEX_POINT( '', #10474 );
#8258 = LINE( '', #10475, #10476 );
#8259 = VERTEX_POINT( '', #10477 );
#8260 = CIRCLE( '', #10478, 1.60000000000000 );
#8261 = VERTEX_POINT( '', #10479 );
#8262 = LINE( '', #10480, #10481 );
#8263 = VERTEX_POINT( '', #10482 );
#8264 = CIRCLE( '', #10483, 1.60000000000000 );
#8265 = VERTEX_POINT( '', #10484 );
#8266 = LINE( '', #10485, #10486 );
#8267 = VERTEX_POINT( '', #10487 );
#8268 = CIRCLE( '', #10488, 1.60000000000000 );
#8269 = VERTEX_POINT( '', #10489 );
#8270 = CIRCLE( '', #10490, 88.2500000000000 );
#8271 = VERTEX_POINT( '', #10491 );
#8272 = CIRCLE( '', #10492, 1.60000000000000 );
#8273 = VERTEX_POINT( '', #10493 );
#8274 = LINE( '', #10494, #10495 );
#8275 = VERTEX_POINT( '', #10496 );
#8276 = CIRCLE( '', #10497, 1.60000000000000 );
#8277 = VERTEX_POINT( '', #10498 );
#8278 = LINE( '', #10499, #10500 );
#8279 = VERTEX_POINT( '', #10501 );
#8280 = CIRCLE( '', #10502, 1.60000000000000 );
#8281 = VERTEX_POINT( '', #10503 );
#8282 = LINE( '', #10504, #10505 );
#8283 = VERTEX_POINT( '', #10506 );
#8284 = CIRCLE( '', #10507, 1.60000000000000 );
#8285 = VERTEX_POINT( '', #10508 );
#8286 = CIRCLE( '', #10509, 88.2500000000000 );
#8287 = VERTEX_POINT( '', #10510 );
#8288 = CIRCLE( '', #10511, 1.60000000000000 );
#8289 = VERTEX_POINT( '', #10512 );
#8290 = LINE( '', #10513, #10514 );
#8291 = VERTEX_POINT( '', #10515 );
#8292 = CIRCLE( '', #10516, 1.60000000000000 );
#8293 = VERTEX_POINT( '', #10517 );
#8294 = LINE( '', #10518, #10519 );
#8295 = VERTEX_POINT( '', #10520 );
#8296 = CIRCLE( '', #10521, 1.60000000000000 );
#8297 = VERTEX_POINT( '', #10522 );
#8298 = LINE( '', #10523, #10524 );
#8299 = VERTEX_POINT( '', #10525 );
#8300 = CIRCLE( '', #10526, 1.60000000000000 );
#8301 = VERTEX_POINT( '', #10527 );
#8302 = CIRCLE( '', #10528, 88.2500000000000 );
#8303 = VERTEX_POINT( '', #10529 );
#8304 = CIRCLE( '', #10530, 1.60000000000000 );
#8305 = VERTEX_POINT( '', #10531 );
#8306 = LINE( '', #10532, #10533 );
#8307 = VERTEX_POINT( '', #10534 );
#8308 = CIRCLE( '', #10535, 1.60000000000000 );
#8309 = VERTEX_POINT( '', #10536 );
#8310 = LINE( '', #10537, #10538 );
#8311 = VERTEX_POINT( '', #10539 );
#8312 = CIRCLE( '', #10540, 1.60000000000000 );
#8313 = VERTEX_POINT( '', #10541 );
#8314 = LINE( '', #10542, #10543 );
#8315 = VERTEX_POINT( '', #10544 );
#8316 = CIRCLE( '', #10545, 1.60000000000000 );
#8317 = VERTEX_POINT( '', #10546 );
#8318 = CIRCLE( '', #10547, 88.2500000000000 );
#8319 = VERTEX_POINT( '', #10548 );
#8320 = CIRCLE( '', #10549, 1.60000000000000 );
#8321 = VERTEX_POINT( '', #10550 );
#8322 = LINE( '', #10551, #10552 );
#8323 = VERTEX_POINT( '', #10553 );
#8324 = CIRCLE( '', #10554, 1.60000000000000 );
#8325 = VERTEX_POINT( '', #10555 );
#8326 = LINE( '', #10556, #10557 );
#8327 = VERTEX_POINT( '', #10558 );
#8328 = CIRCLE( '', #10559, 1.60000000000000 );
#8329 = VERTEX_POINT( '', #10560 );
#8330 = LINE( '', #10561, #10562 );
#8331 = VERTEX_POINT( '', #10563 );
#8332 = CIRCLE( '', #10564, 1.60000000000000 );
#8333 = VERTEX_POINT( '', #10565 );
#8334 = CIRCLE( '', #10566, 88.2500000000000 );
#8335 = VERTEX_POINT( '', #10567 );
#8336 = CIRCLE( '', #10568, 1.60000000000000 );
#8337 = VERTEX_POINT( '', #10569 );
#8338 = LINE( '', #10570, #10571 );
#8339 = VERTEX_POINT( '', #10572 );
#8340 = CIRCLE( '', #10573, 1.60000000000000 );
#8341 = VERTEX_POINT( '', #10574 );
#8342 = LINE( '', #10575, #10576 );
#8343 = VERTEX_POINT( '', #10577 );
#8344 = CIRCLE( '', #10578, 1.60000000000000 );
#8345 = VERTEX_POINT( '', #10579 );
#8346 = LINE( '', #10580, #10581 );
#8347 = VERTEX_POINT( '', #10582 );
#8348 = CIRCLE( '', #10583, 1.60000000000000 );
#8349 = VERTEX_POINT( '', #10584 );
#8350 = CIRCLE( '', #10585, 88.2500000000000 );
#8351 = VERTEX_POINT( '', #10586 );
#8352 = CIRCLE( '', #10587, 1.60000000000000 );
#8353 = VERTEX_POINT( '', #10588 );
#8354 = LINE( '', #10589, #10590 );
#8355 = VERTEX_POINT( '', #10591 );
#8356 = CIRCLE( '', #10592, 1.60000000000000 );
#8357 = VERTEX_POINT( '', #10593 );
#8358 = LINE( '', #10594, #10595 );
#8359 = VERTEX_POINT( '', #10596 );
#8360 = CIRCLE( '', #10597, 1.60000000000000 );
#8361 = VERTEX_POINT( '', #10598 );
#8362 = LINE( '', #10599, #10600 );
#8363 = VERTEX_POINT( '', #10601 );
#8364 = CIRCLE( '', #10602, 1.60000000000000 );
#8365 = VERTEX_POINT( '', #10603 );
#8366 = CIRCLE( '', #10604, 88.2500000000000 );
#8367 = VERTEX_POINT( '', #10605 );
#8368 = CIRCLE( '', #10606, 1.60000000000000 );
#8369 = VERTEX_POINT( '', #10607 );
#8370 = LINE( '', #10608, #10609 );
#8371 = VERTEX_POINT( '', #10610 );
#8372 = CIRCLE( '', #10611, 1.60000000000000 );
#8373 = VERTEX_POINT( '', #10612 );
#8374 = LINE( '', #10613, #10614 );
#8375 = VERTEX_POINT( '', #10615 );
#8376 = CIRCLE( '', #10616, 1.60000000000000 );
#8377 = VERTEX_POINT( '', #10617 );
#8378 = LINE( '', #10618, #10619 );
#8379 = VERTEX_POINT( '', #10620 );
#8380 = CIRCLE( '', #10621, 1.60000000000000 );
#8381 = VERTEX_POINT( '', #10622 );
#8382 = CIRCLE( '', #10623, 88.2500000000000 );
#8383 = VERTEX_POINT( '', #10624 );
#8384 = CIRCLE( '', #10625, 1.60000000000000 );
#8385 = VERTEX_POINT( '', #10626 );
#8386 = LINE( '', #10627, #10628 );
#8387 = VERTEX_POINT( '', #10629 );
#8388 = CIRCLE( '', #10630, 1.60000000000000 );
#8389 = VERTEX_POINT( '', #10631 );
#8390 = LINE( '', #10632, #10633 );
#8391 = VERTEX_POINT( '', #10634 );
#8392 = CIRCLE( '', #10635, 1.60000000000000 );
#8393 = VERTEX_POINT( '', #10636 );
#8394 = LINE( '', #10637, #10638 );
#8395 = VERTEX_POINT( '', #10639 );
#8396 = CIRCLE( '', #10640, 1.60000000000000 );
#8397 = VERTEX_POINT( '', #10641 );
#8398 = CIRCLE( '', #10642, 88.2500000000000 );
#8399 = VERTEX_POINT( '', #10643 );
#8400 = CIRCLE( '', #10644, 1.60000000000000 );
#8401 = VERTEX_POINT( '', #10645 );
#8402 = LINE( '', #10646, #10647 );
#8403 = VERTEX_POINT( '', #10648 );
#8404 = CIRCLE( '', #10649, 1.60000000000000 );
#8405 = VERTEX_POINT( '', #10650 );
#8406 = LINE( '', #10651, #10652 );
#8407 = VERTEX_POINT( '', #10653 );
#8408 = CIRCLE( '', #10654, 1.60000000000000 );
#8409 = VERTEX_POINT( '', #10655 );
#8410 = LINE( '', #10656, #10657 );
#8411 = VERTEX_POINT( '', #10658 );
#8412 = CIRCLE( '', #10659, 1.60000000000000 );
#8413 = VERTEX_POINT( '', #10660 );
#8414 = CIRCLE( '', #10661, 88.2500000000000 );
#8415 = VERTEX_POINT( '', #10662 );
#8416 = CIRCLE( '', #10663, 1.60000000000000 );
#8417 = VERTEX_POINT( '', #10664 );
#8418 = LINE( '', #10665, #10666 );
#8419 = VERTEX_POINT( '', #10667 );
#8420 = CIRCLE( '', #10668, 1.60000000000000 );
#8421 = VERTEX_POINT( '', #10669 );
#8422 = LINE( '', #10670, #10671 );
#8423 = VERTEX_POINT( '', #10672 );
#8424 = CIRCLE( '', #10673, 1.60000000000000 );
#8425 = VERTEX_POINT( '', #10674 );
#8426 = LINE( '', #10675, #10676 );
#8427 = VERTEX_POINT( '', #10677 );
#8428 = CIRCLE( '', #10678, 1.60000000000000 );
#8429 = VERTEX_POINT( '', #10679 );
#8430 = CIRCLE( '', #10680, 88.2500000000000 );
#8431 = VERTEX_POINT( '', #10681 );
#8432 = CIRCLE( '', #10682, 1.60000000000000 );
#8433 = VERTEX_POINT( '', #10683 );
#8434 = LINE( '', #10684, #10685 );
#8435 = VERTEX_POINT( '', #10686 );
#8436 = CIRCLE( '', #10687, 1.60000000000000 );
#8437 = VERTEX_POINT( '', #10688 );
#8438 = LINE( '', #10689, #10690 );
#8439 = VERTEX_POINT( '', #10691 );
#8440 = CIRCLE( '', #10692, 1.60000000000000 );
#8441 = VERTEX_POINT( '', #10693 );
#8442 = LINE( '', #10694, #10695 );
#8443 = VERTEX_POINT( '', #10696 );
#8444 = CIRCLE( '', #10697, 1.60000000000000 );
#8445 = VERTEX_POINT( '', #10698 );
#8446 = CIRCLE( '', #10699, 88.2500000000000 );
#8447 = VERTEX_POINT( '', #10700 );
#8448 = CIRCLE( '', #10701, 1.60000000000000 );
#8449 = VERTEX_POINT( '', #10702 );
#8450 = LINE( '', #10703, #10704 );
#8451 = VERTEX_POINT( '', #10705 );
#8452 = CIRCLE( '', #10706, 1.60000000000000 );
#8453 = VERTEX_POINT( '', #10707 );
#8454 = LINE( '', #10708, #10709 );
#8455 = VERTEX_POINT( '', #10710 );
#8456 = CIRCLE( '', #10711, 1.60000000000000 );
#8457 = VERTEX_POINT( '', #10712 );
#8458 = LINE( '', #10713, #10714 );
#8459 = VERTEX_POINT( '', #10715 );
#8460 = CIRCLE( '', #10716, 1.60000000000000 );
#8461 = VERTEX_POINT( '', #10717 );
#8462 = CIRCLE( '', #10718, 88.2500000000000 );
#8463 = VERTEX_POINT( '', #10719 );
#8464 = CIRCLE( '', #10720, 1.60000000000000 );
#8465 = VERTEX_POINT( '', #10721 );
#8466 = LINE( '', #10722, #10723 );
#8467 = VERTEX_POINT( '', #10724 );
#8468 = CIRCLE( '', #10725, 1.60000000000000 );
#8469 = VERTEX_POINT( '', #10726 );
#8470 = LINE( '', #10727, #10728 );
#8471 = VERTEX_POINT( '', #10729 );
#8472 = CIRCLE( '', #10730, 1.60000000000000 );
#8473 = VERTEX_POINT( '', #10731 );
#8474 = LINE( '', #10732, #10733 );
#8475 = VERTEX_POINT( '', #10734 );
#8476 = CIRCLE( '', #10735, 1.60000000000000 );
#8477 = VERTEX_POINT( '', #10736 );
#8478 = CIRCLE( '', #10737, 88.2500000000000 );
#8479 = VERTEX_POINT( '', #10738 );
#8480 = CIRCLE( '', #10739, 1.60000000000000 );
#8481 = VERTEX_POINT( '', #10740 );
#8482 = LINE( '', #10741, #10742 );
#8483 = VERTEX_POINT( '', #10743 );
#8484 = CIRCLE( '', #10744, 1.60000000000000 );
#8485 = VERTEX_POINT( '', #10745 );
#8486 = LINE( '', #10746, #10747 );
#8487 = VERTEX_POINT( '', #10748 );
#8488 = CIRCLE( '', #10749, 1.60000000000000 );
#8489 = VERTEX_POINT( '', #10750 );
#8490 = LINE( '', #10751, #10752 );
#8491 = VERTEX_POINT( '', #10753 );
#8492 = CIRCLE( '', #10754, 1.60000000000000 );
#8493 = VERTEX_POINT( '', #10755 );
#8494 = CIRCLE( '', #10756, 88.2500000000000 );
#8495 = VERTEX_POINT( '', #10757 );
#8496 = CIRCLE( '', #10758, 1.60000000000000 );
#8497 = VERTEX_POINT( '', #10759 );
#8498 = LINE( '', #10760, #10761 );
#8499 = VERTEX_POINT( '', #10762 );
#8500 = CIRCLE( '', #10763, 1.60000000000000 );
#8501 = VERTEX_POINT( '', #10764 );
#8502 = LINE( '', #10765, #10766 );
#8503 = VERTEX_POINT( '', #10767 );
#8504 = CIRCLE( '', #10768, 1.60000000000000 );
#8505 = VERTEX_POINT( '', #10769 );
#8506 = LINE( '', #10770, #10771 );
#8507 = VERTEX_POINT( '', #10772 );
#8508 = CIRCLE( '', #10773, 1.60000000000000 );
#8509 = VERTEX_POINT( '', #10774 );
#8510 = CIRCLE( '', #10775, 88.2500000000000 );
#8511 = VERTEX_POINT( '', #10776 );
#8512 = CIRCLE( '', #10777, 1.60000000000000 );
#8513 = VERTEX_POINT( '', #10778 );
#8514 = LINE( '', #10779, #10780 );
#8515 = VERTEX_POINT( '', #10781 );
#8516 = CIRCLE( '', #10782, 1.60000000000000 );
#8517 = VERTEX_POINT( '', #10783 );
#8518 = LINE( '', #10784, #10785 );
#8519 = VERTEX_POINT( '', #10786 );
#8520 = CIRCLE( '', #10787, 1.60000000000000 );
#8521 = VERTEX_POINT( '', #10788 );
#8522 = LINE( '', #10789, #10790 );
#8523 = VERTEX_POINT( '', #10791 );
#8524 = CIRCLE( '', #10792, 1.60000000000000 );
#8525 = VERTEX_POINT( '', #10793 );
#8526 = CIRCLE( '', #10794, 88.2500000000000 );
#8527 = VERTEX_POINT( '', #10795 );
#8528 = CIRCLE( '', #10796, 1.60000000000000 );
#8529 = VERTEX_POINT( '', #10797 );
#8530 = LINE( '', #10798, #10799 );
#8531 = VERTEX_POINT( '', #10800 );
#8532 = CIRCLE( '', #10801, 1.60000000000000 );
#8533 = VERTEX_POINT( '', #10802 );
#8534 = LINE( '', #10803, #10804 );
#8535 = VERTEX_POINT( '', #10805 );
#8536 = CIRCLE( '', #10806, 1.60000000000000 );
#8537 = VERTEX_POINT( '', #10807 );
#8538 = LINE( '', #10808, #10809 );
#8539 = VERTEX_POINT( '', #10810 );
#8540 = CIRCLE( '', #10811, 1.60000000000000 );
#8541 = VERTEX_POINT( '', #10812 );
#8542 = CIRCLE( '', #10813, 88.2500000000000 );
#8543 = VERTEX_POINT( '', #10814 );
#8544 = CIRCLE( '', #10815, 1.60000000000000 );
#8545 = VERTEX_POINT( '', #10816 );
#8546 = LINE( '', #10817, #10818 );
#8547 = VERTEX_POINT( '', #10819 );
#8548 = CIRCLE( '', #10820, 1.60000000000000 );
#8549 = VERTEX_POINT( '', #10821 );
#8550 = LINE( '', #10822, #10823 );
#8551 = VERTEX_POINT( '', #10824 );
#8552 = CIRCLE( '', #10825, 1.60000000000000 );
#8553 = VERTEX_POINT( '', #10826 );
#8554 = LINE( '', #10827, #10828 );
#8555 = VERTEX_POINT( '', #10829 );
#8556 = CIRCLE( '', #10830, 1.60000000000000 );
#8557 = VERTEX_POINT( '', #10831 );
#8558 = CIRCLE( '', #10832, 88.2500000000000 );
#8559 = VERTEX_POINT( '', #10833 );
#8560 = CIRCLE( '', #10834, 1.60000000000000 );
#8561 = VERTEX_POINT( '', #10835 );
#8562 = LINE( '', #10836, #10837 );
#8563 = VERTEX_POINT( '', #10838 );
#8564 = CIRCLE( '', #10839, 1.60000000000000 );
#8565 = VERTEX_POINT( '', #10840 );
#8566 = LINE( '', #10841, #10842 );
#8567 = VERTEX_POINT( '', #10843 );
#8568 = CIRCLE( '', #10844, 1.60000000000000 );
#8569 = VERTEX_POINT( '', #10845 );
#8570 = LINE( '', #10846, #10847 );
#8571 = VERTEX_POINT( '', #10848 );
#8572 = CIRCLE( '', #10849, 1.60000000000000 );
#8573 = VERTEX_POINT( '', #10850 );
#8574 = CIRCLE( '', #10851, 88.2500000000000 );
#8575 = VERTEX_POINT( '', #10852 );
#8576 = CIRCLE( '', #10853, 1.60000000000000 );
#8577 = VERTEX_POINT( '', #10854 );
#8578 = LINE( '', #10855, #10856 );
#8579 = VERTEX_POINT( '', #10857 );
#8580 = CIRCLE( '', #10858, 1.60000000000000 );
#8581 = VERTEX_POINT( '', #10859 );
#8582 = LINE( '', #10860, #10861 );
#8583 = VERTEX_POINT( '', #10862 );
#8584 = CIRCLE( '', #10863, 1.60000000000000 );
#8585 = VERTEX_POINT( '', #10864 );
#8586 = LINE( '', #10865, #10866 );
#8587 = VERTEX_POINT( '', #10867 );
#8588 = CIRCLE( '', #10868, 1.60000000000000 );
#8589 = VERTEX_POINT( '', #10869 );
#8590 = CIRCLE( '', #10870, 88.2500000000000 );
#8591 = VERTEX_POINT( '', #10871 );
#8592 = CIRCLE( '', #10872, 1.60000000000000 );
#8593 = VERTEX_POINT( '', #10873 );
#8594 = LINE( '', #10874, #10875 );
#8595 = VERTEX_POINT( '', #10876 );
#8596 = CIRCLE( '', #10877, 1.60000000000000 );
#8597 = VERTEX_POINT( '', #10878 );
#8598 = LINE( '', #10879, #10880 );
#8599 = VERTEX_POINT( '', #10881 );
#8600 = CIRCLE( '', #10882, 1.60000000000000 );
#8601 = VERTEX_POINT( '', #10883 );
#8602 = LINE( '', #10884, #10885 );
#8603 = VERTEX_POINT( '', #10886 );
#8604 = CIRCLE( '', #10887, 1.60000000000000 );
#8605 = VERTEX_POINT( '', #10888 );
#8606 = CIRCLE( '', #10889, 88.2500000000000 );
#8607 = VERTEX_POINT( '', #10890 );
#8608 = CIRCLE( '', #10891, 1.60000000000000 );
#8609 = VERTEX_POINT( '', #10892 );
#8610 = LINE( '', #10893, #10894 );
#8611 = VERTEX_POINT( '', #10895 );
#8612 = CIRCLE( '', #10896, 1.60000000000000 );
#8613 = VERTEX_POINT( '', #10897 );
#8614 = LINE( '', #10898, #10899 );
#8615 = VERTEX_POINT( '', #10900 );
#8616 = CIRCLE( '', #10901, 1.60000000000000 );
#8617 = VERTEX_POINT( '', #10902 );
#8618 = LINE( '', #10903, #10904 );
#8619 = VERTEX_POINT( '', #10905 );
#8620 = CIRCLE( '', #10906, 1.60000000000000 );
#8621 = VERTEX_POINT( '', #10907 );
#8622 = CIRCLE( '', #10908, 88.2500000000000 );
#8623 = VERTEX_POINT( '', #10909 );
#8624 = CIRCLE( '', #10910, 1.60000000000000 );
#8625 = VERTEX_POINT( '', #10911 );
#8626 = LINE( '', #10912, #10913 );
#8627 = VERTEX_POINT( '', #10914 );
#8628 = CIRCLE( '', #10915, 1.60000000000000 );
#8629 = VERTEX_POINT( '', #10916 );
#8630 = LINE( '', #10917, #10918 );
#8631 = VERTEX_POINT( '', #10919 );
#8632 = CIRCLE( '', #10920, 1.60000000000000 );
#8633 = VERTEX_POINT( '', #10921 );
#8634 = LINE( '', #10922, #10923 );
#8635 = VERTEX_POINT( '', #10924 );
#8636 = CIRCLE( '', #10925, 1.60000000000000 );
#8637 = VERTEX_POINT( '', #10926 );
#8638 = CIRCLE( '', #10927, 88.2500000000000 );
#8639 = VERTEX_POINT( '', #10928 );
#8640 = CIRCLE( '', #10929, 1.60000000000000 );
#8641 = VERTEX_POINT( '', #10930 );
#8642 = LINE( '', #10931, #10932 );
#8643 = VERTEX_POINT( '', #10933 );
#8644 = CIRCLE( '', #10934, 1.60000000000000 );
#8645 = VERTEX_POINT( '', #10935 );
#8646 = LINE( '', #10936, #10937 );
#8647 = VERTEX_POINT( '', #10938 );
#8648 = CIRCLE( '', #10939, 1.60000000000000 );
#8649 = VERTEX_POINT( '', #10940 );
#8650 = LINE( '', #10941, #10942 );
#8651 = VERTEX_POINT( '', #10943 );
#8652 = CIRCLE( '', #10944, 1.60000000000000 );
#8653 = VERTEX_POINT( '', #10945 );
#8654 = CIRCLE( '', #10946, 88.2500000000000 );
#8655 = VERTEX_POINT( '', #10947 );
#8656 = CIRCLE( '', #10948, 1.60000000000000 );
#8657 = VERTEX_POINT( '', #10949 );
#8658 = LINE( '', #10950, #10951 );
#8659 = VERTEX_POINT( '', #10952 );
#8660 = CIRCLE( '', #10953, 1.60000000000000 );
#8661 = LINE( '', #10954, #10955 );
#8662 = VERTEX_POINT( '', #10956 );
#8663 = CIRCLE( '', #10957, 82.5000000000000 );
#8664 = VERTEX_POINT( '', #10958 );
#8665 = CIRCLE( '', #10959, 89.5000000000000 );
#8666 = VERTEX_POINT( '', #10960 );
#8667 = CIRCLE( '', #10961, 92.0000000000000 );
#8668 = LINE( '', #10962, #10963 );
#8669 = LINE( '', #10964, #10965 );
#8670 = LINE( '', #10966, #10967 );
#8671 = LINE( '', #10968, #10969 );
#8672 = LINE( '', #10970, #10971 );
#8673 = LINE( '', #10972, #10973 );
#8674 = LINE( '', #10974, #10975 );
#8675 = LINE( '', #10976, #10977 );
#8676 = LINE( '', #10978, #10979 );
#8677 = LINE( '', #10980, #10981 );
#8678 = LINE( '', #10982, #10983 );
#8679 = LINE( '', #10984, #10985 );
#8680 = LINE( '', #10986, #10987 );
#8681 = LINE( '', #10988, #10989 );
#8682 = LINE( '', #10990, #10991 );
#8683 = LINE( '', #10992, #10993 );
#8684 = LINE( '', #10994, #10995 );
#8685 = LINE( '', #10996, #10997 );
#8686 = LINE( '', #10998, #10999 );
#8687 = LINE( '', #11000, #11001 );
#8688 = LINE( '', #11002, #11003 );
#8689 = LINE( '', #11004, #11005 );
#8690 = LINE( '', #11006, #11007 );
#8691 = LINE( '', #11008, #11009 );
#8692 = LINE( '', #11010, #11011 );
#8693 = LINE( '', #11012, #11013 );
#8694 = LINE( '', #11014, #11015 );
#8695 = LINE( '', #11016, #11017 );
#8696 = LINE( '', #11018, #11019 );
#8697 = LINE( '', #11020, #11021 );
#8698 = LINE( '', #11022, #11023 );
#8699 = LINE( '', #11024, #11025 );
#8700 = LINE( '', #11026, #11027 );
#8701 = LINE( '', #11028, #11029 );
#8702 = LINE( '', #11030, #11031 );
#8703 = LINE( '', #11032, #11033 );
#8704 = LINE( '', #11034, #11035 );
#8705 = LINE( '', #11036, #11037 );
#8706 = LINE( '', #11038, #11039 );
#8707 = LINE( '', #11040, #11041 );
#8708 = LINE( '', #11042, #11043 );
#8709 = LINE( '', #11044, #11045 );
#8710 = LINE( '', #11046, #11047 );
#8711 = LINE( '', #11048, #11049 );
#8712 = LINE( '', #11050, #11051 );
#8713 = LINE( '', #11052, #11053 );
#8714 = LINE( '', #11054, #11055 );
#8715 = LINE( '', #11056, #11057 );
#8716 = LINE( '', #11058, #11059 );
#8717 = LINE( '', #11060, #11061 );
#8718 = LINE( '', #11062, #11063 );
#8719 = LINE( '', #11064, #11065 );
#8720 = LINE( '', #11066, #11067 );
#8721 = LINE( '', #11068, #11069 );
#8722 = LINE( '', #11070, #11071 );
#8723 = LINE( '', #11072, #11073 );
#8724 = LINE( '', #11074, #11075 );
#8725 = LINE( '', #11076, #11077 );
#8726 = LINE( '', #11078, #11079 );
#8727 = LINE( '', #11080, #11081 );
#8728 = LINE( '', #11082, #11083 );
#8729 = LINE( '', #11084, #11085 );
#8730 = LINE( '', #11086, #11087 );
#8731 = LINE( '', #11088, #11089 );
#8732 = LINE( '', #11090, #11091 );
#8733 = LINE( '', #11092, #11093 );
#8734 = LINE( '', #11094, #11095 );
#8735 = LINE( '', #11096, #11097 );
#8736 = LINE( '', #11098, #11099 );
#8737 = LINE( '', #11100, #11101 );
#8738 = LINE( '', #11102, #11103 );
#8739 = LINE( '', #11104, #11105 );
#8740 = LINE( '', #11106, #11107 );
#8741 = LINE( '', #11108, #11109 );
#8742 = LINE( '', #11110, #11111 );
#8743 = LINE( '', #11112, #11113 );
#8744 = LINE( '', #11114, #11115 );
#8745 = LINE( '', #11116, #11117 );
#8746 = LINE( '', #11118, #11119 );
#8747 = LINE( '', #11120, #11121 );
#8748 = LINE( '', #11122, #11123 );
#8749 = LINE( '', #11124, #11125 );
#8750 = LINE( '', #11126, #11127 );
#8751 = LINE( '', #11128, #11129 );
#8752 = LINE( '', #11130, #11131 );
#8753 = LINE( '', #11132, #11133 );
#8754 = LINE( '', #11134, #11135 );
#8755 = LINE( '', #11136, #11137 );
#8756 = LINE( '', #11138, #11139 );
#8757 = LINE( '', #11140, #11141 );
#8758 = LINE( '', #11142, #11143 );
#8759 = LINE( '', #11144, #11145 );
#8760 = LINE( '', #11146, #11147 );
#8761 = LINE( '', #11148, #11149 );
#8762 = LINE( '', #11150, #11151 );
#8763 = LINE( '', #11152, #11153 );
#8764 = LINE( '', #11154, #11155 );
#8765 = LINE( '', #11156, #11157 );
#8766 = LINE( '', #11158, #11159 );
#8767 = LINE( '', #11160, #11161 );
#8768 = LINE( '', #11162, #11163 );
#8769 = LINE( '', #11164, #11165 );
#8770 = LINE( '', #11166, #11167 );
#8771 = LINE( '', #11168, #11169 );
#8772 = LINE( '', #11170, #11171 );
#8773 = LINE( '', #11172, #11173 );
#8774 = LINE( '', #11174, #11175 );
#8775 = LINE( '', #11176, #11177 );
#8776 = LINE( '', #11178, #11179 );
#8777 = LINE( '', #11180, #11181 );
#8778 = LINE( '', #11182, #11183 );
#8779 = LINE( '', #11184, #11185 );
#8780 = LINE( '', #11186, #11187 );
#8781 = LINE( '', #11188, #11189 );
#8782 = LINE( '', #11190, #11191 );
#8783 = LINE( '', #11192, #11193 );
#8784 = LINE( '', #11194, #11195 );
#8785 = LINE( '', #11196, #11197 );
#8786 = LINE( '', #11198, #11199 );
#8787 = LINE( '', #11200, #11201 );
#8788 = LINE( '', #11202, #11203 );
#8789 = LINE( '', #11204, #11205 );
#8790 = LINE( '', #11206, #11207 );
#8791 = LINE( '', #11208, #11209 );
#8792 = LINE( '', #11210, #11211 );
#8793 = LINE( '', #11212, #11213 );
#8794 = LINE( '', #11214, #11215 );
#8795 = LINE( '', #11216, #11217 );
#8796 = LINE( '', #11218, #11219 );
#8797 = LINE( '', #11220, #11221 );
#8798 = LINE( '', #11222, #11223 );
#8799 = LINE( '', #11224, #11225 );
#8800 = LINE( '', #11226, #11227 );
#8801 = LINE( '', #11228, #11229 );
#8802 = LINE( '', #11230, #11231 );
#8803 = LINE( '', #11232, #11233 );
#8804 = LINE( '', #11234, #11235 );
#8805 = LINE( '', #11236, #11237 );
#8806 = LINE( '', #11238, #11239 );
#8807 = LINE( '', #11240, #11241 );
#8808 = LINE( '', #11242, #11243 );
#8809 = LINE( '', #11244, #11245 );
#8810 = LINE( '', #11246, #11247 );
#8811 = LINE( '', #11248, #11249 );
#8812 = LINE( '', #11250, #11251 );
#8813 = LINE( '', #11252, #11253 );
#8814 = LINE( '', #11254, #11255 );
#8815 = LINE( '', #11256, #11257 );
#8816 = LINE( '', #11258, #11259 );
#8817 = LINE( '', #11260, #11261 );
#8818 = LINE( '', #11262, #11263 );
#8819 = LINE( '', #11264, #11265 );
#8820 = LINE( '', #11266, #11267 );
#8821 = LINE( '', #11268, #11269 );
#8822 = LINE( '', #11270, #11271 );
#8823 = LINE( '', #11272, #11273 );
#8824 = LINE( '', #11274, #11275 );
#8825 = LINE( '', #11276, #11277 );
#8826 = LINE( '', #11278, #11279 );
#8827 = LINE( '', #11280, #11281 );
#8828 = LINE( '', #11282, #11283 );
#8829 = LINE( '', #11284, #11285 );
#8830 = LINE( '', #11286, #11287 );
#8831 = LINE( '', #11288, #11289 );
#8832 = LINE( '', #11290, #11291 );
#8833 = LINE( '', #11292, #11293 );
#8834 = LINE( '', #11294, #11295 );
#8835 = LINE( '', #11296, #11297 );
#8836 = LINE( '', #11298, #11299 );
#8837 = LINE( '', #11300, #11301 );
#8838 = LINE( '', #11302, #11303 );
#8839 = LINE( '', #11304, #11305 );
#8840 = LINE( '', #11306, #11307 );
#8841 = LINE( '', #11308, #11309 );
#8842 = LINE( '', #11310, #11311 );
#8843 = LINE( '', #11312, #11313 );
#8844 = LINE( '', #11314, #11315 );
#8845 = LINE( '', #11316, #11317 );
#8846 = LINE( '', #11318, #11319 );
#8847 = LINE( '', #11320, #11321 );
#8848 = LINE( '', #11322, #11323 );
#8849 = LINE( '', #11324, #11325 );
#8850 = LINE( '', #11326, #11327 );
#8851 = LINE( '', #11328, #11329 );
#8852 = LINE( '', #11330, #11331 );
#8853 = LINE( '', #11332, #11333 );
#8854 = LINE( '', #11334, #11335 );
#8855 = LINE( '', #11336, #11337 );
#8856 = LINE( '', #11338, #11339 );
#8857 = LINE( '', #11340, #11341 );
#8858 = LINE( '', #11342, #11343 );
#8859 = LINE( '', #11344, #11345 );
#8860 = LINE( '', #11346, #11347 );
#8861 = LINE( '', #11348, #11349 );
#8862 = LINE( '', #11350, #11351 );
#8863 = LINE( '', #11352, #11353 );
#8864 = LINE( '', #11354, #11355 );
#8865 = LINE( '', #11356, #11357 );
#8866 = LINE( '', #11358, #11359 );
#8867 = LINE( '', #11360, #11361 );
#8868 = LINE( '', #11362, #11363 );
#8869 = LINE( '', #11364, #11365 );
#8870 = LINE( '', #11366, #11367 );
#8871 = LINE( '', #11368, #11369 );
#8872 = LINE( '', #11370, #11371 );
#8873 = LINE( '', #11372, #11373 );
#8874 = LINE( '', #11374, #11375 );
#8875 = LINE( '', #11376, #11377 );
#8876 = LINE( '', #11378, #11379 );
#8877 = LINE( '', #11380, #11381 );
#8878 = LINE( '', #11382, #11383 );
#8879 = LINE( '', #11384, #11385 );
#8880 = LINE( '', #11386, #11387 );
#8881 = LINE( '', #11388, #11389 );
#8882 = LINE( '', #11390, #11391 );
#8883 = LINE( '', #11392, #11393 );
#8884 = LINE( '', #11394, #11395 );
#8885 = LINE( '', #11396, #11397 );
#8886 = LINE( '', #11398, #11399 );
#8887 = LINE( '', #11400, #11401 );
#8888 = LINE( '', #11402, #11403 );
#8889 = LINE( '', #11404, #11405 );
#8890 = LINE( '', #11406, #11407 );
#8891 = LINE( '', #11408, #11409 );
#8892 = LINE( '', #11410, #11411 );
#8893 = LINE( '', #11412, #11413 );
#8894 = LINE( '', #11414, #11415 );
#8895 = LINE( '', #11416, #11417 );
#8896 = LINE( '', #11418, #11419 );
#8897 = LINE( '', #11420, #11421 );
#8898 = LINE( '', #11422, #11423 );
#8899 = LINE( '', #11424, #11425 );
#8900 = LINE( '', #11426, #11427 );
#8901 = LINE( '', #11428, #11429 );
#8902 = LINE( '', #11430, #11431 );
#8903 = LINE( '', #11432, #11433 );
#8904 = LINE( '', #11434, #11435 );
#8905 = LINE( '', #11436, #11437 );
#8906 = LINE( '', #11438, #11439 );
#8907 = LINE( '', #11440, #11441 );
#8908 = LINE( '', #11442, #11443 );
#8909 = LINE( '', #11444, #11445 );
#8910 = LINE( '', #11446, #11447 );
#8911 = LINE( '', #11448, #11449 );
#8912 = LINE( '', #11450, #11451 );
#8913 = LINE( '', #11452, #11453 );
#8914 = LINE( '', #11454, #11455 );
#8915 = LINE( '', #11456, #11457 );
#8916 = LINE( '', #11458, #11459 );
#8917 = LINE( '', #11460, #11461 );
#8918 = LINE( '', #11462, #11463 );
#8919 = LINE( '', #11464, #11465 );
#8920 = LINE( '', #11466, #11467 );
#8921 = LINE( '', #11468, #11469 );
#8922 = LINE( '', #11470, #11471 );
#8923 = LINE( '', #11472, #11473 );
#8924 = LINE( '', #11474, #11475 );
#8925 = LINE( '', #11476, #11477 );
#8926 = LINE( '', #11478, #11479 );
#8927 = LINE( '', #11480, #11481 );
#8928 = LINE( '', #11482, #11483 );
#8929 = LINE( '', #11484, #11485 );
#8930 = LINE( '', #11486, #11487 );
#8931 = LINE( '', #11488, #11489 );
#8932 = LINE( '', #11490, #11491 );
#8933 = LINE( '', #11492, #11493 );
#8934 = LINE( '', #11494, #11495 );
#8935 = LINE( '', #11496, #11497 );
#8936 = LINE( '', #11498, #11499 );
#8937 = LINE( '', #11500, #11501 );
#8938 = LINE( '', #11502, #11503 );
#8939 = LINE( '', #11504, #11505 );
#8940 = LINE( '', #11506, #11507 );
#8941 = LINE( '', #11508, #11509 );
#8942 = LINE( '', #11510, #11511 );
#8943 = LINE( '', #11512, #11513 );
#8944 = LINE( '', #11514, #11515 );
#8945 = LINE( '', #11516, #11517 );
#8946 = LINE( '', #11518, #11519 );
#8947 = LINE( '', #11520, #11521 );
#8948 = LINE( '', #11522, #11523 );
#8949 = LINE( '', #11524, #11525 );
#8950 = LINE( '', #11526, #11527 );
#8951 = LINE( '', #11528, #11529 );
#8952 = LINE( '', #11530, #11531 );
#8953 = LINE( '', #11532, #11533 );
#8954 = LINE( '', #11534, #11535 );
#8955 = LINE( '', #11536, #11537 );
#8956 = LINE( '', #11538, #11539 );
#8957 = LINE( '', #11540, #11541 );
#8958 = LINE( '', #11542, #11543 );
#8959 = LINE( '', #11544, #11545 );
#8960 = LINE( '', #11546, #11547 );
#8961 = LINE( '', #11548, #11549 );
#8962 = LINE( '', #11550, #11551 );
#8963 = LINE( '', #11552, #11553 );
#8964 = LINE( '', #11554, #11555 );
#8965 = LINE( '', #11556, #11557 );
#8966 = LINE( '', #11558, #11559 );
#8967 = LINE( '', #11560, #11561 );
#8968 = LINE( '', #11562, #11563 );
#8969 = LINE( '', #11564, #11565 );
#8970 = LINE( '', #11566, #11567 );
#8971 = LINE( '', #11568, #11569 );
#8972 = LINE( '', #11570, #11571 );
#8973 = LINE( '', #11572, #11573 );
#8974 = LINE( '', #11574, #11575 );
#8975 = LINE( '', #11576, #11577 );
#8976 = LINE( '', #11578, #11579 );
#8977 = LINE( '', #11580, #11581 );
#8978 = LINE( '', #11582, #11583 );
#8979 = LINE( '', #11584, #11585 );
#8980 = LINE( '', #11586, #11587 );
#8981 = LINE( '', #11588, #11589 );
#8982 = LINE( '', #11590, #11591 );
#8983 = LINE( '', #11592, #11593 );
#8984 = LINE( '', #11594, #11595 );
#8985 = LINE( '', #11596, #11597 );
#8986 = LINE( '', #11598, #11599 );
#8987 = LINE( '', #11600, #11601 );
#8988 = LINE( '', #11602, #11603 );
#8989 = LINE( '', #11604, #11605 );
#8990 = LINE( '', #11606, #11607 );
#8991 = LINE( '', #11608, #11609 );
#8992 = LINE( '', #11610, #11611 );
#8993 = LINE( '', #11612, #11613 );
#8994 = LINE( '', #11614, #11615 );
#8995 = LINE( '', #11616, #11617 );
#8996 = LINE( '', #11618, #11619 );
#8997 = LINE( '', #11620, #11621 );
#8998 = LINE( '', #11622, #11623 );
#8999 = LINE( '', #11624, #11625 );
#9000 = LINE( '', #11626, #11627 );
#9001 = LINE( '', #11628, #11629 );
#9002 = LINE( '', #11630, #11631 );
#9003 = LINE( '', #11632, #11633 );
#9004 = LINE( '', #11634, #11635 );
#9005 = LINE( '', #11636, #11637 );
#9006 = LINE( '', #11638, #11639 );
#9007 = LINE( '', #11640, #11641 );
#9008 = LINE( '', #11642, #11643 );
#9009 = LINE( '', #11644, #11645 );
#9010 = LINE( '', #11646, #11647 );
#9011 = LINE( '', #11648, #11649 );
#9012 = LINE( '', #11650, #11651 );
#9013 = LINE( '', #11652, #11653 );
#9014 = LINE( '', #11654, #11655 );
#9015 = LINE( '', #11656, #11657 );
#9016 = LINE( '', #11658, #11659 );
#9017 = LINE( '', #11660, #11661 );
#9018 = LINE( '', #11662, #11663 );
#9019 = LINE( '', #11664, #11665 );
#9020 = VERTEX_POINT( '', #11666 );
#9021 = CIRCLE( '', #11667, 40.0000000000000 );
#9022 = VERTEX_POINT( '', #11668 );
#9023 = CIRCLE( '', #11669, 75.0000000000000 );
#9024 = VERTEX_POINT( '', #11670 );
#9025 = CIRCLE( '', #11671, 82.5000000000000 );
#9026 = LINE( '', #11672, #11673 );
#9027 = LINE( '', #11674, #11675 );
#9028 = LINE( '', #11676, #11677 );
#9029 = LINE( '', #11678, #11679 );
#9030 = LINE( '', #11680, #11681 );
#9031 = LINE( '', #11682, #11683 );
#9032 = LINE( '', #11684, #11685 );
#9033 = LINE( '', #11686, #11687 );
#9034 = LINE( '', #11688, #11689 );
#9035 = LINE( '', #11690, #11691 );
#9036 = LINE( '', #11692, #11693 );
#9037 = LINE( '', #11694, #11695 );
#9038 = LINE( '', #11696, #11697 );
#9039 = LINE( '', #11698, #11699 );
#9040 = LINE( '', #11700, #11701 );
#9041 = LINE( '', #11702, #11703 );
#9042 = LINE( '', #11704, #11705 );
#9043 = LINE( '', #11706, #11707 );
#9044 = LINE( '', #11708, #11709 );
#9045 = LINE( '', #11710, #11711 );
#9046 = LINE( '', #11712, #11713 );
#9047 = LINE( '', #11714, #11715 );
#9048 = LINE( '', #11716, #11717 );
#9049 = LINE( '', #11718, #11719 );
#9050 = LINE( '', #11720, #11721 );
#9051 = LINE( '', #11722, #11723 );
#9052 = LINE( '', #11724, #11725 );
#9053 = LINE( '', #11726, #11727 );
#9054 = LINE( '', #11728, #11729 );
#9055 = LINE( '', #11730, #11731 );
#9056 = LINE( '', #11732, #11733 );
#9057 = LINE( '', #11734, #11735 );
#9058 = LINE( '', #11736, #11737 );
#9059 = LINE( '', #11738, #11739 );
#9060 = CARTESIAN_POINT( '', ( 10.6000000000000, 47.4242010343875, -4.41250000000000 ) );
#9061 = CARTESIAN_POINT( '', ( 10.6000000000000, 64.3148881966687, -4.41250000000000 ) );
#9062 = CARTESIAN_POINT( '', ( 10.6000000000000, 40.0000000000000, -4.41250000000000 ) );
#9063 = VECTOR( '', #11740, 1000.00000000000 );
#9064 = CARTESIAN_POINT( '', ( 21.2000000000000, 64.3148881966687, -4.41250000000000 ) );
#9065 = CARTESIAN_POINT( '', ( 47.7000000000000, 64.3148881966687, -4.41250000000000 ) );
#9066 = VECTOR( '', #11741, 1000.00000000000 );
#9067 = CARTESIAN_POINT( '', ( 21.2000000000000, 47.4242010343875, -4.41250000000000 ) );
#9068 = CARTESIAN_POINT( '', ( 21.2000000000000, 75.0000000000000, -4.41250000000000 ) );
#9069 = VECTOR( '', #11742, 1000.00000000000 );
#9070 = CARTESIAN_POINT( '', ( 47.7000000000000, 47.4242010343875, -4.41250000000000 ) );
#9071 = VECTOR( '', #11743, 1000.00000000000 );
#9072 = CARTESIAN_POINT( '', ( 10.6000000000000, 44.4601884949460, -6.94921858872409 ) );
#9073 = AXIS2_PLACEMENT_3D( '', #11744, #11745, #11746 );
#9074 = CARTESIAN_POINT( '', ( 21.2000000000000, 44.4601884949460, -6.94921858872409 ) );
#9075 = AXIS2_PLACEMENT_3D( '', #11747, #11748, #11749 );
#9076 = CARTESIAN_POINT( '', ( 47.7000000000000, 44.4601884949460, -6.94921858872409 ) );
#9077 = VECTOR( '', #11750, 1000.00000000000 );
#9078 = CARTESIAN_POINT( '', ( 10.6000000000000, 69.2621872887202, -10.1365384615385 ) );
#9079 = AXIS2_PLACEMENT_3D( '', #11751, #11752, #11753 );
#9080 = CARTESIAN_POINT( '', ( 21.2000000000000, 69.2621872887202, -10.1365384615385 ) );
#9081 = CARTESIAN_POINT( '', ( 47.7000000000000, 69.2621872887202, -10.1365384615385 ) );
#9082 = VECTOR( '', #11754, 1000.00000000000 );
#9083 = AXIS2_PLACEMENT_3D( '', #11755, #11756, #11757 );
#9084 = CARTESIAN_POINT( '', ( 10.6000000000000, 0.000000000000000, -75.0000000000000 ) );
#9085 = AXIS2_PLACEMENT_3D( '', #11758, #11759, #11760 );
#9086 = CARTESIAN_POINT( '', ( 10.6000000000000, 20.3480535856102, -40.1367252684762 ) );
#9087 = AXIS2_PLACEMENT_3D( '', #11761, #11762, #11763 );
#9088 = CARTESIAN_POINT( '', ( 10.6000000000000, 18.8514209424320, -43.7395579361661 ) );
#9089 = AXIS2_PLACEMENT_3D( '', #11764, #11765, #11766 );
#9090 = CARTESIAN_POINT( '', ( 10.6000000000000, 24.0709303222477, -59.8035560265566 ) );
#9091 = CARTESIAN_POINT( '', ( 10.6000000000000, 8.01619699065340, -10.3921675581700 ) );
#9092 = VECTOR( '', #11767, 1000.00000000000 );
#9093 = CARTESIAN_POINT( '', ( 10.6000000000000, 31.0436138963176, -62.7398919050420 ) );
#9094 = AXIS2_PLACEMENT_3D( '', #11768, #11769, #11770 );
#9095 = AXIS2_PLACEMENT_3D( '', #11771, #11772, #11773 );
#9096 = CARTESIAN_POINT( '', ( 10.6000000000000, -54.6254399681703, 34.2335552971617 ) );
#9097 = CARTESIAN_POINT( '', ( 10.6000000000000, -40.9605870072140, 24.3054584820870 ) );
#9098 = CARTESIAN_POINT( '', ( 10.6000000000000, 23.5867374617584, -22.5909178135825 ) );
#9099 = VECTOR( '', #11774, 1000.00000000000 );
#9100 = CARTESIAN_POINT( '', ( 10.6000000000000, -61.9923944011428, 32.5106603503091 ) );
#9101 = AXIS2_PLACEMENT_3D( '', #11775, #11776, #11777 );
#9102 = CARTESIAN_POINT( '', ( 10.6000000000000, -61.9923944011429, -32.5106603503090 ) );
#9103 = AXIS2_PLACEMENT_3D( '', #11778, #11779, #11780 );
#9104 = CARTESIAN_POINT( '', ( 10.6000000000000, -54.6254399681703, -34.2335552971617 ) );
#9105 = AXIS2_PLACEMENT_3D( '', #11781, #11782, #11783 );
#9106 = CARTESIAN_POINT( '', ( 10.6000000000000, -40.9605870072140, -24.3054584820869 ) );
#9107 = CARTESIAN_POINT( '', ( 10.6000000000000, 23.5867374617584, 22.5909178135825 ) );
#9108 = VECTOR( '', #11784, 1000.00000000000 );
#9109 = CARTESIAN_POINT( '', ( 10.6000000000000, -40.0536963413357, -20.5110070302770 ) );
#9110 = AXIS2_PLACEMENT_3D( '', #11785, #11786, #11787 );
#9111 = CARTESIAN_POINT( '', ( 10.6000000000000, -40.0536963413357, 20.5110070302770 ) );
#9112 = AXIS2_PLACEMENT_3D( '', #11788, #11789, #11790 );
#9113 = AXIS2_PLACEMENT_3D( '', #11791, #11792, #11793 );
#9114 = CARTESIAN_POINT( '', ( 10.6000000000000, 0.000000000000000, -40.0000000000000 ) );
#9115 = AXIS2_PLACEMENT_3D( '', #11794, #11795, #11796 );
#9116 = CARTESIAN_POINT( '', ( 10.6000000000000, 31.0436138963176, 62.7398919050420 ) );
#9117 = CARTESIAN_POINT( '', ( 10.6000000000000, 69.2621872887202, 10.1365384615385 ) );
#9118 = AXIS2_PLACEMENT_3D( '', #11797, #11798, #11799 );
#9119 = CARTESIAN_POINT( '', ( 10.6000000000000, 24.0709303222477, 59.8035560265566 ) );
#9120 = AXIS2_PLACEMENT_3D( '', #11800, #11801, #11802 );
#9121 = CARTESIAN_POINT( '', ( 10.6000000000000, 18.8514209424321, 43.7395579361661 ) );
#9122 = CARTESIAN_POINT( '', ( 10.6000000000000, 8.01619699065341, 10.3921675581700 ) );
#9123 = VECTOR( '', #11803, 1000.00000000000 );
#9124 = CARTESIAN_POINT( '', ( 10.6000000000000, 20.3480535856102, 40.1367252684762 ) );
#9125 = AXIS2_PLACEMENT_3D( '', #11804, #11805, #11806 );
#9126 = CARTESIAN_POINT( '', ( 10.6000000000000, 44.4601884697383, 6.94921874999999 ) );
#9127 = AXIS2_PLACEMENT_3D( '', #11807, #11808, #11809 );
#9128 = CARTESIAN_POINT( '', ( 10.6000000000000, 47.4242010343875, 4.41250000000000 ) );
#9129 = AXIS2_PLACEMENT_3D( '', #11810, #11811, #11812 );
#9130 = CARTESIAN_POINT( '', ( 10.6000000000000, 64.3148881966687, 4.41250000000000 ) );
#9131 = CARTESIAN_POINT( '', ( 10.6000000000000, 40.0000000000000, 4.41250000000000 ) );
#9132 = VECTOR( '', #11813, 1000.00000000000 );
#9133 = AXIS2_PLACEMENT_3D( '', #11814, #11815, #11816 );
#9134 = CARTESIAN_POINT( '', ( 10.6000000000000, 11.7627719832724, 69.0046172025433 ) );
#9135 = CARTESIAN_POINT( '', ( 10.6000000000000, 15.6778565659430, 62.5306310019155 ) );
#9136 = AXIS2_PLACEMENT_3D( '', #11817, #11818, #11819 );
#9137 = CARTESIAN_POINT( '', ( 10.6000000000000, -52.0413981686222, 46.8155196132109 ) );
#9138 = AXIS2_PLACEMENT_3D( '', #11820, #11821, #11822 );
#9139 = CARTESIAN_POINT( '', ( 10.6000000000000, -51.2630817037544, 39.4264689546782 ) );
#9140 = AXIS2_PLACEMENT_3D( '', #11823, #11824, #11825 );
#9141 = CARTESIAN_POINT( '', ( 10.6000000000000, -37.6035581734486, 29.5022441976211 ) );
#9142 = CARTESIAN_POINT( '', ( 10.6000000000000, 27.2177808577952, -17.5932153308313 ) );
#9143 = VECTOR( '', #11826, 1000.00000000000 );
#9144 = CARTESIAN_POINT( '', ( 10.6000000000000, -33.6001896569532, 29.9337143538314 ) );
#9145 = AXIS2_PLACEMENT_3D( '', #11827, #11828, #11829 );
#9146 = CARTESIAN_POINT( '', ( 10.6000000000000, 7.12985403491424, 44.4315786512343 ) );
#9147 = AXIS2_PLACEMENT_3D( '', #11830, #11831, #11832 );
#9148 = CARTESIAN_POINT( '', ( 10.6000000000000, 10.4583471861273, 46.4666329115251 ) );
#9149 = AXIS2_PLACEMENT_3D( '', #11833, #11834, #11835 );
#9150 = CARTESIAN_POINT( '', ( 10.6000000000000, -0.376876765651325, 13.1192425335289 ) );
#9151 = VECTOR( '', #11836, 1000.00000000000 );
#9152 = CARTESIAN_POINT( '', ( 10.6000000000000, 7.12985403491424, -44.4315786512343 ) );
#9153 = CARTESIAN_POINT( '', ( 10.6000000000000, 10.4583471861273, -46.4666329115251 ) );
#9154 = AXIS2_PLACEMENT_3D( '', #11837, #11838, #11839 );
#9155 = CARTESIAN_POINT( '', ( 10.6000000000000, -31.8843997489270, -31.7550791630350 ) );
#9156 = AXIS2_PLACEMENT_3D( '', #11840, #11841, #11842 );
#9157 = CARTESIAN_POINT( '', ( 10.6000000000000, -35.7733821557329, -31.4450334574459 ) );
#9158 = AXIS2_PLACEMENT_3D( '', #11843, #11844, #11845 );
#9159 = CARTESIAN_POINT( '', ( 10.6000000000000, -49.4382351166892, -41.3731302725206 ) );
#9160 = CARTESIAN_POINT( '', ( 10.6000000000000, 28.7739423132395, 15.4513428382236 ) );
#9161 = VECTOR( '', #11846, 1000.00000000000 );
#9162 = CARTESIAN_POINT( '', ( 10.6000000000000, -50.0761787671674, -48.9119241093488 ) );
#9163 = AXIS2_PLACEMENT_3D( '', #11847, #11848, #11849 );
#9164 = CARTESIAN_POINT( '', ( 10.6000000000000, 11.7627719832723, -69.0046172025434 ) );
#9165 = AXIS2_PLACEMENT_3D( '', #11850, #11851, #11852 );
#9166 = CARTESIAN_POINT( '', ( 10.6000000000000, 15.6778565659430, -62.5306310019155 ) );
#9167 = AXIS2_PLACEMENT_3D( '', #11853, #11854, #11855 );
#9168 = CARTESIAN_POINT( '', ( 10.6000000000000, -0.376876765651325, -13.1192425335289 ) );
#9169 = VECTOR( '', #11856, 1000.00000000000 );
#9170 = CARTESIAN_POINT( '', ( 21.2000000000000, 0.000000000000000, -40.0000000000000 ) );
#9171 = AXIS2_PLACEMENT_3D( '', #11857, #11858, #11859 );
#9172 = CARTESIAN_POINT( '', ( 21.2000000000000, 31.0436138963176, -62.7398919050420 ) );
#9173 = AXIS2_PLACEMENT_3D( '', #11860, #11861, #11862 );
#9174 = CARTESIAN_POINT( '', ( 21.2000000000000, 24.0709303222477, -59.8035560265566 ) );
#9175 = AXIS2_PLACEMENT_3D( '', #11863, #11864, #11865 );
#9176 = CARTESIAN_POINT( '', ( 21.2000000000000, 18.8514209424320, -43.7395579361661 ) );
#9177 = CARTESIAN_POINT( '', ( 21.2000000000000, 11.3583995890918, -20.6784094732883 ) );
#9178 = VECTOR( '', #11866, 1000.00000000000 );
#9179 = CARTESIAN_POINT( '', ( 21.2000000000000, 20.3480535856102, -40.1367252684762 ) );
#9180 = AXIS2_PLACEMENT_3D( '', #11867, #11868, #11869 );
#9181 = AXIS2_PLACEMENT_3D( '', #11870, #11871, #11872 );
#9182 = CARTESIAN_POINT( '', ( 21.2000000000000, -40.9605870072140, 24.3054584820870 ) );
#9183 = CARTESIAN_POINT( '', ( 21.2000000000000, -54.6254399681703, 34.2335552971617 ) );
#9184 = CARTESIAN_POINT( '', ( 21.2000000000000, 46.4945348633200, -39.2344068487477 ) );
#9185 = VECTOR( '', #11873, 1000.00000000000 );
#9186 = CARTESIAN_POINT( '', ( 21.2000000000000, -40.0536963413357, 20.5110070302770 ) );
#9187 = AXIS2_PLACEMENT_3D( '', #11874, #11875, #11876 );
#9188 = CARTESIAN_POINT( '', ( 21.2000000000000, -40.0536963413357, -20.5110070302770 ) );
#9189 = AXIS2_PLACEMENT_3D( '', #11877, #11878, #11879 );
#9190 = CARTESIAN_POINT( '', ( 21.2000000000000, -40.9605870072140, -24.3054584820869 ) );
#9191 = AXIS2_PLACEMENT_3D( '', #11880, #11881, #11882 );
#9192 = CARTESIAN_POINT( '', ( 21.2000000000000, -54.6254399681703, -34.2335552971617 ) );
#9193 = CARTESIAN_POINT( '', ( 21.2000000000000, 46.4945348633200, 39.2344068487477 ) );
#9194 = VECTOR( '', #11883, 1000.00000000000 );
#9195 = CARTESIAN_POINT( '', ( 21.2000000000000, -61.9923944011429, -32.5106603503090 ) );
#9196 = AXIS2_PLACEMENT_3D( '', #11884, #11885, #11886 );
#9197 = CARTESIAN_POINT( '', ( 21.2000000000000, -61.9923944011428, 32.5106603503091 ) );
#9198 = AXIS2_PLACEMENT_3D( '', #11887, #11888, #11889 );
#9199 = AXIS2_PLACEMENT_3D( '', #11890, #11891, #11892 );
#9200 = CARTESIAN_POINT( '', ( 21.2000000000000, 0.000000000000000, -75.0000000000000 ) );
#9201 = AXIS2_PLACEMENT_3D( '', #11893, #11894, #11895 );
#9202 = CARTESIAN_POINT( '', ( 21.2000000000000, 69.2621872887202, 10.1365384615385 ) );
#9203 = CARTESIAN_POINT( '', ( 21.2000000000000, 31.0436138963176, 62.7398919050420 ) );
#9204 = AXIS2_PLACEMENT_3D( '', #11896, #11897, #11898 );
#9205 = CARTESIAN_POINT( '', ( 21.2000000000000, 64.3148881966687, 4.41250000000000 ) );
#9206 = AXIS2_PLACEMENT_3D( '', #11899, #11900, #11901 );
#9207 = CARTESIAN_POINT( '', ( 21.2000000000000, 47.4242010343875, 4.41250000000000 ) );
#9208 = CARTESIAN_POINT( '', ( 21.2000000000000, 75.0000000000000, 4.41250000000000 ) );
#9209 = VECTOR( '', #11902, 1000.00000000000 );
#9210 = CARTESIAN_POINT( '', ( 21.2000000000000, 44.4601884697383, 6.94921874999999 ) );
#9211 = AXIS2_PLACEMENT_3D( '', #11903, #11904, #11905 );
#9212 = CARTESIAN_POINT( '', ( 21.2000000000000, 20.3480535856102, 40.1367252684762 ) );
#9213 = AXIS2_PLACEMENT_3D( '', #11906, #11907, #11908 );
#9214 = CARTESIAN_POINT( '', ( 21.2000000000000, 18.8514209424321, 43.7395579361661 ) );
#9215 = AXIS2_PLACEMENT_3D( '', #11909, #11910, #11911 );
#9216 = CARTESIAN_POINT( '', ( 21.2000000000000, 24.0709303222477, 59.8035560265566 ) );
#9217 = CARTESIAN_POINT( '', ( 21.2000000000000, 11.3583995890918, 20.6784094732883 ) );
#9218 = VECTOR( '', #11912, 1000.00000000000 );
#9219 = AXIS2_PLACEMENT_3D( '', #11913, #11914, #11915 );
#9220 = CARTESIAN_POINT( '', ( 21.2000000000000, 15.6778565659430, 62.5306310019155 ) );
#9221 = CARTESIAN_POINT( '', ( 21.2000000000000, 11.7627719832724, 69.0046172025433 ) );
#9222 = AXIS2_PLACEMENT_3D( '', #11916, #11917, #11918 );
#9223 = CARTESIAN_POINT( '', ( 21.2000000000000, 10.4583471861273, 46.4666329115250 ) );
#9224 = CARTESIAN_POINT( '', ( 21.2000000000000, 2.96532583278708, 23.4054844486472 ) );
#9225 = VECTOR( '', #11919, 1000.00000000000 );
#9226 = CARTESIAN_POINT( '', ( 21.2000000000000, 7.12985403491424, 44.4315786512343 ) );
#9227 = AXIS2_PLACEMENT_3D( '', #11920, #11921, #11922 );
#9228 = CARTESIAN_POINT( '', ( 21.2000000000000, -33.6001896569532, 29.9337143538314 ) );
#9229 = AXIS2_PLACEMENT_3D( '', #11923, #11924, #11925 );
#9230 = CARTESIAN_POINT( '', ( 21.2000000000000, -37.6035581734486, 29.5022441976211 ) );
#9231 = AXIS2_PLACEMENT_3D( '', #11926, #11927, #11928 );
#9232 = CARTESIAN_POINT( '', ( 21.2000000000000, -51.2630817037544, 39.4264689546782 ) );
#9233 = CARTESIAN_POINT( '', ( 21.2000000000000, 50.1255782593568, -34.2367043659965 ) );
#9234 = VECTOR( '', #11929, 1000.00000000000 );
#9235 = CARTESIAN_POINT( '', ( 21.2000000000000, -52.0413981686222, 46.8155196132109 ) );
#9236 = AXIS2_PLACEMENT_3D( '', #11930, #11931, #11932 );
#9237 = AXIS2_PLACEMENT_3D( '', #11933, #11934, #11935 );
#9238 = CARTESIAN_POINT( '', ( 21.2000000000000, -31.8843997489270, -31.7550791630350 ) );
#9239 = CARTESIAN_POINT( '', ( 21.2000000000000, -35.7733821557329, -31.4450334574459 ) );
#9240 = AXIS2_PLACEMENT_3D( '', #11936, #11937, #11938 );
#9241 = CARTESIAN_POINT( '', ( 21.2000000000000, 7.12985403491424, -44.4315786512343 ) );
#9242 = AXIS2_PLACEMENT_3D( '', #11939, #11940, #11941 );
#9243 = CARTESIAN_POINT( '', ( 21.2000000000000, 10.4583471861273, -46.4666329115251 ) );
#9244 = AXIS2_PLACEMENT_3D( '', #11942, #11943, #11944 );
#9245 = CARTESIAN_POINT( '', ( 21.2000000000000, 15.6778565659430, -62.5306310019155 ) );
#9246 = CARTESIAN_POINT( '', ( 21.2000000000000, 2.96532583278709, -23.4054844486472 ) );
#9247 = VECTOR( '', #11945, 1000.00000000000 );
#9248 = CARTESIAN_POINT( '', ( 21.2000000000000, 11.7627719832723, -69.0046172025434 ) );
#9249 = AXIS2_PLACEMENT_3D( '', #11946, #11947, #11948 );
#9250 = CARTESIAN_POINT( '', ( 21.2000000000000, -50.0761787671674, -48.9119241093488 ) );
#9251 = AXIS2_PLACEMENT_3D( '', #11949, #11950, #11951 );
#9252 = CARTESIAN_POINT( '', ( 21.2000000000000, -49.4382351166892, -41.3731302725206 ) );
#9253 = AXIS2_PLACEMENT_3D( '', #11952, #11953, #11954 );
#9254 = CARTESIAN_POINT( '', ( 21.2000000000000, 51.6817397148011, 32.0948318733888 ) );
#9255 = VECTOR( '', #11955, 1000.00000000000 );
#9256 = CARTESIAN_POINT( '', ( 0.000000000000000, 0.000000000000000, -40.0000000000000 ) );
#9257 = AXIS2_PLACEMENT_3D( '', #11956, #11957, #11958 );
#9258 = CARTESIAN_POINT( '', ( 0.000000000000000, 0.000000000000000, -75.0000000000000 ) );
#9259 = AXIS2_PLACEMENT_3D( '', #11959, #11960, #11961 );
#9260 = CARTESIAN_POINT( '', ( 0.000000000000000, 0.000000000000000, -9.00000000000000 ) );
#9261 = AXIS2_PLACEMENT_3D( '', #11962, #11963, #11964 );
#9262 = CARTESIAN_POINT( '', ( 50.0000000000000, 0.000000000000000, -9.00000000000000 ) );
#9263 = AXIS2_PLACEMENT_3D( '', #11965, #11966, #11967 );
#9264 = CARTESIAN_POINT( '', ( 47.7000000000000, 69.2621872887202, 10.1365384615385 ) );
#9265 = VECTOR( '', #11968, 1000.00000000000 );
#9266 = CARTESIAN_POINT( '', ( 47.7000000000000, 31.0436138963176, 62.7398919050420 ) );
#9267 = VECTOR( '', #11969, 1000.00000000000 );
#9268 = CARTESIAN_POINT( '', ( 31.8000000000000, 0.000000000000000, -82.5000000000000 ) );
#9269 = AXIS2_PLACEMENT_3D( '', #11970, #11971, #11972 );
#9270 = CARTESIAN_POINT( '', ( 31.7500000000001, 0.000000000000000, -82.4999999999999 ) );
#9271 = AXIS2_PLACEMENT_3D( '', #11973, #11974, #11975 );
#9272 = CARTESIAN_POINT( '', ( 30.9698729810778, 0.000000000000000, -92.0000000000000 ) );
#9273 = AXIS2_PLACEMENT_3D( '', #11976, #11977, #11978 );
#9274 = CARTESIAN_POINT( '', ( 32.4198729810778, 0.000000000000000, -92.0000000000000 ) );
#9275 = AXIS2_PLACEMENT_3D( '', #11979, #11980, #11981 );
#9276 = CARTESIAN_POINT( '', ( 31.7500000000000, 0.000000000000000, -89.5000000000000 ) );
#9277 = AXIS2_PLACEMENT_3D( '', #11982, #11983, #11984 );
#9278 = CARTESIAN_POINT( '', ( 30.3000000000000, 85.2000000000001, 0.974667938864428 ) );
#9279 = CARTESIAN_POINT( '', ( 30.3000000000000, 85.2000000000001, -0.974667938864540 ) );
#9280 = CARTESIAN_POINT( '', ( 30.3000000000000, 85.2000000000001, -8.68547145669837E-14 ) );
#9281 = VECTOR( '', #11985, 1000.00000000000 );
#9282 = CARTESIAN_POINT( '', ( 30.3000000000000, 86.2527677706790, 2.47817613212192 ) );
#9283 = AXIS2_PLACEMENT_3D( '', #11986, #11987, #11988 );
#9284 = CARTESIAN_POINT( '', ( 30.3000000000000, 87.0911266251217, 2.78331380077260 ) );
#9285 = CARTESIAN_POINT( '', ( 30.3000000000000, 87.2198977546098, 2.83018265893908 ) );
#9286 = VECTOR( '', #11989, 1000.00000000000 );
#9287 = CARTESIAN_POINT( '', ( 30.3000000000000, 88.1419351463290, 4.36597854556437 ) );
#9288 = AXIS2_PLACEMENT_3D( '', #11990, #11991, #11992 );
#9289 = CARTESIAN_POINT( '', ( 30.3000000000000, 87.8661208812153, 8.22236591788905 ) );
#9290 = AXIS2_PLACEMENT_3D( '', #11993, #11994, #11995 );
#9291 = CARTESIAN_POINT( '', ( 30.3000000000000, 86.6007713845337, 9.63937592120457 ) );
#9292 = AXIS2_PLACEMENT_3D( '', #11996, #11997, #11998 );
#9293 = CARTESIAN_POINT( '', ( 30.3000000000000, 85.7275201964504, 9.82209682357557 ) );
#9294 = CARTESIAN_POINT( '', ( 30.3000000000000, 90.1131819082378, 8.90443180759014 ) );
#9295 = VECTOR( '', #11999, 1000.00000000000 );
#9296 = CARTESIAN_POINT( '', ( 30.3000000000000, 84.4714965583453, 11.1604769962819 ) );
#9297 = AXIS2_PLACEMENT_3D( '', #12000, #12001, #12002 );
#9298 = CARTESIAN_POINT( '', ( 30.3000000000000, 84.1940771381659, 13.0899714454858 ) );
#9299 = CARTESIAN_POINT( '', ( 30.3000000000000, 86.1201593875162, -0.306224849744185 ) );
#9300 = VECTOR( '', #12003, 1000.00000000000 );
#9301 = CARTESIAN_POINT( '', ( 30.3000000000000, 85.0221577255391, 14.7280005682392 ) );
#9302 = AXIS2_PLACEMENT_3D( '', #12004, #12005, #12006 );
#9303 = CARTESIAN_POINT( '', ( 30.3000000000000, 85.8085576776921, 15.1493432801802 ) );
#9304 = CARTESIAN_POINT( '', ( 30.3000000000000, 81.3990175160992, 12.7867698784251 ) );
#9305 = VECTOR( '', #12007, 1000.00000000000 );
#9306 = CARTESIAN_POINT( '', ( 30.3000000000000, 86.6234338060984, 16.8654444246359 ) );
#9307 = AXIS2_PLACEMENT_3D( '', #12008, #12009, #12010 );
#9308 = CARTESIAN_POINT( '', ( 30.3000000000000, 85.8016057873007, 20.6433268714287 ) );
#9309 = AXIS2_PLACEMENT_3D( '', #12011, #12012, #12013 );
#9310 = CARTESIAN_POINT( '', ( 30.3000000000000, 84.3474741745585, 21.8658357470907 ) );
#9311 = AXIS2_PLACEMENT_3D( '', #12014, #12015, #12016 );
#9312 = CARTESIAN_POINT( '', ( 30.3000000000000, 83.4571075287757, 21.9224202125333 ) );
#9313 = CARTESIAN_POINT( '', ( 30.3000000000000, 89.6183266229833, 21.5308632168037 ) );
#9314 = VECTOR( '', #12017, 1000.00000000000 );
#9315 = CARTESIAN_POINT( '', ( 30.3000000000000, 82.0233970424430, 23.0684268039420 ) );
#9316 = AXIS2_PLACEMENT_3D( '', #12018, #12019, #12020 );
#9317 = CARTESIAN_POINT( '', ( 30.3000000000000, 81.4742056614676, 24.9388008818376 ) );
#9318 = CARTESIAN_POINT( '', ( 30.3000000000000, 88.7534892157801, 0.147837772661814 ) );
#9319 = VECTOR( '', #12021, 1000.00000000000 );
#9320 = CARTESIAN_POINT( '', ( 30.3000000000000, 82.0607417327634, 26.6780053848336 ) );
#9321 = AXIS2_PLACEMENT_3D( '', #12022, #12023, #12024 );
#9322 = CARTESIAN_POINT( '', ( 30.3000000000000, 82.7791739473911, 27.2069758175018 ) );
#9323 = CARTESIAN_POINT( '', ( 30.3000000000000, 73.3367857406201, 20.2546926744843 ) );
#9324 = VECTOR( '', #12025, 1000.00000000000 );
#9325 = CARTESIAN_POINT( '', ( 30.3000000000000, 83.3415291549307, 29.0215784911474 ) );
#9326 = AXIS2_PLACEMENT_3D( '', #12026, #12027, #12028 );
#9327 = CARTESIAN_POINT( '', ( 30.3000000000000, 81.9904174309554, 32.6440492203048 ) );
#9328 = AXIS2_PLACEMENT_3D( '', #12029, #12030, #12031 );
#9329 = CARTESIAN_POINT( '', ( 30.3000000000000, 80.3771056284188, 33.6471702130294 ) );
#9330 = AXIS2_PLACEMENT_3D( '', #12032, #12033, #12034 );
#9331 = CARTESIAN_POINT( '', ( 30.3000000000000, 79.4877488222391, 33.5764663450033 ) );
#9332 = CARTESIAN_POINT( '', ( 30.3000000000000, 85.5424039165741, 34.0578114381746 ) );
#9333 = VECTOR( '', #12035, 1000.00000000000 );
#9334 = CARTESIAN_POINT( '', ( 30.3000000000000, 77.9055376987010, 34.5067699657234 ) );
#9335 = AXIS2_PLACEMENT_3D( '', #12036, #12037, #12038 );
#9336 = CARTESIAN_POINT( '', ( 30.3000000000000, 77.0957543097092, 36.2799482497981 ) );
#9337 = CARTESIAN_POINT( '', ( 30.3000000000000, 92.7299161188703, 2.04590913937970 ) );
#9338 = VECTOR( '', #12039, 1000.00000000000 );
#9339 = CARTESIAN_POINT( '', ( 30.3000000000000, 77.4288056819462, 38.0849229448073 ) );
#9340 = AXIS2_PLACEMENT_3D( '', #12040, #12041, #12042 );
#9341 = CARTESIAN_POINT( '', ( 30.3000000000000, 78.0646449509462, 38.7107527856185 ) );
#9342 = CARTESIAN_POINT( '', ( 30.3000000000000, 63.8851826263399, 24.7545045920272 ) );
#9343 = VECTOR( '', #12043, 1000.00000000000 );
#9344 = CARTESIAN_POINT( '', ( 30.3000000000000, 78.3630313072922, 40.5869169109005 ) );
#9345 = AXIS2_PLACEMENT_3D( '', #12044, #12045, #12046 );
#9346 = CARTESIAN_POINT( '', ( 30.3000000000000, 76.5101406165550, 43.9802328647198 ) );
#9347 = AXIS2_PLACEMENT_3D( '', #12047, #12048, #12049 );
#9348 = CARTESIAN_POINT( '', ( 30.3000000000000, 74.7704910001166, 44.7435453238571 ) );
#9349 = AXIS2_PLACEMENT_3D( '', #12050, #12051, #12052 );
#9350 = CARTESIAN_POINT( '', ( 30.3000000000000, 73.9002487734205, 44.5469924492223 ) );
#9351 = CARTESIAN_POINT( '', ( 30.3000000000000, 77.9804746350799, 45.4685520997040 ) );
#9352 = VECTOR( '', #12053, 1000.00000000000 );
#9353 = CARTESIAN_POINT( '', ( 30.3000000000000, 72.2017462684322, 45.2426548003099 ) );
#9354 = AXIS2_PLACEMENT_3D( '', #12054, #12055, #12056 );
#9355 = CARTESIAN_POINT( '', ( 30.3000000000000, 71.1478557260013, 46.8825404941240 ) );
#9356 = CARTESIAN_POINT( '', ( 30.3000000000000, 97.4696135485095, 5.92508585219987 ) );
#9357 = VECTOR( '', #12057, 1000.00000000000 );
#9358 = CARTESIAN_POINT( '', ( 30.3000000000000, 71.2206424336818, 48.7165413014732 ) );
#9359 = AXIS2_PLACEMENT_3D( '', #12058, #12059, #12060 );
#9360 = CARTESIAN_POINT( '', ( 30.3000000000000, 71.7609449031463, 49.4264904596125 ) );
#9361 = CARTESIAN_POINT( '', ( 30.3000000000000, 53.9888541263536, 26.0742357533452 ) );
#9362 = VECTOR( '', #12061, 1000.00000000000 );
#9363 = CARTESIAN_POINT( '', ( 30.3000000000000, 71.7892881225586, 51.3260227453508 ) );
#9364 = AXIS2_PLACEMENT_3D( '', #12062, #12063, #12064 );
#9365 = CARTESIAN_POINT( '', ( 30.3000000000000, 69.4723379762274, 54.4211057965275 ) );
#9366 = AXIS2_PLACEMENT_3D( '', #12065, #12066, #12067 );
#9367 = CARTESIAN_POINT( '', ( 30.3000000000000, 67.6417647953426, 54.9290708816208 ) );
#9368 = AXIS2_PLACEMENT_3D( '', #12068, #12069, #12070 );
#9369 = CARTESIAN_POINT( '', ( 30.3000000000000, 66.8083527702944, 54.6106702500931 ) );
#9370 = CARTESIAN_POINT( '', ( 30.3000000000000, 67.3126740864517, 54.8033435266133 ) );
#9371 = VECTOR( '', #12071, 1000.00000000000 );
#9372 = CARTESIAN_POINT( '', ( 30.3000000000000, 65.0281354967807, 55.0575296522048 ) );
#9373 = AXIS2_PLACEMENT_3D( '', #12072, #12073, #12074 );
#9374 = CARTESIAN_POINT( '', ( 30.3000000000000, 63.7515919731851, 56.5307394120719 ) );
#9375 = CARTESIAN_POINT( '', ( 30.3000000000000, 102.235221496175, 12.1182634091437 ) );
#9376 = VECTOR( '', #12075, 1000.00000000000 );
#9377 = CARTESIAN_POINT( '', ( 30.3000000000000, 63.5626322888403, 58.3564313641451 ) );
#9378 = AXIS2_PLACEMENT_3D( '', #12076, #12077, #12078 );
#9379 = CARTESIAN_POINT( '', ( 30.3000000000000, 63.9963989585946, 59.1360473220772 ) );
#9380 = CARTESIAN_POINT( '', ( 30.3000000000000, 44.6049397860171, 24.2834593463951 ) );
#9381 = VECTOR( '', #12079, 1000.00000000000 );
#9382 = CARTESIAN_POINT( '', ( 30.3000000000000, 63.7541220548611, 61.0202787687329 ) );
#9383 = AXIS2_PLACEMENT_3D( '', #12080, #12081, #12082 );
#9384 = CARTESIAN_POINT( '', ( 30.3000000000000, 61.0202788763827, 63.7541219518275 ) );
#9385 = AXIS2_PLACEMENT_3D( '', #12083, #12084, #12085 );
#9386 = CARTESIAN_POINT( '', ( 30.3000000000000, 59.1360473220772, 63.9963989585946 ) );
#9387 = AXIS2_PLACEMENT_3D( '', #12086, #12087, #12088 );
#9388 = CARTESIAN_POINT( '', ( 30.3000000000000, 58.3564313641451, 63.5626322888404 ) );
#9389 = CARTESIAN_POINT( '', ( 30.3000000000000, 54.1781485081864, 61.2378981408529 ) );
#9390 = VECTOR( '', #12089, 1000.00000000000 );
#9391 = CARTESIAN_POINT( '', ( 30.3000000000000, 56.5307394120720, 63.7515919731852 ) );
#9392 = AXIS2_PLACEMENT_3D( '', #12090, #12091, #12092 );
#9393 = CARTESIAN_POINT( '', ( 30.3000000000000, 55.0575296522048, 65.0281354967806 ) );
#9394 = CARTESIAN_POINT( '', ( 30.3000000000000, 106.198776770948, 20.7139926119887 ) );
#9395 = VECTOR( '', #12093, 1000.00000000000 );
#9396 = CARTESIAN_POINT( '', ( 30.3000000000000, 54.6106702500930, 66.8083527702944 ) );
#9397 = AXIS2_PLACEMENT_3D( '', #12094, #12095, #12096 );
#9398 = CARTESIAN_POINT( '', ( 30.3000000000000, 54.9290708816207, 67.6417647953426 ) );
#9399 = CARTESIAN_POINT( '', ( 30.3000000000000, 36.6223675368892, 19.7240623922901 ) );
#9400 = VECTOR( '', #12097, 1000.00000000000 );
#9401 = CARTESIAN_POINT( '', ( 30.3000000000000, 54.4211059138326, 69.4723378843365 ) );
#9402 = AXIS2_PLACEMENT_3D( '', #12098, #12099, #12100 );
#9403 = CARTESIAN_POINT( '', ( 30.3000000000000, 51.3260228665682, 71.7892880358938 ) );
#9404 = AXIS2_PLACEMENT_3D( '', #12101, #12102, #12103 );
#9405 = CARTESIAN_POINT( '', ( 30.3000000000000, 49.4264904596125, 71.7609449031463 ) );
#9406 = AXIS2_PLACEMENT_3D( '', #12104, #12105, #12106 );
#9407 = CARTESIAN_POINT( '', ( 30.3000000000000, 48.7165413014732, 71.2206424336818 ) );
#9408 = CARTESIAN_POINT( '', ( 30.3000000000000, 39.4278575359608, 64.1515464018840 ) );
#9409 = VECTOR( '', #12107, 1000.00000000000 );
#9410 = CARTESIAN_POINT( '', ( 30.3000000000000, 46.8825404941241, 71.1478557260013 ) );
#9411 = AXIS2_PLACEMENT_3D( '', #12108, #12109, #12110 );
#9412 = CARTESIAN_POINT( '', ( 30.3000000000000, 45.2426548003100, 72.2017462684321 ) );
#9413 = CARTESIAN_POINT( '', ( 30.3000000000000, 108.517785095925, 31.5372892022010 ) );
#9414 = VECTOR( '', #12111, 1000.00000000000 );
#9415 = CARTESIAN_POINT( '', ( 30.3000000000000, 44.5469924492222, 73.9002487734205 ) );
#9416 = AXIS2_PLACEMENT_3D( '', #12112, #12113, #12114 );
#9417 = CARTESIAN_POINT( '', ( 30.3000000000000, 44.7435453238570, 74.7704910001166 ) );
#9418 = CARTESIAN_POINT( '', ( 30.3000000000000, 30.7872181018722, 12.9785416291172 ) );
#9419 = VECTOR( '', #12115, 1000.00000000000 );
#9420 = CARTESIAN_POINT( '', ( 30.3000000000000, 43.9802329939084, 76.5101405422937 ) );
#9421 = AXIS2_PLACEMENT_3D( '', #12116, #12117, #12118 );
#9422 = CARTESIAN_POINT( '', ( 30.3000000000000, 40.5869170432177, 78.3630312387606 ) );
#9423 = AXIS2_PLACEMENT_3D( '', #12119, #12120, #12121 );
#9424 = CARTESIAN_POINT( '', ( 30.3000000000000, 38.7107527856184, 78.0646449509463 ) );
#9425 = AXIS2_PLACEMENT_3D( '', #12122, #12123, #12124 );
#9426 = CARTESIAN_POINT( '', ( 30.3000000000000, 38.0849229448073, 77.4288056819463 ) );
#9427 = CARTESIAN_POINT( '', ( 30.3000000000000, 24.0599730542067, 63.1795428557390 ) );
#9428 = VECTOR( '', #12125, 1000.00000000000 );
#9429 = CARTESIAN_POINT( '', ( 30.3000000000000, 36.2799482497982, 77.0957543097092 ) );
#9430 = AXIS2_PLACEMENT_3D( '', #12126, #12127, #12128 );
#9431 = CARTESIAN_POINT( '', ( 30.3000000000000, 34.5067699657234, 77.9055376987009 ) );
#9432 = CARTESIAN_POINT( '', ( 30.3000000000000, 108.414088993096, 44.1531960358261 ) );
#9433 = VECTOR( '', #12129, 1000.00000000000 );
#9434 = CARTESIAN_POINT( '', ( 30.3000000000000, 33.5764663450033, 79.4877488222390 ) );
#9435 = AXIS2_PLACEMENT_3D( '', #12130, #12131, #12132 );
#9436 = CARTESIAN_POINT( '', ( 30.3000000000000, 33.6471702130293, 80.3771056284188 ) );
#9437 = CARTESIAN_POINT( '', ( 30.3000000000000, 27.6402588780047, 4.81847455105200 ) );
#9438 = VECTOR( '', #12133, 1000.00000000000 );
#9439 = CARTESIAN_POINT( '', ( 30.3000000000000, 32.6440493587469, 81.9904173758354 ) );
#9440 = AXIS2_PLACEMENT_3D( '', #12134, #12135, #12136 );
#9441 = CARTESIAN_POINT( '', ( 30.3000000000000, 29.0215786318710, 83.3415291059273 ) );
#9442 = AXIS2_PLACEMENT_3D( '', #12137, #12138, #12139 );
#9443 = CARTESIAN_POINT( '', ( 30.3000000000000, 27.2069758175018, 82.7791739473911 ) );
#9444 = AXIS2_PLACEMENT_3D( '', #12140, #12141, #12142 );
#9445 = CARTESIAN_POINT( '', ( 30.3000000000000, 26.6780053848336, 82.0607417327634 ) );
#9446 = CARTESIAN_POINT( '', ( 30.3000000000000, 9.14301970940447, 58.2452355829799 ) );
#9447 = VECTOR( '', #12143, 1000.00000000000 );
#9448 = CARTESIAN_POINT( '', ( 30.3000000000000, 24.9388008818377, 81.4742056614676 ) );
#9449 = AXIS2_PLACEMENT_3D( '', #12144, #12145, #12146 );
#9450 = CARTESIAN_POINT( '', ( 30.3000000000000, 23.0684268039421, 82.0233970424429 ) );
#9451 = CARTESIAN_POINT( '', ( 30.3000000000000, 105.248925979065, 57.8930252817299 ) );
#9452 = VECTOR( '', #12147, 1000.00000000000 );
#9453 = CARTESIAN_POINT( '', ( 30.3000000000000, 21.9224202125333, 83.4571075287756 ) );
#9454 = AXIS2_PLACEMENT_3D( '', #12148, #12149, #12150 );
#9455 = CARTESIAN_POINT( '', ( 30.3000000000000, 21.8658357470907, 84.3474741745585 ) );
#9456 = CARTESIAN_POINT( '', ( 30.3000000000000, 27.4717491145868, -3.86257150711745 ) );
#9457 = VECTOR( '', #12151, 1000.00000000000 );
#9458 = CARTESIAN_POINT( '', ( 30.3000000000000, 20.6433270163061, 85.8016057524441 ) );
#9459 = AXIS2_PLACEMENT_3D( '', #12152, #12153, #12154 );
#9460 = CARTESIAN_POINT( '', ( 30.3000000000000, 16.8654445709010, 86.6234337776209 ) );
#9461 = AXIS2_PLACEMENT_3D( '', #12155, #12156, #12157 );
#9462 = CARTESIAN_POINT( '', ( 30.3000000000000, 15.1493432801802, 85.8085576776922 ) );
#9463 = AXIS2_PLACEMENT_3D( '', #12158, #12159, #12160 );
#9464 = CARTESIAN_POINT( '', ( 30.3000000000000, 14.7280005682392, 85.0221577255391 ) );
#9465 = CARTESIAN_POINT( '', ( 30.3000000000000, -4.26709777542625, 49.5694395337666 ) );
#9466 = VECTOR( '', #12161, 1000.00000000000 );
#9467 = CARTESIAN_POINT( '', ( 30.3000000000000, 13.0899714454859, 84.1940771381659 ) );
#9468 = AXIS2_PLACEMENT_3D( '', #12162, #12163, #12164 );
#9469 = CARTESIAN_POINT( '', ( 30.3000000000000, 11.1604769962820, 84.4714965583452 ) );
#9470 = CARTESIAN_POINT( '', ( 30.3000000000000, 98.5878516816219, 71.9013377776303 ) );
#9471 = VECTOR( '', #12165, 1000.00000000000 );
#9472 = CARTESIAN_POINT( '', ( 30.3000000000000, 9.82209682357553, 85.7275201964504 ) );
#9473 = AXIS2_PLACEMENT_3D( '', #12166, #12167, #12168 );
#9474 = CARTESIAN_POINT( '', ( 30.3000000000000, 9.63937592120453, 86.6007713845337 ) );
#9475 = CARTESIAN_POINT( '', ( 30.3000000000000, 30.2972059982172, -12.1261636507693 ) );
#9476 = VECTOR( '', #12169, 1000.00000000000 );
#9477 = CARTESIAN_POINT( '', ( 30.3000000000000, 8.22236606625242, 87.8661208673317 ) );
#9478 = AXIS2_PLACEMENT_3D( '', #12170, #12171, #12172 );
#9479 = CARTESIAN_POINT( '', ( 30.3000000000000, 4.36597869439352, 88.1419351389570 ) );
#9480 = AXIS2_PLACEMENT_3D( '', #12173, #12174, #12175 );
#9481 = CARTESIAN_POINT( '', ( 30.3000000000000, 2.78331380077261, 87.0911266251218 ) );
#9482 = AXIS2_PLACEMENT_3D( '', #12176, #12177, #12178 );
#9483 = CARTESIAN_POINT( '', ( 30.3000000000000, 2.47817613212194, 86.2527677706791 ) );
#9484 = CARTESIAN_POINT( '', ( 30.3000000000000, -15.2095316711044, 37.6561899794037 ) );
#9485 = VECTOR( '', #12179, 1000.00000000000 );
#9486 = CARTESIAN_POINT( '', ( 30.3000000000000, 0.974667938864545, 85.2000000000001 ) );
#9487 = AXIS2_PLACEMENT_3D( '', #12180, #12181, #12182 );
#9488 = CARTESIAN_POINT( '', ( 30.3000000000000, -0.974667938864422, 85.2000000000001 ) );
#9489 = CARTESIAN_POINT( '', ( 30.3000000000000, 88.2499999999976, 85.2000000000026 ) );
#9490 = VECTOR( '', #12183, 1000.00000000000 );
#9491 = CARTESIAN_POINT( '', ( 30.3000000000000, -2.47817613212192, 86.2527677706790 ) );
#9492 = AXIS2_PLACEMENT_3D( '', #12184, #12185, #12186 );
#9493 = CARTESIAN_POINT( '', ( 30.3000000000000, -2.78331380077260, 87.0911266251217 ) );
#9494 = CARTESIAN_POINT( '', ( 30.3000000000000, 35.8561095658549, -19.0698165754337 ) );
#9495 = VECTOR( '', #12187, 1000.00000000000 );
#9496 = CARTESIAN_POINT( '', ( 30.3000000000000, -4.36597854556436, 88.1419351463290 ) );
#9497 = AXIS2_PLACEMENT_3D( '', #12188, #12189, #12190 );
#9498 = CARTESIAN_POINT( '', ( 30.3000000000000, -8.22236591788909, 87.8661208812153 ) );
#9499 = AXIS2_PLACEMENT_3D( '', #12191, #12192, #12193 );
#9500 = CARTESIAN_POINT( '', ( 30.3000000000000, -9.63937592120461, 86.6007713845337 ) );
#9501 = AXIS2_PLACEMENT_3D( '', #12194, #12195, #12196 );
#9502 = CARTESIAN_POINT( '', ( 30.3000000000000, -9.82209682357560, 85.7275201964504 ) );
#9503 = CARTESIAN_POINT( '', ( 30.3000000000000, -22.8937773665972, 23.2559560988647 ) );
#9504 = VECTOR( '', #12197, 1000.00000000000 );
#9505 = CARTESIAN_POINT( '', ( 30.3000000000000, -11.1604769962819, 84.4714965583453 ) );
#9506 = AXIS2_PLACEMENT_3D( '', #12198, #12199, #12200 );
#9507 = CARTESIAN_POINT( '', ( 30.3000000000000, -13.0899714454859, 84.1940771381659 ) );
#9508 = CARTESIAN_POINT( '', ( 30.3000000000000, 74.3374032398526, 96.7642359188857 ) );
#9509 = VECTOR( '', #12201, 1000.00000000000 );
#9510 = CARTESIAN_POINT( '', ( 30.3000000000000, -14.7280005682393, 85.0221577255391 ) );
#9511 = AXIS2_PLACEMENT_3D( '', #12202, #12203, #12204 );
#9512 = CARTESIAN_POINT( '', ( 30.3000000000000, -15.1493432801803, 85.8085576776921 ) );
#9513 = CARTESIAN_POINT( '', ( 30.3000000000000, 43.6336521392424, -23.9048501377522 ) );
#9514 = VECTOR( '', #12205, 1000.00000000000 );
#9515 = CARTESIAN_POINT( '', ( 30.3000000000000, -16.8654444246360, 86.6234338060984 ) );
#9516 = AXIS2_PLACEMENT_3D( '', #12206, #12207, #12208 );
#9517 = CARTESIAN_POINT( '', ( 30.3000000000000, -20.6433268714286, 85.8016057873007 ) );
#9518 = AXIS2_PLACEMENT_3D( '', #12209, #12210, #12211 );
#9519 = CARTESIAN_POINT( '', ( 30.3000000000000, -21.8658357470907, 84.3474741745585 ) );
#9520 = AXIS2_PLACEMENT_3D( '', #12212, #12213, #12214 );
#9521 = CARTESIAN_POINT( '', ( 30.3000000000000, -21.9224202125333, 83.4571075287757 ) );
#9522 = CARTESIAN_POINT( '', ( 30.3000000000000, -26.7617613469044, 7.30921252076633 ) );
#9523 = VECTOR( '', #12215, 1000.00000000000 );
#9524 = CARTESIAN_POINT( '', ( 30.3000000000000, -23.0684268039420, 82.0233970424430 ) );
#9525 = AXIS2_PLACEMENT_3D( '', #12216, #12217, #12218 );
#9526 = CARTESIAN_POINT( '', ( 30.3000000000000, -24.9388008818376, 81.4742056614676 ) );
#9527 = CARTESIAN_POINT( '', ( 30.3000000000000, 57.2416982932823, 105.604577422185 ) );
#9528 = VECTOR( '', #12219, 1000.00000000000 );
#9529 = CARTESIAN_POINT( '', ( 30.3000000000000, -26.6780053848336, 82.0607417327634 ) );
#9530 = AXIS2_PLACEMENT_3D( '', #12220, #12221, #12222 );
#9531 = CARTESIAN_POINT( '', ( 30.3000000000000, -27.2069758175018, 82.7791739473911 ) );
#9532 = CARTESIAN_POINT( '', ( 30.3000000000000, 52.9037571678756, -26.0248872244597 ) );
#9533 = VECTOR( '', #12223, 1000.00000000000 );
#9534 = CARTESIAN_POINT( '', ( 30.3000000000000, -29.0215784911474, 83.3415291549307 ) );
#9535 = AXIS2_PLACEMENT_3D( '', #12224, #12225, #12226 );
#9536 = CARTESIAN_POINT( '', ( 30.3000000000000, -32.6440492203048, 81.9904174309554 ) );
#9537 = AXIS2_PLACEMENT_3D( '', #12227, #12228, #12229 );
#9538 = CARTESIAN_POINT( '', ( 30.3000000000000, -33.6471702130294, 80.3771056284188 ) );
#9539 = AXIS2_PLACEMENT_3D( '', #12230, #12231, #12232 );
#9540 = CARTESIAN_POINT( '', ( 30.3000000000000, -33.5764663450033, 79.4877488222391 ) );
#9541 = CARTESIAN_POINT( '', ( 30.3000000000000, -26.5317408036966, -9.12514864359574 ) );
#9542 = VECTOR( '', #12233, 1000.00000000000 );
#9543 = CARTESIAN_POINT( '', ( 30.3000000000000, -34.5067699657234, 77.9055376987010 ) );
#9544 = AXIS2_PLACEMENT_3D( '', #12234, #12235, #12236 );
#9545 = CARTESIAN_POINT( '', ( 30.3000000000000, -36.2799482497981, 77.0957543097092 ) );
#9546 = CARTESIAN_POINT( '', ( 30.3000000000000, 37.6273707775708, 110.848095972587 ) );
#9547 = VECTOR( '', #12237, 1000.00000000000 );
#9548 = CARTESIAN_POINT( '', ( 30.3000000000000, -38.0849229448073, 77.4288056819462 ) );
#9549 = AXIS2_PLACEMENT_3D( '', #12238, #12239, #12240 );
#9550 = CARTESIAN_POINT( '', ( 30.3000000000000, -38.7107527856184, 78.0646449509462 ) );
#9551 = CARTESIAN_POINT( '', ( 30.3000000000000, 62.7898556373719, -25.0593489114805 ) );
#9552 = VECTOR( '', #12241, 1000.00000000000 );
#9553 = CARTESIAN_POINT( '', ( 30.3000000000000, -40.5869169109004, 78.3630313072922 ) );
#9554 = AXIS2_PLACEMENT_3D( '', #12242, #12243, #12244 );
#9555 = CARTESIAN_POINT( '', ( 30.3000000000000, -43.9802328647197, 76.5101406165551 ) );
#9556 = AXIS2_PLACEMENT_3D( '', #12245, #12246, #12247 );
#9557 = CARTESIAN_POINT( '', ( 30.3000000000000, -44.7435453238570, 74.7704910001166 ) );
#9558 = AXIS2_PLACEMENT_3D( '', #12248, #12249, #12250 );
#9559 = CARTESIAN_POINT( '', ( 30.3000000000000, -44.5469924492222, 73.9002487734206 ) );
#9560 = CARTESIAN_POINT( '', ( 30.3000000000000, -22.2204851056667, -24.9508593627518 ) );
#9561 = VECTOR( '', #12251, 1000.00000000000 );
#9562 = CARTESIAN_POINT( '', ( 30.3000000000000, -45.2426548003099, 72.2017462684323 ) );
#9563 = AXIS2_PLACEMENT_3D( '', #12252, #12253, #12254 );
#9564 = CARTESIAN_POINT( '', ( 30.3000000000000, -46.8825404941239, 71.1478557260013 ) );
#9565 = CARTESIAN_POINT( '', ( 30.3000000000000, 16.3925898014870, 111.812312792235 ) );
#9566 = VECTOR( '', #12255, 1000.00000000000 );
#9567 = CARTESIAN_POINT( '', ( 30.3000000000000, -48.7165413014732, 71.2206424336818 ) );
#9568 = AXIS2_PLACEMENT_3D( '', #12256, #12257, #12258 );
#9569 = CARTESIAN_POINT( '', ( 30.3000000000000, -49.4264904596125, 71.7609449031463 ) );
#9570 = CARTESIAN_POINT( '', ( 30.3000000000000, 72.3384565221851, -20.9075240910308 ) );
#9571 = VECTOR( '', #12259, 1000.00000000000 );
#9572 = CARTESIAN_POINT( '', ( 30.3000000000000, -51.3260227453507, 71.7892881225586 ) );
#9573 = AXIS2_PLACEMENT_3D( '', #12260, #12261, #12262 );
#9574 = CARTESIAN_POINT( '', ( 30.3000000000000, -54.4211057965274, 69.4723379762274 ) );
#9575 = AXIS2_PLACEMENT_3D( '', #12263, #12264, #12265 );
#9576 = CARTESIAN_POINT( '', ( 30.3000000000000, -54.9290708816208, 67.6417647953426 ) );
#9577 = AXIS2_PLACEMENT_3D( '', #12266, #12267, #12268 );
#9578 = CARTESIAN_POINT( '', ( 30.3000000000000, -54.6106702500931, 66.8083527702944 ) );
#9579 = CARTESIAN_POINT( '', ( 30.3000000000000, -14.1419552207748, -39.1183019032723 ) );
#9580 = VECTOR( '', #12269, 1000.00000000000 );
#9581 = CARTESIAN_POINT( '', ( 30.3000000000000, -55.0575296522047, 65.0281354967807 ) );
#9582 = AXIS2_PLACEMENT_3D( '', #12270, #12271, #12272 );
#9583 = CARTESIAN_POINT( '', ( 30.3000000000000, -56.5307394120719, 63.7515919731852 ) );
#9584 = CARTESIAN_POINT( '', ( 30.3000000000000, -5.38949229333396, 108.065734857978 ) );
#9585 = VECTOR( '', #12273, 1000.00000000000 );
#9586 = CARTESIAN_POINT( '', ( 30.3000000000000, -58.3564313641451, 63.5626322888403 ) );
#9587 = AXIS2_PLACEMENT_3D( '', #12274, #12275, #12276 );
#9588 = CARTESIAN_POINT( '', ( 30.3000000000000, -59.1360473220772, 63.9963989585946 ) );
#9589 = CARTESIAN_POINT( '', ( 30.3000000000000, 80.5994990084407, -13.7503710521915 ) );
#9590 = VECTOR( '', #12277, 1000.00000000000 );
#9591 = CARTESIAN_POINT( '', ( 30.3000000000000, -61.0202787687328, 63.7541220548611 ) );
#9592 = AXIS2_PLACEMENT_3D( '', #12278, #12279, #12280 );
#9593 = CARTESIAN_POINT( '', ( 30.3000000000000, -63.7541219518274, 61.0202788763827 ) );
#9594 = AXIS2_PLACEMENT_3D( '', #12281, #12282, #12283 );
#9595 = CARTESIAN_POINT( '', ( 30.3000000000000, -63.9963989585946, 59.1360473220772 ) );
#9596 = AXIS2_PLACEMENT_3D( '', #12284, #12285, #12286 );
#9597 = CARTESIAN_POINT( '', ( 30.3000000000000, -63.5626322888403, 58.3564313641451 ) );
#9598 = CARTESIAN_POINT( '', ( 30.3000000000000, -2.88258730264422, -50.7048098466494 ) );
#9599 = VECTOR( '', #12287, 1000.00000000000 );
#9600 = CARTESIAN_POINT( '', ( 30.3000000000000, -63.7515919731852, 56.5307394120720 ) );
#9601 = AXIS2_PLACEMENT_3D( '', #12288, #12289, #12290 );
#9602 = CARTESIAN_POINT( '', ( 30.3000000000000, -65.0281354967806, 55.0575296522048 ) );
#9603 = CARTESIAN_POINT( '', ( 30.3000000000000, -26.5445059737957, 99.4700056551323 ) );
#9604 = VECTOR( '', #12291, 1000.00000000000 );
#9605 = CARTESIAN_POINT( '', ( 30.3000000000000, -66.8083527702944, 54.6106702500930 ) );
#9606 = AXIS2_PLACEMENT_3D( '', #12292, #12293, #12294 );
#9607 = CARTESIAN_POINT( '', ( 30.3000000000000, -67.6417647953426, 54.9290708816207 ) );
#9608 = CARTESIAN_POINT( '', ( 30.3000000000000, 86.7069135974339, -4.03902076894907 ) );
#9609 = VECTOR( '', #12295, 1000.00000000000 );
#9610 = CARTESIAN_POINT( '', ( 30.3000000000000, -69.4723378843364, 54.4211059138326 ) );
#9611 = AXIS2_PLACEMENT_3D( '', #12296, #12297, #12298 );
#9612 = CARTESIAN_POINT( '', ( 30.3000000000000, -71.7892880358938, 51.3260228665682 ) );
#9613 = AXIS2_PLACEMENT_3D( '', #12299, #12300, #12301 );
#9614 = CARTESIAN_POINT( '', ( 30.3000000000000, -71.7609449031463, 49.4264904596125 ) );
#9615 = AXIS2_PLACEMENT_3D( '', #12302, #12303, #12304 );
#9616 = CARTESIAN_POINT( '', ( 30.3000000000000, -71.2206424336818, 48.7165413014733 ) );
#9617 = CARTESIAN_POINT( '', ( 30.3000000000000, 10.7448318155004, -58.9848347395695 ) );
#9618 = VECTOR( '', #12305, 1000.00000000000 );
#9619 = CARTESIAN_POINT( '', ( 30.3000000000000, -71.1478557260013, 46.8825404941241 ) );
#9620 = AXIS2_PLACEMENT_3D( '', #12306, #12307, #12308 );
#9621 = CARTESIAN_POINT( '', ( 30.3000000000000, -72.2017462684321, 45.2426548003100 ) );
#9622 = CARTESIAN_POINT( '', ( 30.3000000000000, -45.8799884459286, 86.2001094422320 ) );
#9623 = VECTOR( '', #12309, 1000.00000000000 );
#9624 = CARTESIAN_POINT( '', ( 30.3000000000000, -73.9002487734205, 44.5469924492223 ) );
#9625 = AXIS2_PLACEMENT_3D( '', #12310, #12311, #12312 );
#9626 = CARTESIAN_POINT( '', ( 30.3000000000000, -74.7704910001166, 44.7435453238571 ) );
#9627 = CARTESIAN_POINT( '', ( 30.3000000000000, 89.9527923687146, 7.53915110783498 ) );
#9628 = VECTOR( '', #12313, 1000.00000000000 );
#9629 = CARTESIAN_POINT( '', ( 30.3000000000000, -76.5101405422936, 43.9802329939084 ) );
#9630 = AXIS2_PLACEMENT_3D( '', #12314, #12315, #12316 );
#9631 = CARTESIAN_POINT( '', ( 30.3000000000000, -78.3630312387606, 40.5869170432177 ) );
#9632 = AXIS2_PLACEMENT_3D( '', #12317, #12318, #12319 );
#9633 = CARTESIAN_POINT( '', ( 30.3000000000000, -78.0646449509463, 38.7107527856184 ) );
#9634 = AXIS2_PLACEMENT_3D( '', #12320, #12321, #12322 );
#9635 = CARTESIAN_POINT( '', ( 30.3000000000000, -77.4288056819463, 38.0849229448073 ) );
#9636 = CARTESIAN_POINT( '', ( 30.3000000000000, 25.7649886820815, -63.4843871751923 ) );
#9637 = VECTOR( '', #12323, 1000.00000000000 );
#9638 = CARTESIAN_POINT( '', ( 30.3000000000000, -77.0957543097092, 36.2799482497982 ) );
#9639 = AXIS2_PLACEMENT_3D( '', #12324, #12325, #12326 );
#9640 = CARTESIAN_POINT( '', ( 30.3000000000000, -77.9055376987009, 34.5067699657234 ) );
#9641 = CARTESIAN_POINT( '', ( 30.3000000000000, -62.2713758895437, 68.7408090761385 ) );
#9642 = VECTOR( '', #12327, 1000.00000000000 );
#9643 = CARTESIAN_POINT( '', ( 30.3000000000000, -79.4877488222391, 33.5764663450032 ) );
#9644 = AXIS2_PLACEMENT_3D( '', #12328, #12329, #12330 );
#9645 = CARTESIAN_POINT( '', ( 30.3000000000000, -80.3771056284188, 33.6471702130293 ) );
#9646 = CARTESIAN_POINT( '', ( 30.3000000000000, 89.8490780091178, 20.1141882435269 ) );
#9647 = VECTOR( '', #12331, 1000.00000000000 );
#9648 = CARTESIAN_POINT( '', ( 30.3000000000000, -81.9904173758354, 32.6440493587469 ) );
#9649 = AXIS2_PLACEMENT_3D( '', #12332, #12333, #12334 );
#9650 = CARTESIAN_POINT( '', ( 30.3000000000000, -83.3415291059273, 29.0215786318710 ) );
#9651 = AXIS2_PLACEMENT_3D( '', #12335, #12336, #12337 );
#9652 = CARTESIAN_POINT( '', ( 30.3000000000000, -82.7791739473911, 27.2069758175018 ) );
#9653 = AXIS2_PLACEMENT_3D( '', #12338, #12339, #12340 );
#9654 = CARTESIAN_POINT( '', ( 30.3000000000000, -82.0607417327634, 26.6780053848336 ) );
#9655 = CARTESIAN_POINT( '', ( 30.3000000000000, 41.1164373820998, -64.0154301329553 ) );
#9656 = VECTOR( '', #12341, 1000.00000000000 );
#9657 = CARTESIAN_POINT( '', ( 30.3000000000000, -81.4742056614676, 24.9388008818377 ) );
#9658 = AXIS2_PLACEMENT_3D( '', #12342, #12343, #12344 );
#9659 = CARTESIAN_POINT( '', ( 30.3000000000000, -82.0233970424429, 23.0684268039421 ) );
#9660 = CARTESIAN_POINT( '', ( 30.3000000000000, -74.7441134881332, 47.8593899131136 ) );
#9661 = VECTOR( '', #12345, 1000.00000000000 );
#9662 = CARTESIAN_POINT( '', ( 30.3000000000000, -83.4571075287756, 21.9224202125333 ) );
#9663 = AXIS2_PLACEMENT_3D( '', #12346, #12347, #12348 );
#9664 = CARTESIAN_POINT( '', ( 30.3000000000000, -84.3474741745585, 21.8658357470907 ) );
#9665 = CARTESIAN_POINT( '', ( 30.3000000000000, 86.1716856093343, 32.7026472446875 ) );
#9666 = VECTOR( '', #12349, 1000.00000000000 );
#9667 = CARTESIAN_POINT( '', ( 30.3000000000000, -85.8016057524441, 20.6433270163061 ) );
#9668 = AXIS2_PLACEMENT_3D( '', #12350, #12351, #12352 );
#9669 = CARTESIAN_POINT( '', ( 30.3000000000000, -86.6234337776209, 16.8654445709011 ) );
#9670 = AXIS2_PLACEMENT_3D( '', #12353, #12354, #12355 );
#9671 = CARTESIAN_POINT( '', ( 30.3000000000000, -85.8085576776922, 15.1493432801802 ) );
#9672 = AXIS2_PLACEMENT_3D( '', #12356, #12357, #12358 );
#9673 = CARTESIAN_POINT( '', ( 30.3000000000000, -85.0221577255391, 14.7280005682393 ) );
#9674 = CARTESIAN_POINT( '', ( 30.3000000000000, 55.7344281200847, -60.6875197930936 ) );
#9675 = VECTOR( '', #12359, 1000.00000000000 );
#9676 = CARTESIAN_POINT( '', ( 30.3000000000000, -84.1940771381659, 13.0899714454859 ) );
#9677 = AXIS2_PLACEMENT_3D( '', #12360, #12361, #12362 );
#9678 = CARTESIAN_POINT( '', ( 30.3000000000000, -84.4714965583452, 11.1604769962820 ) );
#9679 = CARTESIAN_POINT( '', ( 30.3000000000000, -82.5454143089963, 24.5566732915072 ) );
#9680 = VECTOR( '', #12363, 1000.00000000000 );
#9681 = CARTESIAN_POINT( '', ( 30.3000000000000, -85.7275201964504, 9.82209682357557 ) );
#9682 = AXIS2_PLACEMENT_3D( '', #12364, #12365, #12366 );
#9683 = CARTESIAN_POINT( '', ( 30.3000000000000, -86.6007713845337, 9.63937592120457 ) );
#9684 = CARTESIAN_POINT( '', ( 30.3000000000000, 78.9833894601422, 44.2865515572242 ) );
#9685 = VECTOR( '', #12367, 1000.00000000000 );
#9686 = CARTESIAN_POINT( '', ( 30.3000000000000, -87.8661208673317, 8.22236606625246 ) );
#9687 = AXIS2_PLACEMENT_3D( '', #12368, #12369, #12370 );
#9688 = CARTESIAN_POINT( '', ( 30.3000000000000, -88.1419351389570, 4.36597869439344 ) );
#9689 = AXIS2_PLACEMENT_3D( '', #12371, #12372, #12373 );
#9690 = CARTESIAN_POINT( '', ( 30.3000000000000, -87.0911266251218, 2.78331380077254 ) );
#9691 = AXIS2_PLACEMENT_3D( '', #12374, #12375, #12376 );
#9692 = CARTESIAN_POINT( '', ( 30.3000000000000, -86.2527677706791, 2.47817613212187 ) );
#9693 = CARTESIAN_POINT( '', ( 30.3000000000000, 68.6335243506398, -53.8958238958982 ) );
#9694 = VECTOR( '', #12377, 1000.00000000000 );
#9695 = CARTESIAN_POINT( '', ( 30.3000000000000, -85.2000000000001, 0.974667938864475 ) );
#9696 = AXIS2_PLACEMENT_3D( '', #12378, #12379, #12380 );
#9697 = CARTESIAN_POINT( '', ( 30.3000000000000, -85.2000000000001, -0.974667938864493 ) );
#9698 = CARTESIAN_POINT( '', ( 30.3000000000000, -85.2000000000001, 0.000000000000000 ) );
#9699 = VECTOR( '', #12381, 1000.00000000000 );
#9700 = CARTESIAN_POINT( '', ( 30.3000000000000, -86.2527677706790, -2.47817613212199 ) );
#9701 = AXIS2_PLACEMENT_3D( '', #12382, #12383, #12384 );
#9702 = CARTESIAN_POINT( '', ( 30.3000000000000, -87.0911266251217, -2.78331380077267 ) );
#9703 = CARTESIAN_POINT( '', ( 30.3000000000000, 68.6335243506397, 53.8958238958984 ) );
#9704 = VECTOR( '', #12385, 1000.00000000000 );
#9705 = CARTESIAN_POINT( '', ( 30.3000000000000, -88.1419351463290, -4.36597854556443 ) );
#9706 = AXIS2_PLACEMENT_3D( '', #12386, #12387, #12388 );
#9707 = CARTESIAN_POINT( '', ( 30.3000000000000, -87.8661208812153, -8.22236591788902 ) );
#9708 = AXIS2_PLACEMENT_3D( '', #12389, #12390, #12391 );
#9709 = CARTESIAN_POINT( '', ( 30.3000000000000, -86.6007713845337, -9.63937592120455 ) );
#9710 = AXIS2_PLACEMENT_3D( '', #12392, #12393, #12394 );
#9711 = CARTESIAN_POINT( '', ( 30.3000000000000, -85.7275201964504, -9.82209682357554 ) );
#9712 = CARTESIAN_POINT( '', ( 30.3000000000000, 78.9833894601422, -44.2865515572242 ) );
#9713 = VECTOR( '', #12395, 1000.00000000000 );
#9714 = CARTESIAN_POINT( '', ( 30.3000000000000, -84.4714965583453, -11.1604769962819 ) );
#9715 = AXIS2_PLACEMENT_3D( '', #12396, #12397, #12398 );
#9716 = CARTESIAN_POINT( '', ( 30.3000000000000, -84.1940771381659, -13.0899714454858 ) );
#9717 = CARTESIAN_POINT( '', ( 30.3000000000000, -82.5454143089942, -24.5566732915168 ) );
#9718 = VECTOR( '', #12399, 1000.00000000000 );
#9719 = CARTESIAN_POINT( '', ( 30.3000000000000, -85.0221577255391, -14.7280005682392 ) );
#9720 = AXIS2_PLACEMENT_3D( '', #12400, #12401, #12402 );
#9721 = CARTESIAN_POINT( '', ( 30.3000000000000, -85.8085576776921, -15.1493432801802 ) );
#9722 = CARTESIAN_POINT( '', ( 30.3000000000000, 55.7344281200847, 60.6875197930937 ) );
#9723 = VECTOR( '', #12403, 1000.00000000000 );
#9724 = CARTESIAN_POINT( '', ( 30.3000000000000, -86.6234338060984, -16.8654444246359 ) );
#9725 = AXIS2_PLACEMENT_3D( '', #12404, #12405, #12406 );
#9726 = CARTESIAN_POINT( '', ( 30.3000000000000, -85.8016057873007, -20.6433268714287 ) );
#9727 = AXIS2_PLACEMENT_3D( '', #12407, #12408, #12409 );
#9728 = CARTESIAN_POINT( '', ( 30.3000000000000, -84.3474741745585, -21.8658357470907 ) );
#9729 = AXIS2_PLACEMENT_3D( '', #12410, #12411, #12412 );
#9730 = CARTESIAN_POINT( '', ( 30.3000000000000, -83.4571075287757, -21.9224202125333 ) );
#9731 = CARTESIAN_POINT( '', ( 30.3000000000000, 86.1716856093344, -32.7026472446874 ) );
#9732 = VECTOR( '', #12413, 1000.00000000000 );
#9733 = CARTESIAN_POINT( '', ( 30.3000000000000, -82.0233970424430, -23.0684268039420 ) );
#9734 = AXIS2_PLACEMENT_3D( '', #12414, #12415, #12416 );
#9735 = CARTESIAN_POINT( '', ( 30.3000000000000, -81.4742056614676, -24.9388008818376 ) );
#9736 = CARTESIAN_POINT( '', ( 30.3000000000000, -74.7441134881291, -47.8593899131226 ) );
#9737 = VECTOR( '', #12417, 1000.00000000000 );
#9738 = CARTESIAN_POINT( '', ( 30.3000000000000, -82.0607417327634, -26.6780053848336 ) );
#9739 = AXIS2_PLACEMENT_3D( '', #12418, #12419, #12420 );
#9740 = CARTESIAN_POINT( '', ( 30.3000000000000, -82.7791739473911, -27.2069758175018 ) );
#9741 = CARTESIAN_POINT( '', ( 30.3000000000000, 41.1164373820997, 64.0154301329554 ) );
#9742 = VECTOR( '', #12421, 1000.00000000000 );
#9743 = CARTESIAN_POINT( '', ( 30.3000000000000, -83.3415291549307, -29.0215784911474 ) );
#9744 = AXIS2_PLACEMENT_3D( '', #12422, #12423, #12424 );
#9745 = CARTESIAN_POINT( '', ( 30.3000000000000, -81.9904174309554, -32.6440492203048 ) );
#9746 = AXIS2_PLACEMENT_3D( '', #12425, #12426, #12427 );
#9747 = CARTESIAN_POINT( '', ( 30.3000000000000, -80.3771056284188, -33.6471702130293 ) );
#9748 = AXIS2_PLACEMENT_3D( '', #12428, #12429, #12430 );
#9749 = CARTESIAN_POINT( '', ( 30.3000000000000, -79.4877488222391, -33.5764663450033 ) );
#9750 = CARTESIAN_POINT( '', ( 30.3000000000000, 89.8490780091178, -20.1141882435268 ) );
#9751 = VECTOR( '', #12431, 1000.00000000000 );
#9752 = CARTESIAN_POINT( '', ( 30.3000000000000, -77.9055376987010, -34.5067699657234 ) );
#9753 = AXIS2_PLACEMENT_3D( '', #12432, #12433, #12434 );
#9754 = CARTESIAN_POINT( '', ( 30.3000000000000, -77.0957543097092, -36.2799482497981 ) );
#9755 = CARTESIAN_POINT( '', ( 30.3000000000000, -62.2713758895379, -68.7408090761463 ) );
#9756 = VECTOR( '', #12435, 1000.00000000000 );
#9757 = CARTESIAN_POINT( '', ( 30.3000000000000, -77.4288056819462, -38.0849229448073 ) );
#9758 = AXIS2_PLACEMENT_3D( '', #12436, #12437, #12438 );
#9759 = CARTESIAN_POINT( '', ( 30.3000000000000, -78.0646449509462, -38.7107527856184 ) );
#9760 = CARTESIAN_POINT( '', ( 30.3000000000000, 25.7649886820814, 63.4843871751923 ) );
#9761 = VECTOR( '', #12439, 1000.00000000000 );
#9762 = CARTESIAN_POINT( '', ( 30.3000000000000, -78.3630313072922, -40.5869169109004 ) );
#9763 = AXIS2_PLACEMENT_3D( '', #12440, #12441, #12442 );
#9764 = CARTESIAN_POINT( '', ( 30.3000000000000, -76.5101406165551, -43.9802328647198 ) );
#9765 = AXIS2_PLACEMENT_3D( '', #12443, #12444, #12445 );
#9766 = CARTESIAN_POINT( '', ( 30.3000000000000, -74.7704910001166, -44.7435453238570 ) );
#9767 = AXIS2_PLACEMENT_3D( '', #12446, #12447, #12448 );
#9768 = CARTESIAN_POINT( '', ( 30.3000000000000, -73.9002487734206, -44.5469924492223 ) );
#9769 = CARTESIAN_POINT( '', ( 30.3000000000000, 89.9527923687146, -7.53915110783493 ) );
#9770 = VECTOR( '', #12449, 1000.00000000000 );
#9771 = CARTESIAN_POINT( '', ( 30.3000000000000, -72.2017462684322, -45.2426548003099 ) );
#9772 = AXIS2_PLACEMENT_3D( '', #12450, #12451, #12452 );
#9773 = CARTESIAN_POINT( '', ( 30.3000000000000, -71.1478557260013, -46.8825404941239 ) );
#9774 = CARTESIAN_POINT( '', ( 30.3000000000000, -45.8799884459214, -86.2001094422382 ) );
#9775 = VECTOR( '', #12453, 1000.00000000000 );
#9776 = CARTESIAN_POINT( '', ( 30.3000000000000, -71.2206424336818, -48.7165413014732 ) );
#9777 = AXIS2_PLACEMENT_3D( '', #12454, #12455, #12456 );
#9778 = CARTESIAN_POINT( '', ( 30.3000000000000, -71.7609449031463, -49.4264904596125 ) );
#9779 = CARTESIAN_POINT( '', ( 30.3000000000000, 10.7448318155004, 58.9848347395695 ) );
#9780 = VECTOR( '', #12457, 1000.00000000000 );
#9781 = CARTESIAN_POINT( '', ( 30.3000000000000, -71.7892881225586, -51.3260227453507 ) );
#9782 = AXIS2_PLACEMENT_3D( '', #12458, #12459, #12460 );
#9783 = CARTESIAN_POINT( '', ( 30.3000000000000, -69.4723379762274, -54.4211057965275 ) );
#9784 = AXIS2_PLACEMENT_3D( '', #12461, #12462, #12463 );
#9785 = CARTESIAN_POINT( '', ( 30.3000000000000, -67.6417647953426, -54.9290708816208 ) );
#9786 = AXIS2_PLACEMENT_3D( '', #12464, #12465, #12466 );
#9787 = CARTESIAN_POINT( '', ( 30.3000000000000, -66.8083527702944, -54.6106702500931 ) );
#9788 = CARTESIAN_POINT( '', ( 30.3000000000000, 86.7069135974338, 4.03902076894919 ) );
#9789 = VECTOR( '', #12467, 1000.00000000000 );
#9790 = CARTESIAN_POINT( '', ( 30.3000000000000, -65.0281354967807, -55.0575296522048 ) );
#9791 = AXIS2_PLACEMENT_3D( '', #12468, #12469, #12470 );
#9792 = CARTESIAN_POINT( '', ( 30.3000000000000, -63.7515919731851, -56.5307394120719 ) );
#9793 = CARTESIAN_POINT( '', ( 30.3000000000000, -26.5445059737875, -99.4700056551367 ) );
#9794 = VECTOR( '', #12471, 1000.00000000000 );
#9795 = CARTESIAN_POINT( '', ( 30.3000000000000, -63.5626322888403, -58.3564313641451 ) );
#9796 = AXIS2_PLACEMENT_3D( '', #12472, #12473, #12474 );
#9797 = CARTESIAN_POINT( '', ( 30.3000000000000, -63.9963989585946, -59.1360473220772 ) );
#9798 = CARTESIAN_POINT( '', ( 30.3000000000000, -2.88258730264437, 50.7048098466493 ) );
#9799 = VECTOR( '', #12475, 1000.00000000000 );
#9800 = CARTESIAN_POINT( '', ( 30.3000000000000, -63.7541220548611, -61.0202787687329 ) );
#9801 = AXIS2_PLACEMENT_3D( '', #12476, #12477, #12478 );
#9802 = CARTESIAN_POINT( '', ( 30.3000000000000, -61.0202788763827, -63.7541219518274 ) );
#9803 = AXIS2_PLACEMENT_3D( '', #12479, #12480, #12481 );
#9804 = CARTESIAN_POINT( '', ( 30.3000000000000, -59.1360473220772, -63.9963989585946 ) );
#9805 = AXIS2_PLACEMENT_3D( '', #12482, #12483, #12484 );
#9806 = CARTESIAN_POINT( '', ( 30.3000000000000, -58.3564313641451, -63.5626322888403 ) );
#9807 = CARTESIAN_POINT( '', ( 30.3000000000000, 80.5994990084407, 13.7503710521916 ) );
#9808 = VECTOR( '', #12485, 1000.00000000000 );
#9809 = CARTESIAN_POINT( '', ( 30.3000000000000, -56.5307394120720, -63.7515919731851 ) );
#9810 = AXIS2_PLACEMENT_3D( '', #12486, #12487, #12488 );
#9811 = CARTESIAN_POINT( '', ( 30.3000000000000, -55.0575296522048, -65.0281354967806 ) );
#9812 = CARTESIAN_POINT( '', ( 30.3000000000000, -5.38949229332528, -108.065734857980 ) );
#9813 = VECTOR( '', #12489, 1000.00000000000 );
#9814 = CARTESIAN_POINT( '', ( 30.3000000000000, -54.6106702500930, -66.8083527702944 ) );
#9815 = AXIS2_PLACEMENT_3D( '', #12490, #12491, #12492 );
#9816 = CARTESIAN_POINT( '', ( 30.3000000000000, -54.9290708816207, -67.6417647953426 ) );
#9817 = CARTESIAN_POINT( '', ( 30.3000000000000, -14.1419552207749, 39.1183019032722 ) );
#9818 = VECTOR( '', #12493, 1000.00000000000 );
#9819 = CARTESIAN_POINT( '', ( 30.3000000000000, -54.4211059138326, -69.4723378843364 ) );
#9820 = AXIS2_PLACEMENT_3D( '', #12494, #12495, #12496 );
#9821 = CARTESIAN_POINT( '', ( 30.3000000000000, -51.3260228665682, -71.7892880358938 ) );
#9822 = AXIS2_PLACEMENT_3D( '', #12497, #12498, #12499 );
#9823 = CARTESIAN_POINT( '', ( 30.3000000000000, -49.4264904596125, -71.7609449031463 ) );
#9824 = AXIS2_PLACEMENT_3D( '', #12500, #12501, #12502 );
#9825 = CARTESIAN_POINT( '', ( 30.3000000000000, -48.7165413014732, -71.2206424336819 ) );
#9826 = CARTESIAN_POINT( '', ( 30.3000000000000, 72.3384565221851, 20.9075240910308 ) );
#9827 = VECTOR( '', #12503, 1000.00000000000 );
#9828 = CARTESIAN_POINT( '', ( 30.3000000000000, -46.8825404941241, -71.1478557260013 ) );
#9829 = AXIS2_PLACEMENT_3D( '', #12504, #12505, #12506 );
#9830 = CARTESIAN_POINT( '', ( 30.3000000000000, -45.2426548003100, -72.2017462684321 ) );
#9831 = CARTESIAN_POINT( '', ( 30.3000000000000, 16.3925898014956, -111.812312792235 ) );
#9832 = VECTOR( '', #12507, 1000.00000000000 );
#9833 = CARTESIAN_POINT( '', ( 30.3000000000000, -44.5469924492222, -73.9002487734205 ) );
#9834 = AXIS2_PLACEMENT_3D( '', #12508, #12509, #12510 );
#9835 = CARTESIAN_POINT( '', ( 30.3000000000000, -44.7435453238570, -74.7704910001166 ) );
#9836 = CARTESIAN_POINT( '', ( 30.3000000000000, -22.2204851056667, 24.9508593627518 ) );
#9837 = VECTOR( '', #12511, 1000.00000000000 );
#9838 = CARTESIAN_POINT( '', ( 30.3000000000000, -43.9802329939084, -76.5101405422937 ) );
#9839 = AXIS2_PLACEMENT_3D( '', #12512, #12513, #12514 );
#9840 = CARTESIAN_POINT( '', ( 30.3000000000000, -40.5869170432177, -78.3630312387606 ) );
#9841 = AXIS2_PLACEMENT_3D( '', #12515, #12516, #12517 );
#9842 = CARTESIAN_POINT( '', ( 30.3000000000000, -38.7107527856184, -78.0646449509463 ) );
#9843 = AXIS2_PLACEMENT_3D( '', #12518, #12519, #12520 );
#9844 = CARTESIAN_POINT( '', ( 30.3000000000000, -38.0849229448073, -77.4288056819463 ) );
#9845 = CARTESIAN_POINT( '', ( 30.3000000000000, 62.7898556373717, 25.0593489114805 ) );
#9846 = VECTOR( '', #12521, 1000.00000000000 );
#9847 = CARTESIAN_POINT( '', ( 30.3000000000000, -36.2799482497981, -77.0957543097092 ) );
#9848 = AXIS2_PLACEMENT_3D( '', #12522, #12523, #12524 );
#9849 = CARTESIAN_POINT( '', ( 30.3000000000000, -34.5067699657234, -77.9055376987010 ) );
#9850 = CARTESIAN_POINT( '', ( 30.3000000000000, 37.6273707775792, -110.848095972586 ) );
#9851 = VECTOR( '', #12525, 1000.00000000000 );
#9852 = CARTESIAN_POINT( '', ( 30.3000000000000, -33.5764663450032, -79.4877488222391 ) );
#9853 = AXIS2_PLACEMENT_3D( '', #12526, #12527, #12528 );
#9854 = CARTESIAN_POINT( '', ( 30.3000000000000, -33.6471702130293, -80.3771056284188 ) );
#9855 = CARTESIAN_POINT( '', ( 30.3000000000000, -26.5317408036966, 9.12514864359557 ) );
#9856 = VECTOR( '', #12529, 1000.00000000000 );
#9857 = CARTESIAN_POINT( '', ( 30.3000000000000, -32.6440493587469, -81.9904173758354 ) );
#9858 = AXIS2_PLACEMENT_3D( '', #12530, #12531, #12532 );
#9859 = CARTESIAN_POINT( '', ( 30.3000000000000, -29.0215786318710, -83.3415291059273 ) );
#9860 = AXIS2_PLACEMENT_3D( '', #12533, #12534, #12535 );
#9861 = CARTESIAN_POINT( '', ( 30.3000000000000, -27.2069758175018, -82.7791739473911 ) );
#9862 = AXIS2_PLACEMENT_3D( '', #12536, #12537, #12538 );
#9863 = CARTESIAN_POINT( '', ( 30.3000000000000, -26.6780053848336, -82.0607417327634 ) );
#9864 = CARTESIAN_POINT( '', ( 30.3000000000000, 52.9037571678756, 26.0248872244597 ) );
#9865 = VECTOR( '', #12539, 1000.00000000000 );
#9866 = CARTESIAN_POINT( '', ( 30.3000000000000, -24.9388008818377, -81.4742056614676 ) );
#9867 = AXIS2_PLACEMENT_3D( '', #12540, #12541, #12542 );
#9868 = CARTESIAN_POINT( '', ( 30.3000000000000, -23.0684268039421, -82.0233970424429 ) );
#9869 = CARTESIAN_POINT( '', ( 30.3000000000000, 57.2416982932897, -105.604577422182 ) );
#9870 = VECTOR( '', #12543, 1000.00000000000 );
#9871 = CARTESIAN_POINT( '', ( 30.3000000000000, -21.9224202125333, -83.4571075287756 ) );
#9872 = AXIS2_PLACEMENT_3D( '', #12544, #12545, #12546 );
#9873 = CARTESIAN_POINT( '', ( 30.3000000000000, -21.8658357470907, -84.3474741745585 ) );
#9874 = CARTESIAN_POINT( '', ( 30.3000000000000, -26.7617613469044, -7.30921252076639 ) );
#9875 = VECTOR( '', #12547, 1000.00000000000 );
#9876 = CARTESIAN_POINT( '', ( 30.3000000000000, -20.6433270163061, -85.8016057524441 ) );
#9877 = AXIS2_PLACEMENT_3D( '', #12548, #12549, #12550 );
#9878 = CARTESIAN_POINT( '', ( 30.3000000000000, -16.8654445709010, -86.6234337776209 ) );
#9879 = AXIS2_PLACEMENT_3D( '', #12551, #12552, #12553 );
#9880 = CARTESIAN_POINT( '', ( 30.3000000000000, -15.1493432801802, -85.8085576776922 ) );
#9881 = AXIS2_PLACEMENT_3D( '', #12554, #12555, #12556 );
#9882 = CARTESIAN_POINT( '', ( 30.3000000000000, -14.7280005682392, -85.0221577255391 ) );
#9883 = CARTESIAN_POINT( '', ( 30.3000000000000, 43.6336521392423, 23.9048501377521 ) );
#9884 = VECTOR( '', #12557, 1000.00000000000 );
#9885 = CARTESIAN_POINT( '', ( 30.3000000000000, -13.0899714454859, -84.1940771381659 ) );
#9886 = AXIS2_PLACEMENT_3D( '', #12558, #12559, #12560 );
#9887 = CARTESIAN_POINT( '', ( 30.3000000000000, -11.1604769962819, -84.4714965583452 ) );
#9888 = CARTESIAN_POINT( '', ( 30.3000000000000, 74.3374032398590, -96.7642359188815 ) );
#9889 = VECTOR( '', #12561, 1000.00000000000 );
#9890 = CARTESIAN_POINT( '', ( 30.3000000000000, -9.82209682357550, -85.7275201964504 ) );
#9891 = AXIS2_PLACEMENT_3D( '', #12562, #12563, #12564 );
#9892 = CARTESIAN_POINT( '', ( 30.3000000000000, -9.63937592120450, -86.6007713845337 ) );
#9893 = CARTESIAN_POINT( '', ( 30.3000000000000, -22.8937773665971, -23.2559560988649 ) );
#9894 = VECTOR( '', #12565, 1000.00000000000 );
#9895 = CARTESIAN_POINT( '', ( 30.3000000000000, -8.22236606625239, -87.8661208673317 ) );
#9896 = AXIS2_PLACEMENT_3D( '', #12566, #12567, #12568 );
#9897 = CARTESIAN_POINT( '', ( 30.3000000000000, -4.36597869439343, -88.1419351389570 ) );
#9898 = AXIS2_PLACEMENT_3D( '', #12569, #12570, #12571 );
#9899 = CARTESIAN_POINT( '', ( 30.3000000000000, -2.78331380077252, -87.0911266251218 ) );
#9900 = AXIS2_PLACEMENT_3D( '', #12572, #12573, #12574 );
#9901 = CARTESIAN_POINT( '', ( 30.3000000000000, -2.47817613212186, -86.2527677706791 ) );
#9902 = CARTESIAN_POINT( '', ( 30.3000000000000, 35.8561095658548, 19.0698165754336 ) );
#9903 = VECTOR( '', #12575, 1000.00000000000 );
#9904 = CARTESIAN_POINT( '', ( 30.3000000000000, -0.974667938864459, -85.2000000000001 ) );
#9905 = AXIS2_PLACEMENT_3D( '', #12576, #12577, #12578 );
#9906 = CARTESIAN_POINT( '', ( 30.3000000000000, 0.974667938864509, -85.2000000000001 ) );
#9907 = CARTESIAN_POINT( '', ( 30.3000000000000, 88.2500000000025, -85.1999999999975 ) );
#9908 = VECTOR( '', #12579, 1000.00000000000 );
#9909 = CARTESIAN_POINT( '', ( 30.3000000000000, 2.47817613212201, -86.2527677706790 ) );
#9910 = AXIS2_PLACEMENT_3D( '', #12580, #12581, #12582 );
#9911 = CARTESIAN_POINT( '', ( 30.3000000000000, 2.78331380077268, -87.0911266251217 ) );
#9912 = CARTESIAN_POINT( '', ( 30.3000000000000, -15.2095316711043, -37.6561899794038 ) );
#9913 = VECTOR( '', #12583, 1000.00000000000 );
#9914 = CARTESIAN_POINT( '', ( 30.3000000000000, 4.36597854556445, -88.1419351463290 ) );
#9915 = AXIS2_PLACEMENT_3D( '', #12584, #12585, #12586 );
#9916 = CARTESIAN_POINT( '', ( 30.3000000000000, 8.22236591788914, -87.8661208812153 ) );
#9917 = AXIS2_PLACEMENT_3D( '', #12587, #12588, #12589 );
#9918 = CARTESIAN_POINT( '', ( 30.3000000000000, 9.63937592120466, -86.6007713845337 ) );
#9919 = AXIS2_PLACEMENT_3D( '', #12590, #12591, #12592 );
#9920 = CARTESIAN_POINT( '', ( 30.3000000000000, 9.82209682357565, -85.7275201964504 ) );
#9921 = CARTESIAN_POINT( '', ( 30.3000000000000, 30.2972059982171, 12.1261636507692 ) );
#9922 = VECTOR( '', #12593, 1000.00000000000 );
#9923 = CARTESIAN_POINT( '', ( 30.3000000000000, 11.1604769962820, -84.4714965583453 ) );
#9924 = AXIS2_PLACEMENT_3D( '', #12594, #12595, #12596 );
#9925 = CARTESIAN_POINT( '', ( 30.3000000000000, 13.0899714454859, -84.1940771381659 ) );
#9926 = CARTESIAN_POINT( '', ( 30.3000000000000, 98.5878516816254, -71.9013377776246 ) );
#9927 = VECTOR( '', #12597, 1000.00000000000 );
#9928 = CARTESIAN_POINT( '', ( 30.3000000000000, 14.7280005682393, -85.0221577255391 ) );
#9929 = AXIS2_PLACEMENT_3D( '', #12598, #12599, #12600 );
#9930 = CARTESIAN_POINT( '', ( 30.3000000000000, 15.1493432801803, -85.8085576776921 ) );
#9931 = CARTESIAN_POINT( '', ( 30.3000000000000, -4.26709777542611, -49.5694395337667 ) );
#9932 = VECTOR( '', #12601, 1000.00000000000 );
#9933 = CARTESIAN_POINT( '', ( 30.3000000000000, 16.8654444246360, -86.6234338060984 ) );
#9934 = AXIS2_PLACEMENT_3D( '', #12602, #12603, #12604 );
#9935 = CARTESIAN_POINT( '', ( 30.3000000000000, 20.6433268714287, -85.8016057873007 ) );
#9936 = AXIS2_PLACEMENT_3D( '', #12605, #12606, #12607 );
#9937 = CARTESIAN_POINT( '', ( 30.3000000000000, 21.8658357470907, -84.3474741745585 ) );
#9938 = AXIS2_PLACEMENT_3D( '', #12608, #12609, #12610 );
#9939 = CARTESIAN_POINT( '', ( 30.3000000000000, 21.9224202125333, -83.4571075287757 ) );
#9940 = CARTESIAN_POINT( '', ( 30.3000000000000, 27.4717491145868, 3.86257150711740 ) );
#9941 = VECTOR( '', #12611, 1000.00000000000 );
#9942 = CARTESIAN_POINT( '', ( 30.3000000000000, 23.0684268039420, -82.0233970424430 ) );
#9943 = AXIS2_PLACEMENT_3D( '', #12612, #12613, #12614 );
#9944 = CARTESIAN_POINT( '', ( 30.3000000000000, 24.9388008818376, -81.4742056614676 ) );
#9945 = CARTESIAN_POINT( '', ( 30.3000000000000, 105.248925979067, -57.8930252817242 ) );
#9946 = VECTOR( '', #12615, 1000.00000000000 );
#9947 = CARTESIAN_POINT( '', ( 30.3000000000000, 26.6780053848336, -82.0607417327634 ) );
#9948 = AXIS2_PLACEMENT_3D( '', #12616, #12617, #12618 );
#9949 = CARTESIAN_POINT( '', ( 30.3000000000000, 27.2069758175018, -82.7791739473911 ) );
#9950 = CARTESIAN_POINT( '', ( 30.3000000000000, 9.14301970940452, -58.2452355829800 ) );
#9951 = VECTOR( '', #12619, 1000.00000000000 );
#9952 = CARTESIAN_POINT( '', ( 30.3000000000000, 29.0215784911474, -83.3415291549307 ) );
#9953 = AXIS2_PLACEMENT_3D( '', #12620, #12621, #12622 );
#9954 = CARTESIAN_POINT( '', ( 30.3000000000000, 32.6440492203048, -81.9904174309554 ) );
#9955 = AXIS2_PLACEMENT_3D( '', #12623, #12624, #12625 );
#9956 = CARTESIAN_POINT( '', ( 30.3000000000000, 33.6471702130294, -80.3771056284188 ) );
#9957 = AXIS2_PLACEMENT_3D( '', #12626, #12627, #12628 );
#9958 = CARTESIAN_POINT( '', ( 30.3000000000000, 33.5764663450033, -79.4877488222391 ) );
#9959 = CARTESIAN_POINT( '', ( 30.3000000000000, 27.6402588780047, -4.81847455105206 ) );
#9960 = VECTOR( '', #12629, 1000.00000000000 );
#9961 = CARTESIAN_POINT( '', ( 30.3000000000000, 34.5067699657234, -77.9055376987010 ) );
#9962 = AXIS2_PLACEMENT_3D( '', #12630, #12631, #12632 );
#9963 = CARTESIAN_POINT( '', ( 30.3000000000000, 36.2799482497981, -77.0957543097092 ) );
#9964 = CARTESIAN_POINT( '', ( 30.3000000000000, 108.414088993097, -44.1531960358207 ) );
#9965 = VECTOR( '', #12633, 1000.00000000000 );
#9966 = CARTESIAN_POINT( '', ( 30.3000000000000, 38.0849229448074, -77.4288056819462 ) );
#9967 = AXIS2_PLACEMENT_3D( '', #12634, #12635, #12636 );
#9968 = CARTESIAN_POINT( '', ( 30.3000000000000, 38.7107527856185, -78.0646449509462 ) );
#9969 = CARTESIAN_POINT( '', ( 30.3000000000000, 24.0599730542068, -63.1795428557390 ) );
#9970 = VECTOR( '', #12637, 1000.00000000000 );
#9971 = CARTESIAN_POINT( '', ( 30.3000000000000, 40.5869169109005, -78.3630313072922 ) );
#9972 = AXIS2_PLACEMENT_3D( '', #12638, #12639, #12640 );
#9973 = CARTESIAN_POINT( '', ( 30.3000000000000, 43.9802328647198, -76.5101406165550 ) );
#9974 = AXIS2_PLACEMENT_3D( '', #12641, #12642, #12643 );
#9975 = CARTESIAN_POINT( '', ( 30.3000000000000, 44.7435453238571, -74.7704910001166 ) );
#9976 = AXIS2_PLACEMENT_3D( '', #12644, #12645, #12646 );
#9977 = CARTESIAN_POINT( '', ( 30.3000000000000, 44.5469924492223, -73.9002487734205 ) );
#9978 = CARTESIAN_POINT( '', ( 30.3000000000000, 30.7872181018722, -12.9785416291172 ) );
#9979 = VECTOR( '', #12647, 1000.00000000000 );
#9980 = CARTESIAN_POINT( '', ( 30.3000000000000, 45.2426548003099, -72.2017462684322 ) );
#9981 = AXIS2_PLACEMENT_3D( '', #12648, #12649, #12650 );
#9982 = CARTESIAN_POINT( '', ( 30.3000000000000, 46.8825404941240, -71.1478557260013 ) );
#9983 = CARTESIAN_POINT( '', ( 30.3000000000000, 108.517785095925, -31.5372892021962 ) );
#9984 = VECTOR( '', #12651, 1000.00000000000 );
#9985 = CARTESIAN_POINT( '', ( 30.3000000000000, 48.7165413014732, -71.2206424336818 ) );
#9986 = AXIS2_PLACEMENT_3D( '', #12652, #12653, #12654 );
#9987 = CARTESIAN_POINT( '', ( 30.3000000000000, 49.4264904596125, -71.7609449031463 ) );
#9988 = CARTESIAN_POINT( '', ( 30.3000000000000, 39.4278575359609, -64.1515464018840 ) );
#9989 = VECTOR( '', #12655, 1000.00000000000 );
#9990 = CARTESIAN_POINT( '', ( 30.3000000000000, 51.3260227453508, -71.7892881225586 ) );
#9991 = AXIS2_PLACEMENT_3D( '', #12656, #12657, #12658 );
#9992 = CARTESIAN_POINT( '', ( 30.3000000000000, 54.4211057965275, -69.4723379762274 ) );
#9993 = AXIS2_PLACEMENT_3D( '', #12659, #12660, #12661 );
#9994 = CARTESIAN_POINT( '', ( 30.3000000000000, 54.9290708816208, -67.6417647953426 ) );
#9995 = AXIS2_PLACEMENT_3D( '', #12662, #12663, #12664 );
#9996 = CARTESIAN_POINT( '', ( 30.3000000000000, 54.6106702500931, -66.8083527702944 ) );
#9997 = CARTESIAN_POINT( '', ( 30.3000000000000, 36.6223675368893, -19.7240623922902 ) );
#9998 = VECTOR( '', #12665, 1000.00000000000 );
#9999 = CARTESIAN_POINT( '', ( 30.3000000000000, 55.0575296522048, -65.0281354967807 ) );
#10000 = AXIS2_PLACEMENT_3D( '', #12666, #12667, #12668 );
#10001 = CARTESIAN_POINT( '', ( 30.3000000000000, 56.5307394120719, -63.7515919731851 ) );
#10002 = CARTESIAN_POINT( '', ( 30.3000000000000, 106.198776770946, -20.7139926119847 ) );
#10003 = VECTOR( '', #12669, 1000.00000000000 );
#10004 = CARTESIAN_POINT( '', ( 30.3000000000000, 58.3564313641451, -63.5626322888403 ) );
#10005 = AXIS2_PLACEMENT_3D( '', #12670, #12671, #12672 );
#10006 = CARTESIAN_POINT( '', ( 30.3000000000000, 59.1360473220772, -63.9963989585945 ) );
#10007 = CARTESIAN_POINT( '', ( 30.3000000000000, 54.1781485081865, -61.2378981408529 ) );
#10008 = VECTOR( '', #12673, 1000.00000000000 );
#10009 = CARTESIAN_POINT( '', ( 30.3000000000000, 61.0202787687329, -63.7541220548611 ) );
#10010 = AXIS2_PLACEMENT_3D( '', #12674, #12675, #12676 );
#10011 = CARTESIAN_POINT( '', ( 30.3000000000000, 63.7541219518275, -61.0202788763827 ) );
#10012 = AXIS2_PLACEMENT_3D( '', #12677, #12678, #12679 );
#10013 = CARTESIAN_POINT( '', ( 30.3000000000000, 63.9963989585946, -59.1360473220772 ) );
#10014 = AXIS2_PLACEMENT_3D( '', #12680, #12681, #12682 );
#10015 = CARTESIAN_POINT( '', ( 30.3000000000000, 63.5626322888404, -58.3564313641451 ) );
#10016 = CARTESIAN_POINT( '', ( 30.3000000000000, 44.6049397860171, -24.2834593463951 ) );
#10017 = VECTOR( '', #12683, 1000.00000000000 );
#10018 = CARTESIAN_POINT( '', ( 30.3000000000000, 63.7515919731852, -56.5307394120720 ) );
#10019 = AXIS2_PLACEMENT_3D( '', #12684, #12685, #12686 );
#10020 = CARTESIAN_POINT( '', ( 30.3000000000000, 65.0281354967806, -55.0575296522048 ) );
#10021 = CARTESIAN_POINT( '', ( 30.3000000000000, 102.235221496173, -12.1182634091407 ) );
#10022 = VECTOR( '', #12687, 1000.00000000000 );
#10023 = CARTESIAN_POINT( '', ( 30.3000000000000, 66.8083527702944, -54.6106702500930 ) );
#10024 = AXIS2_PLACEMENT_3D( '', #12688, #12689, #12690 );
#10025 = CARTESIAN_POINT( '', ( 30.3000000000000, 67.6417647953426, -54.9290708816207 ) );
#10026 = CARTESIAN_POINT( '', ( 30.3000000000000, 67.3126740864518, -54.8033435266133 ) );
#10027 = VECTOR( '', #12691, 1000.00000000000 );
#10028 = CARTESIAN_POINT( '', ( 30.3000000000000, 69.4723378843365, -54.4211059138326 ) );
#10029 = AXIS2_PLACEMENT_3D( '', #12692, #12693, #12694 );
#10030 = CARTESIAN_POINT( '', ( 30.3000000000000, 71.7892880358938, -51.3260228665681 ) );
#10031 = AXIS2_PLACEMENT_3D( '', #12695, #12696, #12697 );
#10032 = CARTESIAN_POINT( '', ( 30.3000000000000, 71.7609449031463, -49.4264904596125 ) );
#10033 = AXIS2_PLACEMENT_3D( '', #12698, #12699, #12700 );
#10034 = CARTESIAN_POINT( '', ( 30.3000000000000, 71.2206424336819, -48.7165413014732 ) );
#10035 = CARTESIAN_POINT( '', ( 30.3000000000000, 53.9888541263537, -26.0742357533453 ) );
#10036 = VECTOR( '', #12701, 1000.00000000000 );
#10037 = CARTESIAN_POINT( '', ( 30.3000000000000, 71.1478557260013, -46.8825404941240 ) );
#10038 = AXIS2_PLACEMENT_3D( '', #12702, #12703, #12704 );
#10039 = CARTESIAN_POINT( '', ( 30.3000000000000, 72.2017462684322, -45.2426548003099 ) );
#10040 = CARTESIAN_POINT( '', ( 30.3000000000000, 97.4696135485075, -5.92508585219783 ) );
#10041 = VECTOR( '', #12705, 1000.00000000000 );
#10042 = CARTESIAN_POINT( '', ( 30.3000000000000, 73.9002487734205, -44.5469924492222 ) );
#10043 = AXIS2_PLACEMENT_3D( '', #12706, #12707, #12708 );
#10044 = CARTESIAN_POINT( '', ( 30.3000000000000, 74.7704910001166, -44.7435453238570 ) );
#10045 = CARTESIAN_POINT( '', ( 30.3000000000000, 77.9804746350800, -45.4685520997039 ) );
#10046 = VECTOR( '', #12709, 1000.00000000000 );
#10047 = CARTESIAN_POINT( '', ( 30.3000000000000, 76.5101405422937, -43.9802329939084 ) );
#10048 = AXIS2_PLACEMENT_3D( '', #12710, #12711, #12712 );
#10049 = CARTESIAN_POINT( '', ( 30.3000000000000, 78.3630312387606, -40.5869170432177 ) );
#10050 = AXIS2_PLACEMENT_3D( '', #12713, #12714, #12715 );
#10051 = CARTESIAN_POINT( '', ( 30.3000000000000, 78.0646449509463, -38.7107527856184 ) );
#10052 = AXIS2_PLACEMENT_3D( '', #12716, #12717, #12718 );
#10053 = CARTESIAN_POINT( '', ( 30.3000000000000, 77.4288056819463, -38.0849229448073 ) );
#10054 = CARTESIAN_POINT( '', ( 30.3000000000000, 63.8851826263400, -24.7545045920272 ) );
#10055 = VECTOR( '', #12719, 1000.00000000000 );
#10056 = CARTESIAN_POINT( '', ( 30.3000000000000, 77.0957543097092, -36.2799482497981 ) );
#10057 = AXIS2_PLACEMENT_3D( '', #12720, #12721, #12722 );
#10058 = CARTESIAN_POINT( '', ( 30.3000000000000, 77.9055376987009, -34.5067699657234 ) );
#10059 = CARTESIAN_POINT( '', ( 30.3000000000000, 92.7299161188684, -2.04590913937854 ) );
#10060 = VECTOR( '', #12723, 1000.00000000000 );
#10061 = CARTESIAN_POINT( '', ( 30.3000000000000, 79.4877488222391, -33.5764663450032 ) );
#10062 = AXIS2_PLACEMENT_3D( '', #12724, #12725, #12726 );
#10063 = CARTESIAN_POINT( '', ( 30.3000000000000, 80.3771056284188, -33.6471702130293 ) );
#10064 = CARTESIAN_POINT( '', ( 30.3000000000000, 85.5424039165741, -34.0578114381745 ) );
#10065 = VECTOR( '', #12727, 1000.00000000000 );
#10066 = CARTESIAN_POINT( '', ( 30.3000000000000, 81.9904173758354, -32.6440493587469 ) );
#10067 = AXIS2_PLACEMENT_3D( '', #12728, #12729, #12730 );
#10068 = CARTESIAN_POINT( '', ( 30.3000000000000, 83.3415291059273, -29.0215786318709 ) );
#10069 = AXIS2_PLACEMENT_3D( '', #12731, #12732, #12733 );
#10070 = CARTESIAN_POINT( '', ( 30.3000000000000, 82.7791739473911, -27.2069758175018 ) );
#10071 = AXIS2_PLACEMENT_3D( '', #12734, #12735, #12736 );
#10072 = CARTESIAN_POINT( '', ( 30.3000000000000, 82.0607417327634, -26.6780053848336 ) );
#10073 = CARTESIAN_POINT( '', ( 30.3000000000000, 73.3367857406201, -20.2546926744842 ) );
#10074 = VECTOR( '', #12737, 1000.00000000000 );
#10075 = CARTESIAN_POINT( '', ( 30.3000000000000, 81.4742056614676, -24.9388008818376 ) );
#10076 = AXIS2_PLACEMENT_3D( '', #12738, #12739, #12740 );
#10077 = CARTESIAN_POINT( '', ( 30.3000000000000, 82.0233970424429, -23.0684268039420 ) );
#10078 = CARTESIAN_POINT( '', ( 30.3000000000000, 88.7534892157787, -0.147837772661378 ) );
#10079 = VECTOR( '', #12741, 1000.00000000000 );
#10080 = CARTESIAN_POINT( '', ( 30.3000000000000, 83.4571075287756, -21.9224202125333 ) );
#10081 = AXIS2_PLACEMENT_3D( '', #12742, #12743, #12744 );
#10082 = CARTESIAN_POINT( '', ( 30.3000000000000, 84.3474741745585, -21.8658357470906 ) );
#10083 = CARTESIAN_POINT( '', ( 30.3000000000000, 89.6183266229833, -21.5308632168036 ) );
#10084 = VECTOR( '', #12745, 1000.00000000000 );
#10085 = CARTESIAN_POINT( '', ( 30.3000000000000, 85.8016057524441, -20.6433270163060 ) );
#10086 = AXIS2_PLACEMENT_3D( '', #12746, #12747, #12748 );
#10087 = CARTESIAN_POINT( '', ( 30.3000000000000, 86.6234337776209, -16.8654445709010 ) );
#10088 = AXIS2_PLACEMENT_3D( '', #12749, #12750, #12751 );
#10089 = CARTESIAN_POINT( '', ( 30.3000000000000, 85.8085576776922, -15.1493432801802 ) );
#10090 = AXIS2_PLACEMENT_3D( '', #12752, #12753, #12754 );
#10091 = CARTESIAN_POINT( '', ( 30.3000000000000, 85.0221577255392, -14.7280005682392 ) );
#10092 = CARTESIAN_POINT( '', ( 30.3000000000000, 81.3990175160992, -12.7867698784251 ) );
#10093 = VECTOR( '', #12755, 1000.00000000000 );
#10094 = CARTESIAN_POINT( '', ( 30.3000000000000, 84.1940771381660, -13.0899714454859 ) );
#10095 = AXIS2_PLACEMENT_3D( '', #12756, #12757, #12758 );
#10096 = CARTESIAN_POINT( '', ( 30.3000000000000, 84.4714965583452, -11.1604769962819 ) );
#10097 = CARTESIAN_POINT( '', ( 30.3000000000000, 86.1201593875155, 0.306224849744165 ) );
#10098 = VECTOR( '', #12759, 1000.00000000000 );
#10099 = CARTESIAN_POINT( '', ( 30.3000000000000, 85.7275201964504, -9.82209682357549 ) );
#10100 = AXIS2_PLACEMENT_3D( '', #12760, #12761, #12762 );
#10101 = CARTESIAN_POINT( '', ( 30.3000000000000, 86.6007713845337, -9.63937592120448 ) );
#10102 = CARTESIAN_POINT( '', ( 30.3000000000000, 90.1131819082378, -8.90443180759005 ) );
#10103 = VECTOR( '', #12763, 1000.00000000000 );
#10104 = CARTESIAN_POINT( '', ( 30.3000000000000, 87.8661208673317, -8.22236606625238 ) );
#10105 = AXIS2_PLACEMENT_3D( '', #12764, #12765, #12766 );
#10106 = CARTESIAN_POINT( '', ( 30.3000000000000, 88.1419351389570, -4.36597869439351 ) );
#10107 = AXIS2_PLACEMENT_3D( '', #12767, #12768, #12769 );
#10108 = CARTESIAN_POINT( '', ( 30.3000000000000, 87.0911266251218, -2.78331380077261 ) );
#10109 = AXIS2_PLACEMENT_3D( '', #12770, #12771, #12772 );
#10110 = CARTESIAN_POINT( '', ( 30.3000000000000, 86.2527677706791, -2.47817613212194 ) );
#10111 = CARTESIAN_POINT( '', ( 30.3000000000000, 87.2198977546098, -2.83018265893908 ) );
#10112 = VECTOR( '', #12773, 1000.00000000000 );
#10113 = AXIS2_PLACEMENT_3D( '', #12774, #12775, #12776 );
#10114 = CARTESIAN_POINT( '', ( 30.3000000000000, 0.000000000000000, -89.5000000000000 ) );
#10115 = AXIS2_PLACEMENT_3D( '', #12777, #12778, #12779 );
#10116 = CARTESIAN_POINT( '', ( 0.830127018922211, 0.000000000000000, -92.0000000000000 ) );
#10117 = AXIS2_PLACEMENT_3D( '', #12780, #12781, #12782 );
#10118 = CARTESIAN_POINT( '', ( 1.50000000000000, 0.000000000000000, -89.5000000000000 ) );
#10119 = AXIS2_PLACEMENT_3D( '', #12783, #12784, #12785 );
#10120 = CARTESIAN_POINT( '', ( 1.50000000000000, 38.0849229448073, 77.4288056819463 ) );
#10121 = CARTESIAN_POINT( '', ( 1.50000000000000, 36.2799482497982, 77.0957543097092 ) );
#10122 = AXIS2_PLACEMENT_3D( '', #12786, #12787, #12788 );
#10123 = CARTESIAN_POINT( '', ( 1.50000000000000, 38.7107527856184, 78.0646449509463 ) );
#10124 = CARTESIAN_POINT( '', ( 1.50000000000000, 21.2305877002318, 60.3049047386766 ) );
#10125 = VECTOR( '', #12789, 1000.00000000000 );
#10126 = CARTESIAN_POINT( '', ( 1.50000000000000, 40.5869170432177, 78.3630312387606 ) );
#10127 = AXIS2_PLACEMENT_3D( '', #12790, #12791, #12792 );
#10128 = CARTESIAN_POINT( '', ( 1.50000000000000, 43.9802329939084, 76.5101405422937 ) );
#10129 = AXIS2_PLACEMENT_3D( '', #12793, #12794, #12795 );
#10130 = CARTESIAN_POINT( '', ( 1.50000000000000, 44.7435453238570, 74.7704910001166 ) );
#10131 = AXIS2_PLACEMENT_3D( '', #12796, #12797, #12798 );
#10132 = CARTESIAN_POINT( '', ( 1.50000000000000, 44.5469924492222, 73.9002487734205 ) );
#10133 = CARTESIAN_POINT( '', ( 1.50000000000000, 30.5081318994463, 11.7428812568608 ) );
#10134 = VECTOR( '', #12799, 1000.00000000000 );
#10135 = CARTESIAN_POINT( '', ( 1.50000000000000, 45.2426548003100, 72.2017462684321 ) );
#10136 = AXIS2_PLACEMENT_3D( '', #12800, #12801, #12802 );
#10137 = CARTESIAN_POINT( '', ( 1.50000000000000, 46.8825404941241, 71.1478557260013 ) );
#10138 = CARTESIAN_POINT( '', ( 1.50000000000000, 104.448466933545, 34.1524811888451 ) );
#10139 = VECTOR( '', #12803, 1000.00000000000 );
#10140 = CARTESIAN_POINT( '', ( 1.50000000000000, 48.7165413014732, 71.2206424336818 ) );
#10141 = AXIS2_PLACEMENT_3D( '', #12804, #12805, #12806 );
#10142 = CARTESIAN_POINT( '', ( 1.50000000000000, 49.4264904596125, 71.7609449031463 ) );
#10143 = CARTESIAN_POINT( '', ( 1.50000000000000, 35.7867453216020, 61.3805001960242 ) );
#10144 = VECTOR( '', #12807, 1000.00000000000 );
#10145 = CARTESIAN_POINT( '', ( 1.50000000000000, 51.3260228665682, 71.7892880358938 ) );
#10146 = AXIS2_PLACEMENT_3D( '', #12808, #12809, #12810 );
#10147 = CARTESIAN_POINT( '', ( 1.50000000000000, 54.4211059138326, 69.4723378843365 ) );
#10148 = AXIS2_PLACEMENT_3D( '', #12811, #12812, #12813 );
#10149 = CARTESIAN_POINT( '', ( 1.50000000000000, 54.9290708816207, 67.6417647953426 ) );
#10150 = AXIS2_PLACEMENT_3D( '', #12814, #12815, #12816 );
#10151 = CARTESIAN_POINT( '', ( 1.50000000000000, 54.6106702500930, 66.8083527702944 ) );
#10152 = CARTESIAN_POINT( '', ( 1.50000000000000, 35.8900028297071, 17.8071015158058 ) );
#10153 = VECTOR( '', #12817, 1000.00000000000 );
#10154 = CARTESIAN_POINT( '', ( 1.50000000000000, 55.0575296522048, 65.0281354967806 ) );
#10155 = AXIS2_PLACEMENT_3D( '', #12818, #12819, #12820 );
#10156 = CARTESIAN_POINT( '', ( 1.50000000000000, 56.5307394120720, 63.7515919731852 ) );
#10157 = CARTESIAN_POINT( '', ( 1.50000000000000, 102.914621610912, 23.5597292573964 ) );
#10158 = VECTOR( '', #12821, 1000.00000000000 );
#10159 = CARTESIAN_POINT( '', ( 1.50000000000000, 58.3564313641451, 63.5626322888404 ) );
#10160 = AXIS2_PLACEMENT_3D( '', #12822, #12823, #12824 );
#10161 = CARTESIAN_POINT( '', ( 1.50000000000000, 59.1360473220772, 63.9963989585946 ) );
#10162 = CARTESIAN_POINT( '', ( 1.50000000000000, 49.7873752888062, 58.7949375297481 ) );
#10163 = VECTOR( '', #12825, 1000.00000000000 );
#10164 = CARTESIAN_POINT( '', ( 1.50000000000000, 61.0202788763827, 63.7541219518275 ) );
#10165 = AXIS2_PLACEMENT_3D( '', #12826, #12827, #12828 );
#10166 = CARTESIAN_POINT( '', ( 1.50000000000000, 63.7541220548611, 61.0202787687329 ) );
#10167 = AXIS2_PLACEMENT_3D( '', #12829, #12830, #12831 );
#10168 = CARTESIAN_POINT( '', ( 1.50000000000000, 63.9963989585946, 59.1360473220772 ) );
#10169 = AXIS2_PLACEMENT_3D( '', #12832, #12833, #12834 );
#10170 = CARTESIAN_POINT( '', ( 1.50000000000000, 63.5626322888403, 58.3564313641451 ) );
#10171 = CARTESIAN_POINT( '', ( 1.50000000000000, 43.2457130053973, 21.8404987352902 ) );
#10172 = VECTOR( '', #12835, 1000.00000000000 );
#10173 = CARTESIAN_POINT( '', ( 1.50000000000000, 63.7515919731851, 56.5307394120719 ) );
#10174 = AXIS2_PLACEMENT_3D( '', #12836, #12837, #12838 );
#10175 = CARTESIAN_POINT( '', ( 1.50000000000000, 65.0281354967807, 55.0575296522048 ) );
#10176 = CARTESIAN_POINT( '', ( 1.50000000000000, 99.7693766562106, 14.9640000545514 ) );
#10177 = VECTOR( '', #12839, 1000.00000000000 );
#10178 = CARTESIAN_POINT( '', ( 1.50000000000000, 66.8083527702944, 54.6106702500931 ) );
#10179 = AXIS2_PLACEMENT_3D( '', #12840, #12841, #12842 );
#10180 = CARTESIAN_POINT( '', ( 1.50000000000000, 67.6417647953426, 54.9290708816208 ) );
#10181 = CARTESIAN_POINT( '', ( 1.50000000000000, 62.2950387936339, 52.8863826501290 ) );
#10182 = VECTOR( '', #12843, 1000.00000000000 );
#10183 = CARTESIAN_POINT( '', ( 1.50000000000000, 69.4723379762274, 54.4211057965275 ) );
#10184 = AXIS2_PLACEMENT_3D( '', #12844, #12845, #12846 );
#10185 = CARTESIAN_POINT( '', ( 1.50000000000000, 71.7892881225586, 51.3260227453508 ) );
#10186 = AXIS2_PLACEMENT_3D( '', #12847, #12848, #12849 );
#10187 = CARTESIAN_POINT( '', ( 1.50000000000000, 71.7609449031463, 49.4264904596125 ) );
#10188 = AXIS2_PLACEMENT_3D( '', #12850, #12851, #12852 );
#10189 = CARTESIAN_POINT( '', ( 1.50000000000000, 71.2206424336818, 48.7165413014732 ) );
#10190 = CARTESIAN_POINT( '', ( 1.50000000000000, 51.8799663407125, 23.3031895474854 ) );
#10191 = VECTOR( '', #12853, 1000.00000000000 );
#10192 = CARTESIAN_POINT( '', ( 1.50000000000000, 71.1478557260013, 46.8825404941240 ) );
#10193 = AXIS2_PLACEMENT_3D( '', #12854, #12855, #12856 );
#10194 = CARTESIAN_POINT( '', ( 1.50000000000000, 72.2017462684322, 45.2426548003099 ) );
#10195 = CARTESIAN_POINT( '', ( 1.50000000000000, 95.7889317108898, 8.54027783884417 ) );
#10196 = VECTOR( '', #12857, 1000.00000000000 );
#10197 = CARTESIAN_POINT( '', ( 1.50000000000000, 73.9002487734205, 44.5469924492223 ) );
#10198 = AXIS2_PLACEMENT_3D( '', #12858, #12859, #12860 );
#10199 = CARTESIAN_POINT( '', ( 1.50000000000000, 74.7704910001166, 44.7435453238571 ) );
#10200 = CARTESIAN_POINT( '', ( 1.50000000000000, 72.5095608375059, 44.2328917274476 ) );
#10201 = VECTOR( '', #12861, 1000.00000000000 );
#10202 = CARTESIAN_POINT( '', ( 1.50000000000000, 76.5101406165550, 43.9802328647198 ) );
#10203 = AXIS2_PLACEMENT_3D( '', #12862, #12863, #12864 );
#10204 = CARTESIAN_POINT( '', ( 1.50000000000000, 78.3630313072922, 40.5869169109005 ) );
#10205 = AXIS2_PLACEMENT_3D( '', #12865, #12866, #12867 );
#10206 = CARTESIAN_POINT( '', ( 1.50000000000000, 78.0646449509462, 38.7107527856185 ) );
#10207 = AXIS2_PLACEMENT_3D( '', #12868, #12869, #12870 );
#10208 = CARTESIAN_POINT( '', ( 1.50000000000000, 77.4288056819462, 38.0849229448073 ) );
#10209 = CARTESIAN_POINT( '', ( 1.50000000000000, 60.9645679803149, 21.8798664749648 ) );
#10210 = VECTOR( '', #12871, 1000.00000000000 );
#10211 = CARTESIAN_POINT( '', ( 1.50000000000000, 77.0957543097092, 36.2799482497981 ) );
#10212 = AXIS2_PLACEMENT_3D( '', #12872, #12873, #12874 );
#10213 = CARTESIAN_POINT( '', ( 1.50000000000000, 77.9055376987010, 34.5067699657234 ) );
#10214 = CARTESIAN_POINT( '', ( 1.50000000000000, 91.7376407289628, 4.21868916564829 ) );
#10215 = VECTOR( '', #12875, 1000.00000000000 );
#10216 = CARTESIAN_POINT( '', ( 1.50000000000000, 79.4877488222391, 33.5764663450033 ) );
#10217 = AXIS2_PLACEMENT_3D( '', #12876, #12877, #12878 );
#10218 = CARTESIAN_POINT( '', ( 1.50000000000000, 80.3771056284188, 33.6471702130294 ) );
#10219 = CARTESIAN_POINT( '', ( 1.50000000000000, 79.8285171116294, 33.6035574247512 ) );
#10220 = VECTOR( '', #12879, 1000.00000000000 );
#10221 = CARTESIAN_POINT( '', ( 1.50000000000000, 81.9904174309554, 32.6440492203048 ) );
#10222 = AXIS2_PLACEMENT_3D( '', #12880, #12881, #12882 );
#10223 = CARTESIAN_POINT( '', ( 1.50000000000000, 83.3415291549307, 29.0215784911474 ) );
#10224 = AXIS2_PLACEMENT_3D( '', #12883, #12884, #12885 );
#10225 = CARTESIAN_POINT( '', ( 1.50000000000000, 82.7791739473911, 27.2069758175018 ) );
#10226 = AXIS2_PLACEMENT_3D( '', #12886, #12887, #12888 );
#10227 = CARTESIAN_POINT( '', ( 1.50000000000000, 82.0607417327634, 26.6780053848336 ) );
#10228 = CARTESIAN_POINT( '', ( 1.50000000000000, 69.6081396615513, 17.5093487303326 ) );
#10229 = VECTOR( '', #12889, 1000.00000000000 );
#10230 = CARTESIAN_POINT( '', ( 1.50000000000000, 81.4742056614676, 24.9388008818376 ) );
#10231 = AXIS2_PLACEMENT_3D( '', #12890, #12891, #12892 );
#10232 = CARTESIAN_POINT( '', ( 1.50000000000000, 82.0233970424430, 23.0684268039420 ) );
#10233 = CARTESIAN_POINT( '', ( 1.50000000000000, 88.2970931226697, 1.70218012284679 ) );
#10234 = VECTOR( '', #12893, 1000.00000000000 );
#10235 = CARTESIAN_POINT( '', ( 1.50000000000000, 83.4571075287757, 21.9224202125333 ) );
#10236 = AXIS2_PLACEMENT_3D( '', #12894, #12895, #12896 );
#10237 = CARTESIAN_POINT( '', ( 1.50000000000000, 84.3474741745585, 21.8658357470907 ) );
#10238 = CARTESIAN_POINT( '', ( 1.50000000000000, 83.8914565360948, 21.8948165208282 ) );
#10239 = VECTOR( '', #12897, 1000.00000000000 );
#10240 = CARTESIAN_POINT( '', ( 1.50000000000000, 85.8016057873007, 20.6433268714287 ) );
#10241 = AXIS2_PLACEMENT_3D( '', #12898, #12899, #12900 );
#10242 = CARTESIAN_POINT( '', ( 1.50000000000000, 86.6234338060984, 16.8654444246359 ) );
#10243 = AXIS2_PLACEMENT_3D( '', #12901, #12902, #12903 );
#10244 = CARTESIAN_POINT( '', ( 1.50000000000000, 85.8085576776921, 15.1493432801802 ) );
#10245 = AXIS2_PLACEMENT_3D( '', #12904, #12905, #12906 );
#10246 = CARTESIAN_POINT( '', ( 1.50000000000000, 85.0221577255391, 14.7280005682392 ) );
#10247 = CARTESIAN_POINT( '', ( 1.50000000000000, 76.9314973324841, 10.3931315463502 ) );
#10248 = VECTOR( '', #12907, 1000.00000000000 );
#10249 = CARTESIAN_POINT( '', ( 1.50000000000000, 84.1940771381659, 13.0899714454858 ) );
#10250 = AXIS2_PLACEMENT_3D( '', #12908, #12909, #12910 );
#10251 = CARTESIAN_POINT( '', ( 1.50000000000000, 84.4714965583453, 11.1604769962819 ) );
#10252 = CARTESIAN_POINT( '', ( 1.50000000000000, 86.0037016866579, 0.503756251175082 ) );
#10253 = VECTOR( '', #12911, 1000.00000000000 );
#10254 = CARTESIAN_POINT( '', ( 1.50000000000000, 85.7275201964504, 9.82209682357557 ) );
#10255 = AXIS2_PLACEMENT_3D( '', #12912, #12913, #12914 );
#10256 = CARTESIAN_POINT( '', ( 1.50000000000000, 86.6007713845337, 9.63937592120457 ) );
#10257 = CARTESIAN_POINT( '', ( 1.50000000000000, 84.6043700931206, 10.0571070968842 ) );
#10258 = VECTOR( '', #12915, 1000.00000000000 );
#10259 = CARTESIAN_POINT( '', ( 1.50000000000000, 87.8661208812153, 8.22236591788905 ) );
#10260 = AXIS2_PLACEMENT_3D( '', #12916, #12917, #12918 );
#10261 = CARTESIAN_POINT( '', ( 1.50000000000000, 88.1419351463290, 4.36597854556437 ) );
#10262 = AXIS2_PLACEMENT_3D( '', #12919, #12920, #12921 );
#10263 = CARTESIAN_POINT( '', ( 1.50000000000000, 87.0911266251217, 2.78331380077260 ) );
#10264 = AXIS2_PLACEMENT_3D( '', #12922, #12923, #12924 );
#10265 = CARTESIAN_POINT( '', ( 1.50000000000000, 86.2527677706790, 2.47817613212192 ) );
#10266 = CARTESIAN_POINT( '', ( 1.50000000000000, 82.1425199806427, 0.982168281090274 ) );
#10267 = VECTOR( '', #12925, 1000.00000000000 );
#10268 = CARTESIAN_POINT( '', ( 1.50000000000000, 85.2000000000001, 0.974667938864428 ) );
#10269 = AXIS2_PLACEMENT_3D( '', #12926, #12927, #12928 );
#10270 = CARTESIAN_POINT( '', ( 1.50000000000000, 85.2000000000001, -0.974667938864540 ) );
#10271 = CARTESIAN_POINT( '', ( 1.50000000000000, 85.2000000000001, 7.68877801084832E-14 ) );
#10272 = VECTOR( '', #12929, 1000.00000000000 );
#10273 = CARTESIAN_POINT( '', ( 1.50000000000000, 86.2527677706791, -2.47817613212194 ) );
#10274 = AXIS2_PLACEMENT_3D( '', #12930, #12931, #12932 );
#10275 = CARTESIAN_POINT( '', ( 1.50000000000000, 87.0911266251218, -2.78331380077261 ) );
#10276 = CARTESIAN_POINT( '', ( 1.50000000000000, 82.1425199806427, -0.982168281090277 ) );
#10277 = VECTOR( '', #12933, 1000.00000000000 );
#10278 = CARTESIAN_POINT( '', ( 1.50000000000000, 88.1419351389570, -4.36597869439351 ) );
#10279 = AXIS2_PLACEMENT_3D( '', #12934, #12935, #12936 );
#10280 = CARTESIAN_POINT( '', ( 1.50000000000000, 87.8661208673317, -8.22236606625238 ) );
#10281 = AXIS2_PLACEMENT_3D( '', #12937, #12938, #12939 );
#10282 = CARTESIAN_POINT( '', ( 1.50000000000000, 86.6007713845337, -9.63937592120448 ) );
#10283 = AXIS2_PLACEMENT_3D( '', #12940, #12941, #12942 );
#10284 = CARTESIAN_POINT( '', ( 1.50000000000000, 85.7275201964504, -9.82209682357549 ) );
#10285 = CARTESIAN_POINT( '', ( 1.50000000000000, 84.6043700931206, -10.0571070968841 ) );
#10286 = VECTOR( '', #12943, 1000.00000000000 );
#10287 = CARTESIAN_POINT( '', ( 1.50000000000000, 84.4714965583452, -11.1604769962819 ) );
#10288 = AXIS2_PLACEMENT_3D( '', #12944, #12945, #12946 );
#10289 = CARTESIAN_POINT( '', ( 1.50000000000000, 84.1940771381660, -13.0899714454859 ) );
#10290 = CARTESIAN_POINT( '', ( 1.50000000000000, 86.0037016866572, -0.503756251174782 ) );
#10291 = VECTOR( '', #12947, 1000.00000000000 );
#10292 = CARTESIAN_POINT( '', ( 1.50000000000000, 85.0221577255392, -14.7280005682392 ) );
#10293 = AXIS2_PLACEMENT_3D( '', #12948, #12949, #12950 );
#10294 = CARTESIAN_POINT( '', ( 1.50000000000000, 85.8085576776922, -15.1493432801802 ) );
#10295 = CARTESIAN_POINT( '', ( 1.50000000000000, 76.9314973324842, -10.3931315463501 ) );
#10296 = VECTOR( '', #12951, 1000.00000000000 );
#10297 = CARTESIAN_POINT( '', ( 1.50000000000000, 86.6234337776209, -16.8654445709010 ) );
#10298 = AXIS2_PLACEMENT_3D( '', #12952, #12953, #12954 );
#10299 = CARTESIAN_POINT( '', ( 1.50000000000000, 85.8016057524441, -20.6433270163060 ) );
#10300 = AXIS2_PLACEMENT_3D( '', #12955, #12956, #12957 );
#10301 = CARTESIAN_POINT( '', ( 1.50000000000000, 84.3474741745585, -21.8658357470906 ) );
#10302 = AXIS2_PLACEMENT_3D( '', #12958, #12959, #12960 );
#10303 = CARTESIAN_POINT( '', ( 1.50000000000000, 83.4571075287756, -21.9224202125333 ) );
#10304 = CARTESIAN_POINT( '', ( 1.50000000000000, 83.8914565360948, -21.8948165208282 ) );
#10305 = VECTOR( '', #12961, 1000.00000000000 );
#10306 = CARTESIAN_POINT( '', ( 1.50000000000000, 82.0233970424429, -23.0684268039420 ) );
#10307 = AXIS2_PLACEMENT_3D( '', #12962, #12963, #12964 );
#10308 = CARTESIAN_POINT( '', ( 1.50000000000000, 81.4742056614676, -24.9388008818376 ) );
#10309 = CARTESIAN_POINT( '', ( 1.50000000000000, 88.2970931226685, -1.70218012284608 ) );
#10310 = VECTOR( '', #12965, 1000.00000000000 );
#10311 = CARTESIAN_POINT( '', ( 1.50000000000000, 82.0607417327634, -26.6780053848336 ) );
#10312 = AXIS2_PLACEMENT_3D( '', #12966, #12967, #12968 );
#10313 = CARTESIAN_POINT( '', ( 1.50000000000000, 82.7791739473911, -27.2069758175018 ) );
#10314 = CARTESIAN_POINT( '', ( 1.50000000000000, 69.6081396615513, -17.5093487303325 ) );
#10315 = VECTOR( '', #12969, 1000.00000000000 );
#10316 = CARTESIAN_POINT( '', ( 1.50000000000000, 83.3415291059273, -29.0215786318709 ) );
#10317 = AXIS2_PLACEMENT_3D( '', #12970, #12971, #12972 );
#10318 = CARTESIAN_POINT( '', ( 1.50000000000000, 81.9904173758354, -32.6440493587469 ) );
#10319 = AXIS2_PLACEMENT_3D( '', #12973, #12974, #12975 );
#10320 = CARTESIAN_POINT( '', ( 1.50000000000000, 80.3771056284188, -33.6471702130293 ) );
#10321 = AXIS2_PLACEMENT_3D( '', #12976, #12977, #12978 );
#10322 = CARTESIAN_POINT( '', ( 1.50000000000000, 79.4877488222391, -33.5764663450032 ) );
#10323 = CARTESIAN_POINT( '', ( 1.50000000000000, 79.8285171116295, -33.6035574247511 ) );
#10324 = VECTOR( '', #12979, 1000.00000000000 );
#10325 = CARTESIAN_POINT( '', ( 1.50000000000000, 77.9055376987009, -34.5067699657234 ) );
#10326 = AXIS2_PLACEMENT_3D( '', #12980, #12981, #12982 );
#10327 = CARTESIAN_POINT( '', ( 1.50000000000000, 77.0957543097092, -36.2799482497981 ) );
#10328 = CARTESIAN_POINT( '', ( 1.50000000000000, 91.7376407289613, -4.21868916564692 ) );
#10329 = VECTOR( '', #12983, 1000.00000000000 );
#10330 = CARTESIAN_POINT( '', ( 1.50000000000000, 77.4288056819463, -38.0849229448073 ) );
#10331 = AXIS2_PLACEMENT_3D( '', #12984, #12985, #12986 );
#10332 = CARTESIAN_POINT( '', ( 1.50000000000000, 78.0646449509463, -38.7107527856184 ) );
#10333 = CARTESIAN_POINT( '', ( 1.50000000000000, 60.9645679803149, -21.8798664749648 ) );
#10334 = VECTOR( '', #12987, 1000.00000000000 );
#10335 = CARTESIAN_POINT( '', ( 1.50000000000000, 78.3630312387606, -40.5869170432177 ) );
#10336 = AXIS2_PLACEMENT_3D( '', #12988, #12989, #12990 );
#10337 = CARTESIAN_POINT( '', ( 1.50000000000000, 76.5101405422937, -43.9802329939084 ) );
#10338 = AXIS2_PLACEMENT_3D( '', #12991, #12992, #12993 );
#10339 = CARTESIAN_POINT( '', ( 1.50000000000000, 74.7704910001166, -44.7435453238570 ) );
#10340 = AXIS2_PLACEMENT_3D( '', #12994, #12995, #12996 );
#10341 = CARTESIAN_POINT( '', ( 1.50000000000000, 73.9002487734205, -44.5469924492222 ) );
#10342 = CARTESIAN_POINT( '', ( 1.50000000000000, 72.5095608375060, -44.2328917274476 ) );
#10343 = VECTOR( '', #12997, 1000.00000000000 );
#10344 = CARTESIAN_POINT( '', ( 1.50000000000000, 72.2017462684322, -45.2426548003099 ) );
#10345 = AXIS2_PLACEMENT_3D( '', #12998, #12999, #13000 );
#10346 = CARTESIAN_POINT( '', ( 1.50000000000000, 71.1478557260013, -46.8825404941240 ) );
#10347 = CARTESIAN_POINT( '', ( 1.50000000000000, 95.7889317108881, -8.54027783884200 ) );
#10348 = VECTOR( '', #13001, 1000.00000000000 );
#10349 = CARTESIAN_POINT( '', ( 1.50000000000000, 71.2206424336819, -48.7165413014732 ) );
#10350 = AXIS2_PLACEMENT_3D( '', #13002, #13003, #13004 );
#10351 = CARTESIAN_POINT( '', ( 1.50000000000000, 71.7609449031463, -49.4264904596125 ) );
#10352 = CARTESIAN_POINT( '', ( 1.50000000000000, 51.8799663407125, -23.3031895474854 ) );
#10353 = VECTOR( '', #13005, 1000.00000000000 );
#10354 = CARTESIAN_POINT( '', ( 1.50000000000000, 71.7892880358938, -51.3260228665681 ) );
#10355 = AXIS2_PLACEMENT_3D( '', #13006, #13007, #13008 );
#10356 = CARTESIAN_POINT( '', ( 1.50000000000000, 69.4723378843365, -54.4211059138326 ) );
#10357 = AXIS2_PLACEMENT_3D( '', #13009, #13010, #13011 );
#10358 = CARTESIAN_POINT( '', ( 1.50000000000000, 67.6417647953426, -54.9290708816207 ) );
#10359 = AXIS2_PLACEMENT_3D( '', #13012, #13013, #13014 );
#10360 = CARTESIAN_POINT( '', ( 1.50000000000000, 66.8083527702944, -54.6106702500930 ) );
#10361 = CARTESIAN_POINT( '', ( 1.50000000000000, 62.2950387936340, -52.8863826501289 ) );
#10362 = VECTOR( '', #13015, 1000.00000000000 );
#10363 = CARTESIAN_POINT( '', ( 1.50000000000000, 65.0281354967806, -55.0575296522048 ) );
#10364 = AXIS2_PLACEMENT_3D( '', #13016, #13017, #13018 );
#10365 = CARTESIAN_POINT( '', ( 1.50000000000000, 63.7515919731852, -56.5307394120720 ) );
#10366 = CARTESIAN_POINT( '', ( 1.50000000000000, 99.7693766562091, -14.9640000545484 ) );
#10367 = VECTOR( '', #13019, 1000.00000000000 );
#10368 = CARTESIAN_POINT( '', ( 1.50000000000000, 63.5626322888404, -58.3564313641451 ) );
#10369 = AXIS2_PLACEMENT_3D( '', #13020, #13021, #13022 );
#10370 = CARTESIAN_POINT( '', ( 1.50000000000000, 63.9963989585946, -59.1360473220772 ) );
#10371 = CARTESIAN_POINT( '', ( 1.50000000000000, 43.2457130053973, -21.8404987352903 ) );
#10372 = VECTOR( '', #13023, 1000.00000000000 );
#10373 = CARTESIAN_POINT( '', ( 1.50000000000000, 63.7541219518275, -61.0202788763827 ) );
#10374 = AXIS2_PLACEMENT_3D( '', #13024, #13025, #13026 );
#10375 = CARTESIAN_POINT( '', ( 1.50000000000000, 61.0202787687329, -63.7541220548611 ) );
#10376 = AXIS2_PLACEMENT_3D( '', #13027, #13028, #13029 );
#10377 = CARTESIAN_POINT( '', ( 1.50000000000000, 59.1360473220772, -63.9963989585945 ) );
#10378 = AXIS2_PLACEMENT_3D( '', #13030, #13031, #13032 );
#10379 = CARTESIAN_POINT( '', ( 1.50000000000000, 58.3564313641451, -63.5626322888403 ) );
#10380 = CARTESIAN_POINT( '', ( 1.50000000000000, 49.7873752888063, -58.7949375297481 ) );
#10381 = VECTOR( '', #13033, 1000.00000000000 );
#10382 = CARTESIAN_POINT( '', ( 1.50000000000000, 56.5307394120719, -63.7515919731851 ) );
#10383 = AXIS2_PLACEMENT_3D( '', #13034, #13035, #13036 );
#10384 = CARTESIAN_POINT( '', ( 1.50000000000000, 55.0575296522048, -65.0281354967807 ) );
#10385 = CARTESIAN_POINT( '', ( 1.50000000000000, 102.914621610911, -23.5597292573924 ) );
#10386 = VECTOR( '', #13037, 1000.00000000000 );
#10387 = CARTESIAN_POINT( '', ( 1.50000000000000, 54.6106702500931, -66.8083527702944 ) );
#10388 = AXIS2_PLACEMENT_3D( '', #13038, #13039, #13040 );
#10389 = CARTESIAN_POINT( '', ( 1.50000000000000, 54.9290708816208, -67.6417647953426 ) );
#10390 = CARTESIAN_POINT( '', ( 1.50000000000000, 35.8900028297071, -17.8071015158059 ) );
#10391 = VECTOR( '', #13041, 1000.00000000000 );
#10392 = CARTESIAN_POINT( '', ( 1.50000000000000, 54.4211057965275, -69.4723379762274 ) );
#10393 = AXIS2_PLACEMENT_3D( '', #13042, #13043, #13044 );
#10394 = CARTESIAN_POINT( '', ( 1.50000000000000, 51.3260227453508, -71.7892881225586 ) );
#10395 = AXIS2_PLACEMENT_3D( '', #13045, #13046, #13047 );
#10396 = CARTESIAN_POINT( '', ( 1.50000000000000, 49.4264904596125, -71.7609449031463 ) );
#10397 = AXIS2_PLACEMENT_3D( '', #13048, #13049, #13050 );
#10398 = CARTESIAN_POINT( '', ( 1.50000000000000, 48.7165413014732, -71.2206424336818 ) );
#10399 = CARTESIAN_POINT( '', ( 1.50000000000000, 35.7867453216020, -61.3805001960242 ) );
#10400 = VECTOR( '', #13051, 1000.00000000000 );
#10401 = CARTESIAN_POINT( '', ( 1.50000000000000, 46.8825404941240, -71.1478557260013 ) );
#10402 = AXIS2_PLACEMENT_3D( '', #13052, #13053, #13054 );
#10403 = CARTESIAN_POINT( '', ( 1.50000000000000, 45.2426548003099, -72.2017462684322 ) );
#10404 = CARTESIAN_POINT( '', ( 1.50000000000000, 104.448466933545, -34.1524811888405 ) );
#10405 = VECTOR( '', #13055, 1000.00000000000 );
#10406 = CARTESIAN_POINT( '', ( 1.50000000000000, 44.5469924492223, -73.9002487734205 ) );
#10407 = AXIS2_PLACEMENT_3D( '', #13056, #13057, #13058 );
#10408 = CARTESIAN_POINT( '', ( 1.50000000000000, 44.7435453238571, -74.7704910001166 ) );
#10409 = CARTESIAN_POINT( '', ( 1.50000000000000, 30.5081318994463, -11.7428812568609 ) );
#10410 = VECTOR( '', #13059, 1000.00000000000 );
#10411 = CARTESIAN_POINT( '', ( 1.50000000000000, 43.9802328647198, -76.5101406165550 ) );
#10412 = AXIS2_PLACEMENT_3D( '', #13060, #13061, #13062 );
#10413 = CARTESIAN_POINT( '', ( 1.50000000000000, 40.5869169109005, -78.3630313072922 ) );
#10414 = AXIS2_PLACEMENT_3D( '', #13063, #13064, #13065 );
#10415 = CARTESIAN_POINT( '', ( 1.50000000000000, 38.7107527856185, -78.0646449509462 ) );
#10416 = AXIS2_PLACEMENT_3D( '', #13066, #13067, #13068 );
#10417 = CARTESIAN_POINT( '', ( 1.50000000000000, 38.0849229448074, -77.4288056819462 ) );
#10418 = CARTESIAN_POINT( '', ( 1.50000000000000, 21.2305877002319, -60.3049047386766 ) );
#10419 = VECTOR( '', #13069, 1000.00000000000 );
#10420 = CARTESIAN_POINT( '', ( 1.50000000000000, 36.2799482497981, -77.0957543097092 ) );
#10421 = AXIS2_PLACEMENT_3D( '', #13070, #13071, #13072 );
#10422 = CARTESIAN_POINT( '', ( 1.50000000000000, 34.5067699657234, -77.9055376987010 ) );
#10423 = CARTESIAN_POINT( '', ( 1.50000000000000, 103.656364383004, -46.3259760620893 ) );
#10424 = VECTOR( '', #13073, 1000.00000000000 );
#10425 = CARTESIAN_POINT( '', ( 1.50000000000000, 33.5764663450033, -79.4877488222391 ) );
#10426 = AXIS2_PLACEMENT_3D( '', #13074, #13075, #13076 );
#10427 = CARTESIAN_POINT( '', ( 1.50000000000000, 33.6471702130294, -80.3771056284188 ) );
#10428 = CARTESIAN_POINT( '', ( 1.50000000000000, 27.6041456829494, -4.36422053762869 ) );
#10429 = VECTOR( '', #13077, 1000.00000000000 );
#10430 = CARTESIAN_POINT( '', ( 1.50000000000000, 32.6440492203048, -81.9904174309554 ) );
#10431 = AXIS2_PLACEMENT_3D( '', #13078, #13079, #13080 );
#10432 = CARTESIAN_POINT( '', ( 1.50000000000000, 29.0215784911474, -83.3415291549307 ) );
#10433 = AXIS2_PLACEMENT_3D( '', #13081, #13082, #13083 );
#10434 = CARTESIAN_POINT( '', ( 1.50000000000000, 27.2069758175018, -82.7791739473911 ) );
#10435 = AXIS2_PLACEMENT_3D( '', #13084, #13085, #13086 );
#10436 = CARTESIAN_POINT( '', ( 1.50000000000000, 26.6780053848336, -82.0607417327634 ) );
#10437 = CARTESIAN_POINT( '', ( 1.50000000000000, 7.12166578847331, -55.4998916388283 ) );
#10438 = VECTOR( '', #13087, 1000.00000000000 );
#10439 = CARTESIAN_POINT( '', ( 1.50000000000000, 24.9388008818376, -81.4742056614676 ) );
#10440 = AXIS2_PLACEMENT_3D( '', #13088, #13089, #13090 );
#10441 = CARTESIAN_POINT( '', ( 1.50000000000000, 23.0684268039420, -82.0233970424430 ) );
#10442 = CARTESIAN_POINT( '', ( 1.50000000000000, 99.9553220721771, -59.4473676319092 ) );
#10443 = VECTOR( '', #13091, 1000.00000000000 );
#10444 = CARTESIAN_POINT( '', ( 1.50000000000000, 21.9224202125333, -83.4571075287757 ) );
#10445 = AXIS2_PLACEMENT_3D( '', #13092, #13093, #13094 );
#10446 = CARTESIAN_POINT( '', ( 1.50000000000000, 21.8658357470907, -84.3474741745585 ) );
#10447 = CARTESIAN_POINT( '', ( 1.50000000000000, 27.4486192014753, 3.49861820309286 ) );
#10448 = VECTOR( '', #13095, 1000.00000000000 );
#10449 = CARTESIAN_POINT( '', ( 1.50000000000000, 20.6433268714287, -85.8016057873007 ) );
#10450 = AXIS2_PLACEMENT_3D( '', #13096, #13097, #13098 );
#10451 = CARTESIAN_POINT( '', ( 1.50000000000000, 16.8654444246360, -86.6234338060984 ) );
#10452 = AXIS2_PLACEMENT_3D( '', #13099, #13100, #13101 );
#10453 = CARTESIAN_POINT( '', ( 1.50000000000000, 15.1493432801803, -85.8085576776921 ) );
#10454 = AXIS2_PLACEMENT_3D( '', #13102, #13103, #13104 );
#10455 = CARTESIAN_POINT( '', ( 1.50000000000000, 14.7280005682393, -85.0221577255391 ) );
#10456 = CARTESIAN_POINT( '', ( 1.50000000000000, -5.54957759181106, -47.1758012016918 ) );
#10457 = VECTOR( '', #13105, 1000.00000000000 );
#10458 = CARTESIAN_POINT( '', ( 1.50000000000000, 13.0899714454859, -84.1940771381659 ) );
#10459 = AXIS2_PLACEMENT_3D( '', #13106, #13107, #13108 );
#10460 = CARTESIAN_POINT( '', ( 1.50000000000000, 11.1604769962820, -84.4714965583453 ) );
#10461 = CARTESIAN_POINT( '', ( 1.50000000000000, 92.9543093824837, -72.7113188785439 ) );
#10462 = VECTOR( '', #13109, 1000.00000000000 );
#10463 = CARTESIAN_POINT( '', ( 1.50000000000000, 9.82209682357565, -85.7275201964504 ) );
#10464 = AXIS2_PLACEMENT_3D( '', #13110, #13111, #13112 );
#10465 = CARTESIAN_POINT( '', ( 1.50000000000000, 9.63937592120466, -86.6007713845337 ) );
#10466 = CARTESIAN_POINT( '', ( 1.50000000000000, 30.0560178133343, 10.9734883614751 ) );
#10467 = VECTOR( '', #13113, 1000.00000000000 );
#10468 = CARTESIAN_POINT( '', ( 1.50000000000000, 8.22236591788914, -87.8661208812153 ) );
#10469 = AXIS2_PLACEMENT_3D( '', #13114, #13115, #13116 );
#10470 = CARTESIAN_POINT( '', ( 1.50000000000000, 4.36597854556445, -88.1419351463290 ) );
#10471 = AXIS2_PLACEMENT_3D( '', #13117, #13118, #13119 );
#10472 = CARTESIAN_POINT( '', ( 1.50000000000000, 2.78331380077268, -87.0911266251217 ) );
#10473 = AXIS2_PLACEMENT_3D( '', #13120, #13121, #13122 );
#10474 = CARTESIAN_POINT( '', ( 1.50000000000000, 2.47817613212201, -86.2527677706790 ) );
#10475 = CARTESIAN_POINT( '', ( 1.50000000000000, -15.8821538971373, -35.8081756015550 ) );
#10476 = VECTOR( '', #13123, 1000.00000000000 );
#10477 = CARTESIAN_POINT( '', ( 1.50000000000000, 0.974667938864509, -85.2000000000001 ) );
#10478 = AXIS2_PLACEMENT_3D( '', #13124, #13125, #13126 );
#10479 = CARTESIAN_POINT( '', ( 1.50000000000000, -0.974667938864459, -85.2000000000001 ) );
#10480 = CARTESIAN_POINT( '', ( 1.50000000000000, 82.5000000000025, -85.1999999999977 ) );
#10481 = VECTOR( '', #13127, 1000.00000000000 );
#10482 = CARTESIAN_POINT( '', ( 1.50000000000000, -2.47817613212186, -86.2527677706791 ) );
#10483 = AXIS2_PLACEMENT_3D( '', #13128, #13129, #13130 );
#10484 = CARTESIAN_POINT( '', ( 1.50000000000000, -2.78331380077252, -87.0911266251218 ) );
#10485 = CARTESIAN_POINT( '', ( 1.50000000000000, 35.1834873398218, 17.2218021975848 ) );
#10486 = VECTOR( '', #13131, 1000.00000000000 );
#10487 = CARTESIAN_POINT( '', ( 1.50000000000000, -4.36597869439343, -88.1419351389570 ) );
#10488 = AXIS2_PLACEMENT_3D( '', #13132, #13133, #13134 );
#10489 = CARTESIAN_POINT( '', ( 1.50000000000000, -8.22236606625239, -87.8661208673317 ) );
#10490 = AXIS2_PLACEMENT_3D( '', #13135, #13136, #13137 );
#10491 = CARTESIAN_POINT( '', ( 1.50000000000000, -9.63937592120450, -86.6007713845337 ) );
#10492 = AXIS2_PLACEMENT_3D( '', #13138, #13139, #13140 );
#10493 = CARTESIAN_POINT( '', ( 1.50000000000000, -9.82209682357550, -85.7275201964504 ) );
#10494 = CARTESIAN_POINT( '', ( 1.50000000000000, -23.1349655514799, -22.1032808095709 ) );
#10495 = VECTOR( '', #13141, 1000.00000000000 );
#10496 = CARTESIAN_POINT( '', ( 1.50000000000000, -11.1604769962819, -84.4714965583452 ) );
#10497 = AXIS2_PLACEMENT_3D( '', #13142, #13143, #13144 );
#10498 = CARTESIAN_POINT( '', ( 1.50000000000000, -13.0899714454859, -84.1940771381659 ) );
#10499 = CARTESIAN_POINT( '', ( 1.50000000000000, 68.7038609407173, -95.9542548179626 ) );
#10500 = VECTOR( '', #13145, 1000.00000000000 );
#10501 = CARTESIAN_POINT( '', ( 1.50000000000000, -14.7280005682392, -85.0221577255391 ) );
#10502 = AXIS2_PLACEMENT_3D( '', #13146, #13147, #13148 );
#10503 = CARTESIAN_POINT( '', ( 1.50000000000000, -15.1493432801802, -85.8085576776922 ) );
#10504 = CARTESIAN_POINT( '', ( 1.50000000000000, 42.3511723228573, 21.5112118056772 ) );
#10505 = VECTOR( '', #13149, 1000.00000000000 );
#10506 = CARTESIAN_POINT( '', ( 1.50000000000000, -16.8654445709010, -86.6234337776209 ) );
#10507 = AXIS2_PLACEMENT_3D( '', #13150, #13151, #13152 );
#10508 = CARTESIAN_POINT( '', ( 1.50000000000000, -20.6433270163061, -85.8016057524441 ) );
#10509 = AXIS2_PLACEMENT_3D( '', #13153, #13154, #13155 );
#10510 = CARTESIAN_POINT( '', ( 1.50000000000000, -21.8658357470907, -84.3474741745585 ) );
#10511 = AXIS2_PLACEMENT_3D( '', #13156, #13157, #13158 );
#10512 = CARTESIAN_POINT( '', ( 1.50000000000000, -21.9224202125333, -83.4571075287756 ) );
#10513 = CARTESIAN_POINT( '', ( 1.50000000000000, -26.7848912600159, -6.94525921674184 ) );
#10514 = VECTOR( '', #13159, 1000.00000000000 );
#10515 = CARTESIAN_POINT( '', ( 1.50000000000000, -23.0684268039421, -82.0233970424429 ) );
#10516 = AXIS2_PLACEMENT_3D( '', #13160, #13161, #13162 );
#10517 = CARTESIAN_POINT( '', ( 1.50000000000000, -24.9388008818377, -81.4742056614676 ) );
#10518 = CARTESIAN_POINT( '', ( 1.50000000000000, 51.9480943864000, -104.050235071997 ) );
#10519 = VECTOR( '', #13163, 1000.00000000000 );
#10520 = CARTESIAN_POINT( '', ( 1.50000000000000, -26.6780053848336, -82.0607417327634 ) );
#10521 = AXIS2_PLACEMENT_3D( '', #13164, #13165, #13166 );
#10522 = CARTESIAN_POINT( '', ( 1.50000000000000, -27.2069758175018, -82.7791739473911 ) );
#10523 = CARTESIAN_POINT( '', ( 1.50000000000000, 50.8824032469444, 23.2795432803080 ) );
#10524 = VECTOR( '', #13167, 1000.00000000000 );
#10525 = CARTESIAN_POINT( '', ( 1.50000000000000, -29.0215786318710, -83.3415291059273 ) );
#10526 = AXIS2_PLACEMENT_3D( '', #13168, #13169, #13170 );
#10527 = CARTESIAN_POINT( '', ( 1.50000000000000, -32.6440493587469, -81.9904173758354 ) );
#10528 = AXIS2_PLACEMENT_3D( '', #13171, #13172, #13173 );
#10529 = CARTESIAN_POINT( '', ( 1.50000000000000, -33.6471702130293, -80.3771056284188 ) );
#10530 = AXIS2_PLACEMENT_3D( '', #13174, #13175, #13176 );
#10531 = CARTESIAN_POINT( '', ( 1.50000000000000, -33.5764663450032, -79.4877488222391 ) );
#10532 = CARTESIAN_POINT( '', ( 1.50000000000000, -26.5678539987520, 8.67089463017221 ) );
#10533 = VECTOR( '', #13177, 1000.00000000000 );
#10534 = CARTESIAN_POINT( '', ( 1.50000000000000, -34.5067699657234, -77.9055376987010 ) );
#10535 = AXIS2_PLACEMENT_3D( '', #13178, #13179, #13180 );
#10536 = CARTESIAN_POINT( '', ( 1.50000000000000, -36.2799482497981, -77.0957543097092 ) );
#10537 = CARTESIAN_POINT( '', ( 1.50000000000000, 32.8696461674864, -108.675315946318 ) );
#10538 = VECTOR( '', #13181, 1000.00000000000 );
#10539 = CARTESIAN_POINT( '', ( 1.50000000000000, -38.0849229448073, -77.4288056819463 ) );
#10540 = AXIS2_PLACEMENT_3D( '', #13182, #13183, #13184 );
#10541 = CARTESIAN_POINT( '', ( 1.50000000000000, -38.7107527856184, -78.0646449509463 ) );
#10542 = CARTESIAN_POINT( '', ( 1.50000000000000, 59.9604702833968, 22.1847107944181 ) );
#10543 = VECTOR( '', #13185, 1000.00000000000 );
#10544 = CARTESIAN_POINT( '', ( 1.50000000000000, -40.5869170432177, -78.3630312387606 ) );
#10545 = AXIS2_PLACEMENT_3D( '', #13186, #13187, #13188 );
#10546 = CARTESIAN_POINT( '', ( 1.50000000000000, -43.9802329939084, -76.5101405422937 ) );
#10547 = AXIS2_PLACEMENT_3D( '', #13189, #13190, #13191 );
#10548 = CARTESIAN_POINT( '', ( 1.50000000000000, -44.7435453238570, -74.7704910001166 ) );
#10549 = AXIS2_PLACEMENT_3D( '', #13192, #13193, #13194 );
#10550 = CARTESIAN_POINT( '', ( 1.50000000000000, -44.5469924492222, -73.9002487734205 ) );
#10551 = CARTESIAN_POINT( '', ( 1.50000000000000, -22.4995713080927, 23.7151989904954 ) );
#10552 = VECTOR( '', #13195, 1000.00000000000 );
#10553 = CARTESIAN_POINT( '', ( 1.50000000000000, -45.2426548003100, -72.2017462684321 ) );
#10554 = AXIS2_PLACEMENT_3D( '', #13196, #13197, #13198 );
#10555 = CARTESIAN_POINT( '', ( 1.50000000000000, -46.8825404941241, -71.1478557260013 ) );
#10556 = CARTESIAN_POINT( '', ( 1.50000000000000, 12.3232716391151, -109.197120805591 ) );
#10557 = VECTOR( '', #13199, 1000.00000000000 );
#10558 = CARTESIAN_POINT( '', ( 1.50000000000000, -48.7165413014732, -71.2206424336819 ) );
#10559 = AXIS2_PLACEMENT_3D( '', #13200, #13201, #13202 );
#10560 = CARTESIAN_POINT( '', ( 1.50000000000000, -49.4264904596125, -71.7609449031463 ) );
#10561 = CARTESIAN_POINT( '', ( 1.50000000000000, 68.6973443078262, 18.1364778851710 ) );
#10562 = VECTOR( '', #13203, 1000.00000000000 );
#10563 = CARTESIAN_POINT( '', ( 1.50000000000000, -51.3260228665682, -71.7892880358938 ) );
#10564 = AXIS2_PLACEMENT_3D( '', #13204, #13205, #13206 );
#10565 = CARTESIAN_POINT( '', ( 1.50000000000000, -54.4211059138326, -69.4723378843364 ) );
#10566 = AXIS2_PLACEMENT_3D( '', #13207, #13208, #13209 );
#10567 = CARTESIAN_POINT( '', ( 1.50000000000000, -54.9290708816207, -67.6417647953426 ) );
#10568 = AXIS2_PLACEMENT_3D( '', #13210, #13211, #13212 );
#10569 = CARTESIAN_POINT( '', ( 1.50000000000000, -54.6106702500930, -66.8083527702944 ) );
#10570 = CARTESIAN_POINT( '', ( 1.50000000000000, -14.8743199279572, 37.2013410267879 ) );
#10571 = VECTOR( '', #13213, 1000.00000000000 );
#10572 = CARTESIAN_POINT( '', ( 1.50000000000000, -55.0575296522048, -65.0281354967806 ) );
#10573 = AXIS2_PLACEMENT_3D( '', #13214, #13215, #13216 );
#10574 = CARTESIAN_POINT( '', ( 1.50000000000000, -56.5307394120720, -63.7515919731851 ) );
#10575 = CARTESIAN_POINT( '', ( 1.50000000000000, -8.67364745336115, -105.219998212573 ) );
#10576 = VECTOR( '', #13217, 1000.00000000000 );
#10577 = CARTESIAN_POINT( '', ( 1.50000000000000, -58.3564313641451, -63.5626322888403 ) );
#10578 = AXIS2_PLACEMENT_3D( '', #13218, #13219, #13220 );
#10579 = CARTESIAN_POINT( '', ( 1.50000000000000, -59.1360473220772, -63.9963989585946 ) );
#10580 = CARTESIAN_POINT( '', ( 1.50000000000000, 76.2087257890605, 11.3074104410867 ) );
#10581 = VECTOR( '', #13221, 1000.00000000000 );
#10582 = CARTESIAN_POINT( '', ( 1.50000000000000, -61.0202788763827, -63.7541219518274 ) );
#10583 = AXIS2_PLACEMENT_3D( '', #13222, #13223, #13224 );
#10584 = CARTESIAN_POINT( '', ( 1.50000000000000, -63.7541220548611, -61.0202787687329 ) );
#10585 = AXIS2_PLACEMENT_3D( '', #13225, #13226, #13227 );
#10586 = CARTESIAN_POINT( '', ( 1.50000000000000, -63.9963989585946, -59.1360473220772 ) );
#10587 = AXIS2_PLACEMENT_3D( '', #13228, #13229, #13230 );
#10588 = CARTESIAN_POINT( '', ( 1.50000000000000, -63.5626322888403, -58.3564313641451 ) );
#10589 = CARTESIAN_POINT( '', ( 1.50000000000000, -4.24181408326414, 48.2618492355445 ) );
#10590 = VECTOR( '', #13231, 1000.00000000000 );
#10591 = CARTESIAN_POINT( '', ( 1.50000000000000, -63.7515919731851, -56.5307394120719 ) );
#10592 = AXIS2_PLACEMENT_3D( '', #13232, #13233, #13234 );
#10593 = CARTESIAN_POINT( '', ( 1.50000000000000, -65.0281354967807, -55.0575296522048 ) );
#10594 = CARTESIAN_POINT( '', ( 1.50000000000000, -29.0103508137519, -96.6242690097290 ) );
#10595 = VECTOR( '', #13235, 1000.00000000000 );
#10596 = CARTESIAN_POINT( '', ( 1.50000000000000, -66.8083527702944, -54.6106702500931 ) );
#10597 = AXIS2_PLACEMENT_3D( '', #13236, #13237, #13238 );
#10598 = CARTESIAN_POINT( '', ( 1.50000000000000, -67.6417647953426, -54.9290708816208 ) );
#10599 = CARTESIAN_POINT( '', ( 1.50000000000000, 81.6892783046160, 2.12205989246486 ) );
#10600 = VECTOR( '', #13239, 1000.00000000000 );
#10601 = CARTESIAN_POINT( '', ( 1.50000000000000, -69.4723379762274, -54.4211057965275 ) );
#10602 = AXIS2_PLACEMENT_3D( '', #13240, #13241, #13242 );
#10603 = CARTESIAN_POINT( '', ( 1.50000000000000, -71.7892881225586, -51.3260227453507 ) );
#10604 = AXIS2_PLACEMENT_3D( '', #13243, #13244, #13245 );
#10605 = CARTESIAN_POINT( '', ( 1.50000000000000, -71.7609449031463, -49.4264904596125 ) );
#10606 = AXIS2_PLACEMENT_3D( '', #13246, #13247, #13248 );
#10607 = CARTESIAN_POINT( '', ( 1.50000000000000, -71.2206424336818, -48.7165413014732 ) );
#10608 = CARTESIAN_POINT( '', ( 1.50000000000000, 8.63594402985922, 56.2137885337097 ) );
#10609 = VECTOR( '', #13249, 1000.00000000000 );
#10610 = CARTESIAN_POINT( '', ( 1.50000000000000, -71.1478557260013, -46.8825404941239 ) );
#10611 = AXIS2_PLACEMENT_3D( '', #13250, #13251, #13252 );
#10612 = CARTESIAN_POINT( '', ( 1.50000000000000, -72.2017462684322, -45.2426548003099 ) );
#10613 = CARTESIAN_POINT( '', ( 1.50000000000000, -47.5606702835411, -83.5849174555939 ) );
#10614 = VECTOR( '', #13253, 1000.00000000000 );
#10615 = CARTESIAN_POINT( '', ( 1.50000000000000, -73.9002487734206, -44.5469924492223 ) );
#10616 = AXIS2_PLACEMENT_3D( '', #13254, #13255, #13256 );
#10617 = CARTESIAN_POINT( '', ( 1.50000000000000, -74.7704910001166, -44.7435453238571 ) );
#10618 = CARTESIAN_POINT( '', ( 1.50000000000000, 84.4818785711405, -8.77481148009128 ) );
#10619 = VECTOR( '', #13257, 1000.00000000000 );
#10620 = CARTESIAN_POINT( '', ( 1.50000000000000, -76.5101406165551, -43.9802328647198 ) );
#10621 = AXIS2_PLACEMENT_3D( '', #13258, #13259, #13260 );
#10622 = CARTESIAN_POINT( '', ( 1.50000000000000, -78.3630313072922, -40.5869169109004 ) );
#10623 = AXIS2_PLACEMENT_3D( '', #13261, #13262, #13263 );
#10624 = CARTESIAN_POINT( '', ( 1.50000000000000, -78.0646449509462, -38.7107527856184 ) );
#10625 = AXIS2_PLACEMENT_3D( '', #13264, #13265, #13266 );
#10626 = CARTESIAN_POINT( '', ( 1.50000000000000, -77.4288056819462, -38.0849229448073 ) );
#10627 = CARTESIAN_POINT( '', ( 1.50000000000000, 22.8443740360563, 60.6097490581299 ) );
#10628 = VECTOR( '', #13267, 1000.00000000000 );
#10629 = CARTESIAN_POINT( '', ( 1.50000000000000, -77.0957543097092, -36.2799482497981 ) );
#10630 = AXIS2_PLACEMENT_3D( '', #13268, #13269, #13270 );
#10631 = CARTESIAN_POINT( '', ( 1.50000000000000, -77.9055376987010, -34.5067699657234 ) );
#10632 = CARTESIAN_POINT( '', ( 1.50000000000000, -63.2636512794453, -66.5680290498777 ) );
#10633 = VECTOR( '', #13271, 1000.00000000000 );
#10634 = CARTESIAN_POINT( '', ( 1.50000000000000, -79.4877488222391, -33.5764663450033 ) );
#10635 = AXIS2_PLACEMENT_3D( '', #13272, #13273, #13274 );
#10636 = CARTESIAN_POINT( '', ( 1.50000000000000, -80.3771056284188, -33.6471702130293 ) );
#10637 = CARTESIAN_POINT( '', ( 1.50000000000000, 84.1351912041731, -20.5684422569501 ) );
#10638 = VECTOR( '', #13275, 1000.00000000000 );
#10639 = CARTESIAN_POINT( '', ( 1.50000000000000, -81.9904174309554, -32.6440492203048 ) );
#10640 = AXIS2_PLACEMENT_3D( '', #13276, #13277, #13278 );
#10641 = CARTESIAN_POINT( '', ( 1.50000000000000, -83.3415291549307, -29.0215784911474 ) );
#10642 = AXIS2_PLACEMENT_3D( '', #13279, #13280, #13281 );
#10643 = CARTESIAN_POINT( '', ( 1.50000000000000, -82.7791739473911, -27.2069758175018 ) );
#10644 = AXIS2_PLACEMENT_3D( '', #13282, #13283, #13284 );
#10645 = CARTESIAN_POINT( '', ( 1.50000000000000, -82.0607417327634, -26.6780053848336 ) );
#10646 = CARTESIAN_POINT( '', ( 1.50000000000000, 37.3877913030310, 61.2700861888037 ) );
#10647 = VECTOR( '', #13285, 1000.00000000000 );
#10648 = CARTESIAN_POINT( '', ( 1.50000000000000, -81.4742056614676, -24.9388008818376 ) );
#10649 = AXIS2_PLACEMENT_3D( '', #13286, #13287, #13288 );
#10650 = CARTESIAN_POINT( '', ( 1.50000000000000, -82.0233970424430, -23.0684268039420 ) );
#10651 = CARTESIAN_POINT( '', ( 1.50000000000000, -75.2005095812396, -46.3050475629376 ) );
#10652 = VECTOR( '', #13289, 1000.00000000000 );
#10653 = CARTESIAN_POINT( '', ( 1.50000000000000, -83.4571075287757, -21.9224202125333 ) );
#10654 = AXIS2_PLACEMENT_3D( '', #13290, #13291, #13292 );
#10655 = CARTESIAN_POINT( '', ( 1.50000000000000, -84.3474741745585, -21.8658357470907 ) );
#10656 = CARTESIAN_POINT( '', ( 1.50000000000000, 80.4448155224458, -32.3386939406629 ) );
#10657 = VECTOR( '', #13293, 1000.00000000000 );
#10658 = CARTESIAN_POINT( '', ( 1.50000000000000, -85.8016057873007, -20.6433268714287 ) );
#10659 = AXIS2_PLACEMENT_3D( '', #13294, #13295, #13296 );
#10660 = CARTESIAN_POINT( '', ( 1.50000000000000, -86.6234338060984, -16.8654444246359 ) );
#10661 = AXIS2_PLACEMENT_3D( '', #13297, #13298, #13299 );
#10662 = CARTESIAN_POINT( '', ( 1.50000000000000, -85.8085576776921, -15.1493432801802 ) );
#10663 = AXIS2_PLACEMENT_3D( '', #13300, #13301, #13302 );
#10664 = CARTESIAN_POINT( '', ( 1.50000000000000, -85.0221577255391, -14.7280005682392 ) );
#10665 = CARTESIAN_POINT( '', ( 1.50000000000000, 51.2669079364696, 58.2938814610187 ) );
#10666 = VECTOR( '', #13303, 1000.00000000000 );
#10667 = CARTESIAN_POINT( '', ( 1.50000000000000, -84.1940771381659, -13.0899714454858 ) );
#10668 = AXIS2_PLACEMENT_3D( '', #13304, #13305, #13306 );
#10669 = CARTESIAN_POINT( '', ( 1.50000000000000, -84.4714965583453, -11.1604769962819 ) );
#10670 = CARTESIAN_POINT( '', ( 1.50000000000000, -82.6618720098526, -23.7466921905975 ) );
#10671 = VECTOR( '', #13307, 1000.00000000000 );
#10672 = CARTESIAN_POINT( '', ( 1.50000000000000, -85.7275201964504, -9.82209682357554 ) );
#10673 = AXIS2_PLACEMENT_3D( '', #13308, #13309, #13310 );
#10674 = CARTESIAN_POINT( '', ( 1.50000000000000, -86.6007713845337, -9.63937592120454 ) );
#10675 = CARTESIAN_POINT( '', ( 1.50000000000000, 73.4745776450250, -43.1338762679301 ) );
#10676 = VECTOR( '', #13311, 1000.00000000000 );
#10677 = CARTESIAN_POINT( '', ( 1.50000000000000, -87.8661208812153, -8.22236591788902 ) );
#10678 = AXIS2_PLACEMENT_3D( '', #13312, #13313, #13314 );
#10679 = CARTESIAN_POINT( '', ( 1.50000000000000, -88.1419351463290, -4.36597854556443 ) );
#10680 = AXIS2_PLACEMENT_3D( '', #13315, #13316, #13317 );
#10681 = CARTESIAN_POINT( '', ( 1.50000000000000, -87.0911266251217, -2.78331380077267 ) );
#10682 = AXIS2_PLACEMENT_3D( '', #13318, #13319, #13320 );
#10683 = CARTESIAN_POINT( '', ( 1.50000000000000, -86.2527677706790, -2.47817613212199 ) );
#10684 = CARTESIAN_POINT( '', ( 1.50000000000000, 63.5561465766726, 52.0478095180496 ) );
#10685 = VECTOR( '', #13321, 1000.00000000000 );
#10686 = CARTESIAN_POINT( '', ( 1.50000000000000, -85.2000000000001, -0.974667938864493 ) );
#10687 = AXIS2_PLACEMENT_3D( '', #13322, #13323, #13324 );
#10688 = CARTESIAN_POINT( '', ( 1.50000000000000, -85.2000000000001, 0.974667938864475 ) );
#10689 = CARTESIAN_POINT( '', ( 1.50000000000000, -85.2000000000001, 0.000000000000000 ) );
#10690 = VECTOR( '', #13325, 1000.00000000000 );
#10691 = CARTESIAN_POINT( '', ( 1.50000000000000, -86.2527677706791, 2.47817613212187 ) );
#10692 = AXIS2_PLACEMENT_3D( '', #13326, #13327, #13328 );
#10693 = CARTESIAN_POINT( '', ( 1.50000000000000, -87.0911266251218, 2.78331380077254 ) );
#10694 = CARTESIAN_POINT( '', ( 1.50000000000000, 63.5561465766728, -52.0478095180494 ) );
#10695 = VECTOR( '', #13329, 1000.00000000000 );
#10696 = CARTESIAN_POINT( '', ( 1.50000000000000, -88.1419351389570, 4.36597869439344 ) );
#10697 = AXIS2_PLACEMENT_3D( '', #13330, #13331, #13332 );
#10698 = CARTESIAN_POINT( '', ( 1.50000000000000, -87.8661208673317, 8.22236606625246 ) );
#10699 = AXIS2_PLACEMENT_3D( '', #13333, #13334, #13335 );
#10700 = CARTESIAN_POINT( '', ( 1.50000000000000, -86.6007713845337, 9.63937592120457 ) );
#10701 = AXIS2_PLACEMENT_3D( '', #13336, #13337, #13338 );
#10702 = CARTESIAN_POINT( '', ( 1.50000000000000, -85.7275201964504, 9.82209682357557 ) );
#10703 = CARTESIAN_POINT( '', ( 1.50000000000000, 73.4745776450250, 43.1338762679302 ) );
#10704 = VECTOR( '', #13339, 1000.00000000000 );
#10705 = CARTESIAN_POINT( '', ( 1.50000000000000, -84.4714965583452, 11.1604769962820 ) );
#10706 = AXIS2_PLACEMENT_3D( '', #13340, #13341, #13342 );
#10707 = CARTESIAN_POINT( '', ( 1.50000000000000, -84.1940771381659, 13.0899714454859 ) );
#10708 = CARTESIAN_POINT( '', ( 1.50000000000000, -82.6618720098546, 23.7466921905882 ) );
#10709 = VECTOR( '', #13343, 1000.00000000000 );
#10710 = CARTESIAN_POINT( '', ( 1.50000000000000, -85.0221577255391, 14.7280005682393 ) );
#10711 = AXIS2_PLACEMENT_3D( '', #13344, #13345, #13346 );
#10712 = CARTESIAN_POINT( '', ( 1.50000000000000, -85.8085576776922, 15.1493432801802 ) );
#10713 = CARTESIAN_POINT( '', ( 1.50000000000000, 51.2669079364697, -58.2938814610187 ) );
#10714 = VECTOR( '', #13347, 1000.00000000000 );
#10715 = CARTESIAN_POINT( '', ( 1.50000000000000, -86.6234337776209, 16.8654445709011 ) );
#10716 = AXIS2_PLACEMENT_3D( '', #13348, #13349, #13350 );
#10717 = CARTESIAN_POINT( '', ( 1.50000000000000, -85.8016057524441, 20.6433270163061 ) );
#10718 = AXIS2_PLACEMENT_3D( '', #13351, #13352, #13353 );
#10719 = CARTESIAN_POINT( '', ( 1.50000000000000, -84.3474741745585, 21.8658357470907 ) );
#10720 = AXIS2_PLACEMENT_3D( '', #13354, #13355, #13356 );
#10721 = CARTESIAN_POINT( '', ( 1.50000000000000, -83.4571075287756, 21.9224202125333 ) );
#10722 = CARTESIAN_POINT( '', ( 1.50000000000000, 80.4448155224458, 32.3386939406630 ) );
#10723 = VECTOR( '', #13357, 1000.00000000000 );
#10724 = CARTESIAN_POINT( '', ( 1.50000000000000, -82.0233970424429, 23.0684268039421 ) );
#10725 = AXIS2_PLACEMENT_3D( '', #13358, #13359, #13360 );
#10726 = CARTESIAN_POINT( '', ( 1.50000000000000, -81.4742056614676, 24.9388008818377 ) );
#10727 = CARTESIAN_POINT( '', ( 1.50000000000000, -75.2005095812435, 46.3050475629289 ) );
#10728 = VECTOR( '', #13361, 1000.00000000000 );
#10729 = CARTESIAN_POINT( '', ( 1.50000000000000, -82.0607417327634, 26.6780053848336 ) );
#10730 = AXIS2_PLACEMENT_3D( '', #13362, #13363, #13364 );
#10731 = CARTESIAN_POINT( '', ( 1.50000000000000, -82.7791739473911, 27.2069758175018 ) );
#10732 = CARTESIAN_POINT( '', ( 1.50000000000000, 37.3877913030311, -61.2700861888036 ) );
#10733 = VECTOR( '', #13365, 1000.00000000000 );
#10734 = CARTESIAN_POINT( '', ( 1.50000000000000, -83.3415291059273, 29.0215786318710 ) );
#10735 = AXIS2_PLACEMENT_3D( '', #13366, #13367, #13368 );
#10736 = CARTESIAN_POINT( '', ( 1.50000000000000, -81.9904173758354, 32.6440493587469 ) );
#10737 = AXIS2_PLACEMENT_3D( '', #13369, #13370, #13371 );
#10738 = CARTESIAN_POINT( '', ( 1.50000000000000, -80.3771056284188, 33.6471702130293 ) );
#10739 = AXIS2_PLACEMENT_3D( '', #13372, #13373, #13374 );
#10740 = CARTESIAN_POINT( '', ( 1.50000000000000, -79.4877488222391, 33.5764663450032 ) );
#10741 = CARTESIAN_POINT( '', ( 1.50000000000000, 84.1351912041731, 20.5684422569503 ) );
#10742 = VECTOR( '', #13375, 1000.00000000000 );
#10743 = CARTESIAN_POINT( '', ( 1.50000000000000, -77.9055376987009, 34.5067699657234 ) );
#10744 = AXIS2_PLACEMENT_3D( '', #13376, #13377, #13378 );
#10745 = CARTESIAN_POINT( '', ( 1.50000000000000, -77.0957543097092, 36.2799482497982 ) );
#10746 = CARTESIAN_POINT( '', ( 1.50000000000000, -63.2636512794509, 66.5680290498701 ) );
#10747 = VECTOR( '', #13379, 1000.00000000000 );
#10748 = CARTESIAN_POINT( '', ( 1.50000000000000, -77.4288056819463, 38.0849229448073 ) );
#10749 = AXIS2_PLACEMENT_3D( '', #13380, #13381, #13382 );
#10750 = CARTESIAN_POINT( '', ( 1.50000000000000, -78.0646449509463, 38.7107527856184 ) );
#10751 = CARTESIAN_POINT( '', ( 1.50000000000000, 22.8443740360565, -60.6097490581299 ) );
#10752 = VECTOR( '', #13383, 1000.00000000000 );
#10753 = CARTESIAN_POINT( '', ( 1.50000000000000, -78.3630312387606, 40.5869170432177 ) );
#10754 = AXIS2_PLACEMENT_3D( '', #13384, #13385, #13386 );
#10755 = CARTESIAN_POINT( '', ( 1.50000000000000, -76.5101405422936, 43.9802329939084 ) );
#10756 = AXIS2_PLACEMENT_3D( '', #13387, #13388, #13389 );
#10757 = CARTESIAN_POINT( '', ( 1.50000000000000, -74.7704910001166, 44.7435453238571 ) );
#10758 = AXIS2_PLACEMENT_3D( '', #13390, #13391, #13392 );
#10759 = CARTESIAN_POINT( '', ( 1.50000000000000, -73.9002487734205, 44.5469924492223 ) );
#10760 = CARTESIAN_POINT( '', ( 1.50000000000000, 84.4818785711405, 8.77481148009134 ) );
#10761 = VECTOR( '', #13393, 1000.00000000000 );
#10762 = CARTESIAN_POINT( '', ( 1.50000000000000, -72.2017462684321, 45.2426548003100 ) );
#10763 = AXIS2_PLACEMENT_3D( '', #13394, #13395, #13396 );
#10764 = CARTESIAN_POINT( '', ( 1.50000000000000, -71.1478557260013, 46.8825404941241 ) );
#10765 = CARTESIAN_POINT( '', ( 1.50000000000000, -47.5606702835480, 83.5849174555879 ) );
#10766 = VECTOR( '', #13397, 1000.00000000000 );
#10767 = CARTESIAN_POINT( '', ( 1.50000000000000, -71.2206424336818, 48.7165413014733 ) );
#10768 = AXIS2_PLACEMENT_3D( '', #13398, #13399, #13400 );
#10769 = CARTESIAN_POINT( '', ( 1.50000000000000, -71.7609449031463, 49.4264904596125 ) );
#10770 = CARTESIAN_POINT( '', ( 1.50000000000000, 8.63594402985927, -56.2137885337097 ) );
#10771 = VECTOR( '', #13401, 1000.00000000000 );
#10772 = CARTESIAN_POINT( '', ( 1.50000000000000, -71.7892880358938, 51.3260228665682 ) );
#10773 = AXIS2_PLACEMENT_3D( '', #13402, #13403, #13404 );
#10774 = CARTESIAN_POINT( '', ( 1.50000000000000, -69.4723378843364, 54.4211059138326 ) );
#10775 = AXIS2_PLACEMENT_3D( '', #13405, #13406, #13407 );
#10776 = CARTESIAN_POINT( '', ( 1.50000000000000, -67.6417647953426, 54.9290708816207 ) );
#10777 = AXIS2_PLACEMENT_3D( '', #13408, #13409, #13410 );
#10778 = CARTESIAN_POINT( '', ( 1.50000000000000, -66.8083527702944, 54.6106702500930 ) );
#10779 = CARTESIAN_POINT( '', ( 1.50000000000000, 81.6892783046161, -2.12205989246476 ) );
#10780 = VECTOR( '', #13411, 1000.00000000000 );
#10781 = CARTESIAN_POINT( '', ( 1.50000000000000, -65.0281354967806, 55.0575296522048 ) );
#10782 = AXIS2_PLACEMENT_3D( '', #13412, #13413, #13414 );
#10783 = CARTESIAN_POINT( '', ( 1.50000000000000, -63.7515919731852, 56.5307394120720 ) );
#10784 = CARTESIAN_POINT( '', ( 1.50000000000000, -29.0103508137599, 96.6242690097247 ) );
#10785 = VECTOR( '', #13415, 1000.00000000000 );
#10786 = CARTESIAN_POINT( '', ( 1.50000000000000, -63.5626322888403, 58.3564313641451 ) );
#10787 = AXIS2_PLACEMENT_3D( '', #13416, #13417, #13418 );
#10788 = CARTESIAN_POINT( '', ( 1.50000000000000, -63.9963989585946, 59.1360473220772 ) );
#10789 = CARTESIAN_POINT( '', ( 1.50000000000000, -4.24181408326403, -48.2618492355445 ) );
#10790 = VECTOR( '', #13419, 1000.00000000000 );
#10791 = CARTESIAN_POINT( '', ( 1.50000000000000, -63.7541219518274, 61.0202788763827 ) );
#10792 = AXIS2_PLACEMENT_3D( '', #13420, #13421, #13422 );
#10793 = CARTESIAN_POINT( '', ( 1.50000000000000, -61.0202787687328, 63.7541220548611 ) );
#10794 = AXIS2_PLACEMENT_3D( '', #13423, #13424, #13425 );
#10795 = CARTESIAN_POINT( '', ( 1.50000000000000, -59.1360473220772, 63.9963989585946 ) );
#10796 = AXIS2_PLACEMENT_3D( '', #13426, #13427, #13428 );
#10797 = CARTESIAN_POINT( '', ( 1.50000000000000, -58.3564313641451, 63.5626322888403 ) );
#10798 = CARTESIAN_POINT( '', ( 1.50000000000000, 76.2087257890605, -11.3074104410866 ) );
#10799 = VECTOR( '', #13429, 1000.00000000000 );
#10800 = CARTESIAN_POINT( '', ( 1.50000000000000, -56.5307394120719, 63.7515919731852 ) );
#10801 = AXIS2_PLACEMENT_3D( '', #13430, #13431, #13432 );
#10802 = CARTESIAN_POINT( '', ( 1.50000000000000, -55.0575296522047, 65.0281354967807 ) );
#10803 = CARTESIAN_POINT( '', ( 1.50000000000000, -8.67364745336949, 105.219998212570 ) );
#10804 = VECTOR( '', #13433, 1000.00000000000 );
#10805 = CARTESIAN_POINT( '', ( 1.50000000000000, -54.6106702500931, 66.8083527702944 ) );
#10806 = AXIS2_PLACEMENT_3D( '', #13434, #13435, #13436 );
#10807 = CARTESIAN_POINT( '', ( 1.50000000000000, -54.9290708816208, 67.6417647953426 ) );
#10808 = CARTESIAN_POINT( '', ( 1.50000000000000, -14.8743199279571, -37.2013410267879 ) );
#10809 = VECTOR( '', #13437, 1000.00000000000 );
#10810 = CARTESIAN_POINT( '', ( 1.50000000000000, -54.4211057965274, 69.4723379762274 ) );
#10811 = AXIS2_PLACEMENT_3D( '', #13438, #13439, #13440 );
#10812 = CARTESIAN_POINT( '', ( 1.50000000000000, -51.3260227453507, 71.7892881225586 ) );
#10813 = AXIS2_PLACEMENT_3D( '', #13441, #13442, #13443 );
#10814 = CARTESIAN_POINT( '', ( 1.50000000000000, -49.4264904596125, 71.7609449031463 ) );
#10815 = AXIS2_PLACEMENT_3D( '', #13444, #13445, #13446 );
#10816 = CARTESIAN_POINT( '', ( 1.50000000000000, -48.7165413014732, 71.2206424336818 ) );
#10817 = CARTESIAN_POINT( '', ( 1.50000000000000, 68.6973443078263, -18.1364778851710 ) );
#10818 = VECTOR( '', #13447, 1000.00000000000 );
#10819 = CARTESIAN_POINT( '', ( 1.50000000000000, -46.8825404941239, 71.1478557260013 ) );
#10820 = AXIS2_PLACEMENT_3D( '', #13448, #13449, #13450 );
#10821 = CARTESIAN_POINT( '', ( 1.50000000000000, -45.2426548003099, 72.2017462684323 ) );
#10822 = CARTESIAN_POINT( '', ( 1.50000000000000, 12.3232716391067, 109.197120805590 ) );
#10823 = VECTOR( '', #13451, 1000.00000000000 );
#10824 = CARTESIAN_POINT( '', ( 1.50000000000000, -44.5469924492222, 73.9002487734206 ) );
#10825 = AXIS2_PLACEMENT_3D( '', #13452, #13453, #13454 );
#10826 = CARTESIAN_POINT( '', ( 1.50000000000000, -44.7435453238570, 74.7704910001166 ) );
#10827 = CARTESIAN_POINT( '', ( 1.50000000000000, -22.4995713080927, -23.7151989904954 ) );
#10828 = VECTOR( '', #13455, 1000.00000000000 );
#10829 = CARTESIAN_POINT( '', ( 1.50000000000000, -43.9802328647197, 76.5101406165551 ) );
#10830 = AXIS2_PLACEMENT_3D( '', #13456, #13457, #13458 );
#10831 = CARTESIAN_POINT( '', ( 1.50000000000000, -40.5869169109004, 78.3630313072922 ) );
#10832 = AXIS2_PLACEMENT_3D( '', #13459, #13460, #13461 );
#10833 = CARTESIAN_POINT( '', ( 1.50000000000000, -38.7107527856184, 78.0646449509462 ) );
#10834 = AXIS2_PLACEMENT_3D( '', #13462, #13463, #13464 );
#10835 = CARTESIAN_POINT( '', ( 1.50000000000000, -38.0849229448073, 77.4288056819462 ) );
#10836 = CARTESIAN_POINT( '', ( 1.50000000000000, 59.9604702833969, -22.1847107944181 ) );
#10837 = VECTOR( '', #13465, 1000.00000000000 );
#10838 = CARTESIAN_POINT( '', ( 1.50000000000000, -36.2799482497981, 77.0957543097092 ) );
#10839 = AXIS2_PLACEMENT_3D( '', #13466, #13467, #13468 );
#10840 = CARTESIAN_POINT( '', ( 1.50000000000000, -34.5067699657234, 77.9055376987010 ) );
#10841 = CARTESIAN_POINT( '', ( 1.50000000000000, 32.8696461674782, 108.675315946319 ) );
#10842 = VECTOR( '', #13469, 1000.00000000000 );
#10843 = CARTESIAN_POINT( '', ( 1.50000000000000, -33.5764663450033, 79.4877488222391 ) );
#10844 = AXIS2_PLACEMENT_3D( '', #13470, #13471, #13472 );
#10845 = CARTESIAN_POINT( '', ( 1.50000000000000, -33.6471702130293, 80.3771056284188 ) );
#10846 = CARTESIAN_POINT( '', ( 1.50000000000000, -26.5678539987519, -8.67089463017237 ) );
#10847 = VECTOR( '', #13473, 1000.00000000000 );
#10848 = CARTESIAN_POINT( '', ( 1.50000000000000, -32.6440492203048, 81.9904174309554 ) );
#10849 = AXIS2_PLACEMENT_3D( '', #13474, #13475, #13476 );
#10850 = CARTESIAN_POINT( '', ( 1.50000000000000, -29.0215784911474, 83.3415291549307 ) );
#10851 = AXIS2_PLACEMENT_3D( '', #13477, #13478, #13479 );
#10852 = CARTESIAN_POINT( '', ( 1.50000000000000, -27.2069758175018, 82.7791739473911 ) );
#10853 = AXIS2_PLACEMENT_3D( '', #13480, #13481, #13482 );
#10854 = CARTESIAN_POINT( '', ( 1.50000000000000, -26.6780053848336, 82.0607417327634 ) );
#10855 = CARTESIAN_POINT( '', ( 1.50000000000000, 50.8824032469444, -23.2795432803080 ) );
#10856 = VECTOR( '', #13483, 1000.00000000000 );
#10857 = CARTESIAN_POINT( '', ( 1.50000000000000, -24.9388008818376, 81.4742056614676 ) );
#10858 = AXIS2_PLACEMENT_3D( '', #13484, #13485, #13486 );
#10859 = CARTESIAN_POINT( '', ( 1.50000000000000, -23.0684268039420, 82.0233970424430 ) );
#10860 = CARTESIAN_POINT( '', ( 1.50000000000000, 51.9480943863928, 104.050235072000 ) );
#10861 = VECTOR( '', #13487, 1000.00000000000 );
#10862 = CARTESIAN_POINT( '', ( 1.50000000000000, -21.9224202125333, 83.4571075287757 ) );
#10863 = AXIS2_PLACEMENT_3D( '', #13488, #13489, #13490 );
#10864 = CARTESIAN_POINT( '', ( 1.50000000000000, -21.8658357470907, 84.3474741745585 ) );
#10865 = CARTESIAN_POINT( '', ( 1.50000000000000, -26.7848912600158, 6.94525921674179 ) );
#10866 = VECTOR( '', #13491, 1000.00000000000 );
#10867 = CARTESIAN_POINT( '', ( 1.50000000000000, -20.6433268714286, 85.8016057873007 ) );
#10868 = AXIS2_PLACEMENT_3D( '', #13492, #13493, #13494 );
#10869 = CARTESIAN_POINT( '', ( 1.50000000000000, -16.8654444246360, 86.6234338060984 ) );
#10870 = AXIS2_PLACEMENT_3D( '', #13495, #13496, #13497 );
#10871 = CARTESIAN_POINT( '', ( 1.50000000000000, -15.1493432801803, 85.8085576776921 ) );
#10872 = AXIS2_PLACEMENT_3D( '', #13498, #13499, #13500 );
#10873 = CARTESIAN_POINT( '', ( 1.50000000000000, -14.7280005682393, 85.0221577255391 ) );
#10874 = CARTESIAN_POINT( '', ( 1.50000000000000, 42.3511723228574, -21.5112118056772 ) );
#10875 = VECTOR( '', #13501, 1000.00000000000 );
#10876 = CARTESIAN_POINT( '', ( 1.50000000000000, -13.0899714454859, 84.1940771381659 ) );
#10877 = AXIS2_PLACEMENT_3D( '', #13502, #13503, #13504 );
#10878 = CARTESIAN_POINT( '', ( 1.50000000000000, -11.1604769962819, 84.4714965583453 ) );
#10879 = CARTESIAN_POINT( '', ( 1.50000000000000, 68.7038609407110, 95.9542548179665 ) );
#10880 = VECTOR( '', #13505, 1000.00000000000 );
#10881 = CARTESIAN_POINT( '', ( 1.50000000000000, -9.82209682357560, 85.7275201964504 ) );
#10882 = AXIS2_PLACEMENT_3D( '', #13506, #13507, #13508 );
#10883 = CARTESIAN_POINT( '', ( 1.50000000000000, -9.63937592120461, 86.6007713845337 ) );
#10884 = CARTESIAN_POINT( '', ( 1.50000000000000, -23.1349655514800, 22.1032808095707 ) );
#10885 = VECTOR( '', #13509, 1000.00000000000 );
#10886 = CARTESIAN_POINT( '', ( 1.50000000000000, -8.22236591788909, 87.8661208812153 ) );
#10887 = AXIS2_PLACEMENT_3D( '', #13510, #13511, #13512 );
#10888 = CARTESIAN_POINT( '', ( 1.50000000000000, -4.36597854556436, 88.1419351463290 ) );
#10889 = AXIS2_PLACEMENT_3D( '', #13513, #13514, #13515 );
#10890 = CARTESIAN_POINT( '', ( 1.50000000000000, -2.78331380077260, 87.0911266251217 ) );
#10891 = AXIS2_PLACEMENT_3D( '', #13516, #13517, #13518 );
#10892 = CARTESIAN_POINT( '', ( 1.50000000000000, -2.47817613212192, 86.2527677706790 ) );
#10893 = CARTESIAN_POINT( '', ( 1.50000000000000, 35.1834873398219, -17.2218021975849 ) );
#10894 = VECTOR( '', #13519, 1000.00000000000 );
#10895 = CARTESIAN_POINT( '', ( 1.50000000000000, -0.974667938864422, 85.2000000000001 ) );
#10896 = AXIS2_PLACEMENT_3D( '', #13520, #13521, #13522 );
#10897 = CARTESIAN_POINT( '', ( 1.50000000000000, 0.974667938864545, 85.2000000000001 ) );
#10898 = CARTESIAN_POINT( '', ( 1.50000000000000, 82.4999999999976, 85.2000000000025 ) );
#10899 = VECTOR( '', #13523, 1000.00000000000 );
#10900 = CARTESIAN_POINT( '', ( 1.50000000000000, 2.47817613212194, 86.2527677706791 ) );
#10901 = AXIS2_PLACEMENT_3D( '', #13524, #13525, #13526 );
#10902 = CARTESIAN_POINT( '', ( 1.50000000000000, 2.78331380077261, 87.0911266251218 ) );
#10903 = CARTESIAN_POINT( '', ( 1.50000000000000, -15.8821538971373, 35.8081756015549 ) );
#10904 = VECTOR( '', #13527, 1000.00000000000 );
#10905 = CARTESIAN_POINT( '', ( 1.50000000000000, 4.36597869439352, 88.1419351389570 ) );
#10906 = AXIS2_PLACEMENT_3D( '', #13528, #13529, #13530 );
#10907 = CARTESIAN_POINT( '', ( 1.50000000000000, 8.22236606625242, 87.8661208673317 ) );
#10908 = AXIS2_PLACEMENT_3D( '', #13531, #13532, #13533 );
#10909 = CARTESIAN_POINT( '', ( 1.50000000000000, 9.63937592120453, 86.6007713845337 ) );
#10910 = AXIS2_PLACEMENT_3D( '', #13534, #13535, #13536 );
#10911 = CARTESIAN_POINT( '', ( 1.50000000000000, 9.82209682357553, 85.7275201964504 ) );
#10912 = CARTESIAN_POINT( '', ( 1.50000000000000, 30.0560178133344, -10.9734883614752 ) );
#10913 = VECTOR( '', #13537, 1000.00000000000 );
#10914 = CARTESIAN_POINT( '', ( 1.50000000000000, 11.1604769962820, 84.4714965583452 ) );
#10915 = AXIS2_PLACEMENT_3D( '', #13538, #13539, #13540 );
#10916 = CARTESIAN_POINT( '', ( 1.50000000000000, 13.0899714454859, 84.1940771381659 ) );
#10917 = CARTESIAN_POINT( '', ( 1.50000000000000, 92.9543093824802, 72.7113188785492 ) );
#10918 = VECTOR( '', #13541, 1000.00000000000 );
#10919 = CARTESIAN_POINT( '', ( 1.50000000000000, 14.7280005682392, 85.0221577255391 ) );
#10920 = AXIS2_PLACEMENT_3D( '', #13542, #13543, #13544 );
#10921 = CARTESIAN_POINT( '', ( 1.50000000000000, 15.1493432801802, 85.8085576776922 ) );
#10922 = CARTESIAN_POINT( '', ( 1.50000000000000, -5.54957759181118, 47.1758012016916 ) );
#10923 = VECTOR( '', #13545, 1000.00000000000 );
#10924 = CARTESIAN_POINT( '', ( 1.50000000000000, 16.8654445709010, 86.6234337776209 ) );
#10925 = AXIS2_PLACEMENT_3D( '', #13546, #13547, #13548 );
#10926 = CARTESIAN_POINT( '', ( 1.50000000000000, 20.6433270163061, 85.8016057524441 ) );
#10927 = AXIS2_PLACEMENT_3D( '', #13549, #13550, #13551 );
#10928 = CARTESIAN_POINT( '', ( 1.50000000000000, 21.8658357470907, 84.3474741745585 ) );
#10929 = AXIS2_PLACEMENT_3D( '', #13552, #13553, #13554 );
#10930 = CARTESIAN_POINT( '', ( 1.50000000000000, 21.9224202125333, 83.4571075287756 ) );
#10931 = CARTESIAN_POINT( '', ( 1.50000000000000, 27.4486192014753, -3.49861820309291 ) );
#10932 = VECTOR( '', #13555, 1000.00000000000 );
#10933 = CARTESIAN_POINT( '', ( 1.50000000000000, 23.0684268039421, 82.0233970424429 ) );
#10934 = AXIS2_PLACEMENT_3D( '', #13556, #13557, #13558 );
#10935 = CARTESIAN_POINT( '', ( 1.50000000000000, 24.9388008818377, 81.4742056614676 ) );
#10936 = CARTESIAN_POINT( '', ( 1.50000000000000, 99.9553220721750, 59.4473676319146 ) );
#10937 = VECTOR( '', #13559, 1000.00000000000 );
#10938 = CARTESIAN_POINT( '', ( 1.50000000000000, 26.6780053848336, 82.0607417327634 ) );
#10939 = AXIS2_PLACEMENT_3D( '', #13560, #13561, #13562 );
#10940 = CARTESIAN_POINT( '', ( 1.50000000000000, 27.2069758175018, 82.7791739473911 ) );
#10941 = CARTESIAN_POINT( '', ( 1.50000000000000, 7.12166578847324, 55.4998916388282 ) );
#10942 = VECTOR( '', #13563, 1000.00000000000 );
#10943 = CARTESIAN_POINT( '', ( 1.50000000000000, 29.0215786318710, 83.3415291059273 ) );
#10944 = AXIS2_PLACEMENT_3D( '', #13564, #13565, #13566 );
#10945 = CARTESIAN_POINT( '', ( 1.50000000000000, 32.6440493587469, 81.9904173758354 ) );
#10946 = AXIS2_PLACEMENT_3D( '', #13567, #13568, #13569 );
#10947 = CARTESIAN_POINT( '', ( 1.50000000000000, 33.6471702130293, 80.3771056284188 ) );
#10948 = AXIS2_PLACEMENT_3D( '', #13570, #13571, #13572 );
#10949 = CARTESIAN_POINT( '', ( 1.50000000000000, 33.5764663450033, 79.4877488222390 ) );
#10950 = CARTESIAN_POINT( '', ( 1.50000000000000, 27.6041456829494, 4.36422053762863 ) );
#10951 = VECTOR( '', #13573, 1000.00000000000 );
#10952 = CARTESIAN_POINT( '', ( 1.50000000000000, 34.5067699657234, 77.9055376987009 ) );
#10953 = AXIS2_PLACEMENT_3D( '', #13574, #13575, #13576 );
#10954 = CARTESIAN_POINT( '', ( 1.50000000000000, 103.656364383003, 46.3259760620945 ) );
#10955 = VECTOR( '', #13577, 1000.00000000000 );
#10956 = CARTESIAN_POINT( '', ( 0.0499999999999390, 0.000000000000000, -82.4999999999999 ) );
#10957 = AXIS2_PLACEMENT_3D( '', #13578, #13579, #13580 );
#10958 = CARTESIAN_POINT( '', ( 0.0499999999999945, 0.000000000000000, -89.5000000000000 ) );
#10959 = AXIS2_PLACEMENT_3D( '', #13581, #13582, #13583 );
#10960 = CARTESIAN_POINT( '', ( -0.619872981077851, 0.000000000000000, -92.0000000000000 ) );
#10961 = AXIS2_PLACEMENT_3D( '', #13584, #13585, #13586 );
#10962 = CARTESIAN_POINT( '', ( 31.8000000000000, 85.8085576776922, -15.1493432801802 ) );
#10963 = VECTOR( '', #13587, 1000.00000000000 );
#10964 = CARTESIAN_POINT( '', ( 31.8000000000000, 86.6234337776209, -16.8654445709010 ) );
#10965 = VECTOR( '', #13588, 1000.00000000000 );
#10966 = CARTESIAN_POINT( '', ( 31.8000000000000, 85.0221577255392, -14.7280005682392 ) );
#10967 = VECTOR( '', #13589, 1000.00000000000 );
#10968 = CARTESIAN_POINT( '', ( 31.8000000000000, 84.1940771381660, -13.0899714454859 ) );
#10969 = VECTOR( '', #13590, 1000.00000000000 );
#10970 = CARTESIAN_POINT( '', ( 31.8000000000000, 84.4714965583452, -11.1604769962819 ) );
#10971 = VECTOR( '', #13591, 1000.00000000000 );
#10972 = CARTESIAN_POINT( '', ( 31.8000000000000, 85.7275201964504, -9.82209682357549 ) );
#10973 = VECTOR( '', #13592, 1000.00000000000 );
#10974 = CARTESIAN_POINT( '', ( 31.8000000000000, 86.6007713845337, -9.63937592120448 ) );
#10975 = VECTOR( '', #13593, 1000.00000000000 );
#10976 = CARTESIAN_POINT( '', ( 31.8000000000000, 87.8661208673317, -8.22236606625238 ) );
#10977 = VECTOR( '', #13594, 1000.00000000000 );
#10978 = CARTESIAN_POINT( '', ( 31.8000000000000, 82.7791739473911, -27.2069758175018 ) );
#10979 = VECTOR( '', #13595, 1000.00000000000 );
#10980 = CARTESIAN_POINT( '', ( 31.8000000000000, 83.3415291059273, -29.0215786318709 ) );
#10981 = VECTOR( '', #13596, 1000.00000000000 );
#10982 = CARTESIAN_POINT( '', ( 31.8000000000000, 82.0607417327634, -26.6780053848336 ) );
#10983 = VECTOR( '', #13597, 1000.00000000000 );
#10984 = CARTESIAN_POINT( '', ( 31.8000000000000, 81.4742056614676, -24.9388008818376 ) );
#10985 = VECTOR( '', #13598, 1000.00000000000 );
#10986 = CARTESIAN_POINT( '', ( 31.8000000000000, 82.0233970424429, -23.0684268039420 ) );
#10987 = VECTOR( '', #13599, 1000.00000000000 );
#10988 = CARTESIAN_POINT( '', ( 31.8000000000000, 83.4571075287756, -21.9224202125333 ) );
#10989 = VECTOR( '', #13600, 1000.00000000000 );
#10990 = CARTESIAN_POINT( '', ( 31.8000000000000, 84.3474741745585, -21.8658357470906 ) );
#10991 = VECTOR( '', #13601, 1000.00000000000 );
#10992 = CARTESIAN_POINT( '', ( 31.8000000000000, 85.8016057524441, -20.6433270163060 ) );
#10993 = VECTOR( '', #13602, 1000.00000000000 );
#10994 = CARTESIAN_POINT( '', ( 31.8000000000000, 78.0646449509463, -38.7107527856184 ) );
#10995 = VECTOR( '', #13603, 1000.00000000000 );
#10996 = CARTESIAN_POINT( '', ( 31.8000000000000, 78.3630312387606, -40.5869170432177 ) );
#10997 = VECTOR( '', #13604, 1000.00000000000 );
#10998 = CARTESIAN_POINT( '', ( 31.8000000000000, 77.4288056819463, -38.0849229448073 ) );
#10999 = VECTOR( '', #13605, 1000.00000000000 );
#11000 = CARTESIAN_POINT( '', ( 31.8000000000000, 77.0957543097092, -36.2799482497981 ) );
#11001 = VECTOR( '', #13606, 1000.00000000000 );
#11002 = CARTESIAN_POINT( '', ( 31.8000000000000, 77.9055376987009, -34.5067699657234 ) );
#11003 = VECTOR( '', #13607, 1000.00000000000 );
#11004 = CARTESIAN_POINT( '', ( 31.8000000000000, 79.4877488222391, -33.5764663450032 ) );
#11005 = VECTOR( '', #13608, 1000.00000000000 );
#11006 = CARTESIAN_POINT( '', ( 31.8000000000000, 80.3771056284188, -33.6471702130293 ) );
#11007 = VECTOR( '', #13609, 1000.00000000000 );
#11008 = CARTESIAN_POINT( '', ( 31.8000000000000, 81.9904173758354, -32.6440493587469 ) );
#11009 = VECTOR( '', #13610, 1000.00000000000 );
#11010 = CARTESIAN_POINT( '', ( 31.8000000000000, 71.7609449031463, -49.4264904596125 ) );
#11011 = VECTOR( '', #13611, 1000.00000000000 );
#11012 = CARTESIAN_POINT( '', ( 31.8000000000000, 71.7892880358938, -51.3260228665681 ) );
#11013 = VECTOR( '', #13612, 1000.00000000000 );
#11014 = CARTESIAN_POINT( '', ( 31.8000000000000, 71.2206424336819, -48.7165413014732 ) );
#11015 = VECTOR( '', #13613, 1000.00000000000 );
#11016 = CARTESIAN_POINT( '', ( 31.8000000000000, 71.1478557260013, -46.8825404941240 ) );
#11017 = VECTOR( '', #13614, 1000.00000000000 );
#11018 = CARTESIAN_POINT( '', ( 31.8000000000000, 72.2017462684322, -45.2426548003099 ) );
#11019 = VECTOR( '', #13615, 1000.00000000000 );
#11020 = CARTESIAN_POINT( '', ( 31.8000000000000, 73.9002487734205, -44.5469924492222 ) );
#11021 = VECTOR( '', #13616, 1000.00000000000 );
#11022 = CARTESIAN_POINT( '', ( 31.8000000000000, 74.7704910001166, -44.7435453238570 ) );
#11023 = VECTOR( '', #13617, 1000.00000000000 );
#11024 = CARTESIAN_POINT( '', ( 31.8000000000000, 76.5101405422937, -43.9802329939084 ) );
#11025 = VECTOR( '', #13618, 1000.00000000000 );
#11026 = CARTESIAN_POINT( '', ( 31.8000000000000, 63.9963989585946, -59.1360473220772 ) );
#11027 = VECTOR( '', #13619, 1000.00000000000 );
#11028 = CARTESIAN_POINT( '', ( 31.8000000000000, 63.7541219518275, -61.0202788763827 ) );
#11029 = VECTOR( '', #13620, 1000.00000000000 );
#11030 = CARTESIAN_POINT( '', ( 31.8000000000000, 63.5626322888404, -58.3564313641451 ) );
#11031 = VECTOR( '', #13621, 1000.00000000000 );
#11032 = CARTESIAN_POINT( '', ( 31.8000000000000, 63.7515919731852, -56.5307394120720 ) );
#11033 = VECTOR( '', #13622, 1000.00000000000 );
#11034 = CARTESIAN_POINT( '', ( 31.8000000000000, 65.0281354967806, -55.0575296522048 ) );
#11035 = VECTOR( '', #13623, 1000.00000000000 );
#11036 = CARTESIAN_POINT( '', ( 31.8000000000000, 66.8083527702944, -54.6106702500930 ) );
#11037 = VECTOR( '', #13624, 1000.00000000000 );
#11038 = CARTESIAN_POINT( '', ( 31.8000000000000, 67.6417647953426, -54.9290708816207 ) );
#11039 = VECTOR( '', #13625, 1000.00000000000 );
#11040 = CARTESIAN_POINT( '', ( 31.8000000000000, 69.4723378843365, -54.4211059138326 ) );
#11041 = VECTOR( '', #13626, 1000.00000000000 );
#11042 = CARTESIAN_POINT( '', ( 31.8000000000000, 54.9290708816208, -67.6417647953426 ) );
#11043 = VECTOR( '', #13627, 1000.00000000000 );
#11044 = CARTESIAN_POINT( '', ( 31.8000000000000, 54.4211057965275, -69.4723379762274 ) );
#11045 = VECTOR( '', #13628, 1000.00000000000 );
#11046 = CARTESIAN_POINT( '', ( 31.8000000000000, 54.6106702500931, -66.8083527702944 ) );
#11047 = VECTOR( '', #13629, 1000.00000000000 );
#11048 = CARTESIAN_POINT( '', ( 31.8000000000000, 55.0575296522048, -65.0281354967807 ) );
#11049 = VECTOR( '', #13630, 1000.00000000000 );
#11050 = CARTESIAN_POINT( '', ( 31.8000000000000, 56.5307394120719, -63.7515919731851 ) );
#11051 = VECTOR( '', #13631, 1000.00000000000 );
#11052 = CARTESIAN_POINT( '', ( 31.8000000000000, 58.3564313641451, -63.5626322888403 ) );
#11053 = VECTOR( '', #13632, 1000.00000000000 );
#11054 = CARTESIAN_POINT( '', ( 31.8000000000000, 59.1360473220772, -63.9963989585945 ) );
#11055 = VECTOR( '', #13633, 1000.00000000000 );
#11056 = CARTESIAN_POINT( '', ( 31.8000000000000, 61.0202787687329, -63.7541220548611 ) );
#11057 = VECTOR( '', #13634, 1000.00000000000 );
#11058 = CARTESIAN_POINT( '', ( 31.8000000000000, 44.7435453238571, -74.7704910001166 ) );
#11059 = VECTOR( '', #13635, 1000.00000000000 );
#11060 = CARTESIAN_POINT( '', ( 31.8000000000000, 43.9802328647198, -76.5101406165550 ) );
#11061 = VECTOR( '', #13636, 1000.00000000000 );
#11062 = CARTESIAN_POINT( '', ( 31.8000000000000, 44.5469924492223, -73.9002487734205 ) );
#11063 = VECTOR( '', #13637, 1000.00000000000 );
#11064 = CARTESIAN_POINT( '', ( 31.8000000000000, 45.2426548003099, -72.2017462684322 ) );
#11065 = VECTOR( '', #13638, 1000.00000000000 );
#11066 = CARTESIAN_POINT( '', ( 31.8000000000000, 46.8825404941240, -71.1478557260013 ) );
#11067 = VECTOR( '', #13639, 1000.00000000000 );
#11068 = CARTESIAN_POINT( '', ( 31.8000000000000, 48.7165413014732, -71.2206424336818 ) );
#11069 = VECTOR( '', #13640, 1000.00000000000 );
#11070 = CARTESIAN_POINT( '', ( 31.8000000000000, 49.4264904596125, -71.7609449031463 ) );
#11071 = VECTOR( '', #13641, 1000.00000000000 );
#11072 = CARTESIAN_POINT( '', ( 31.8000000000000, 51.3260227453508, -71.7892881225586 ) );
#11073 = VECTOR( '', #13642, 1000.00000000000 );
#11074 = CARTESIAN_POINT( '', ( 31.8000000000000, 33.6471702130294, -80.3771056284188 ) );
#11075 = VECTOR( '', #13643, 1000.00000000000 );
#11076 = CARTESIAN_POINT( '', ( 31.8000000000000, 32.6440492203048, -81.9904174309554 ) );
#11077 = VECTOR( '', #13644, 1000.00000000000 );
#11078 = CARTESIAN_POINT( '', ( 31.8000000000000, 33.5764663450033, -79.4877488222391 ) );
#11079 = VECTOR( '', #13645, 1000.00000000000 );
#11080 = CARTESIAN_POINT( '', ( 31.8000000000000, 34.5067699657234, -77.9055376987010 ) );
#11081 = VECTOR( '', #13646, 1000.00000000000 );
#11082 = CARTESIAN_POINT( '', ( 31.8000000000000, 36.2799482497981, -77.0957543097092 ) );
#11083 = VECTOR( '', #13647, 1000.00000000000 );
#11084 = CARTESIAN_POINT( '', ( 31.8000000000000, 38.0849229448074, -77.4288056819462 ) );
#11085 = VECTOR( '', #13648, 1000.00000000000 );
#11086 = CARTESIAN_POINT( '', ( 31.8000000000000, 38.7107527856185, -78.0646449509462 ) );
#11087 = VECTOR( '', #13649, 1000.00000000000 );
#11088 = CARTESIAN_POINT( '', ( 31.8000000000000, 40.5869169109005, -78.3630313072922 ) );
#11089 = VECTOR( '', #13650, 1000.00000000000 );
#11090 = CARTESIAN_POINT( '', ( 31.8000000000000, 21.8658357470907, -84.3474741745585 ) );
#11091 = VECTOR( '', #13651, 1000.00000000000 );
#11092 = CARTESIAN_POINT( '', ( 31.8000000000000, 20.6433268714287, -85.8016057873007 ) );
#11093 = VECTOR( '', #13652, 1000.00000000000 );
#11094 = CARTESIAN_POINT( '', ( 31.8000000000000, 21.9224202125333, -83.4571075287757 ) );
#11095 = VECTOR( '', #13653, 1000.00000000000 );
#11096 = CARTESIAN_POINT( '', ( 31.8000000000000, 23.0684268039420, -82.0233970424430 ) );
#11097 = VECTOR( '', #13654, 1000.00000000000 );
#11098 = CARTESIAN_POINT( '', ( 31.8000000000000, 24.9388008818376, -81.4742056614676 ) );
#11099 = VECTOR( '', #13655, 1000.00000000000 );
#11100 = CARTESIAN_POINT( '', ( 31.8000000000000, 26.6780053848336, -82.0607417327634 ) );
#11101 = VECTOR( '', #13656, 1000.00000000000 );
#11102 = CARTESIAN_POINT( '', ( 31.8000000000000, 27.2069758175018, -82.7791739473911 ) );
#11103 = VECTOR( '', #13657, 1000.00000000000 );
#11104 = CARTESIAN_POINT( '', ( 31.8000000000000, 29.0215784911474, -83.3415291549307 ) );
#11105 = VECTOR( '', #13658, 1000.00000000000 );
#11106 = CARTESIAN_POINT( '', ( 31.8000000000000, 9.63937592120466, -86.6007713845337 ) );
#11107 = VECTOR( '', #13659, 1000.00000000000 );
#11108 = CARTESIAN_POINT( '', ( 31.8000000000000, 8.22236591788914, -87.8661208812153 ) );
#11109 = VECTOR( '', #13660, 1000.00000000000 );
#11110 = CARTESIAN_POINT( '', ( 31.8000000000000, 9.82209682357565, -85.7275201964504 ) );
#11111 = VECTOR( '', #13661, 1000.00000000000 );
#11112 = CARTESIAN_POINT( '', ( 31.8000000000000, 11.1604769962820, -84.4714965583453 ) );
#11113 = VECTOR( '', #13662, 1000.00000000000 );
#11114 = CARTESIAN_POINT( '', ( 31.8000000000000, 13.0899714454859, -84.1940771381659 ) );
#11115 = VECTOR( '', #13663, 1000.00000000000 );
#11116 = CARTESIAN_POINT( '', ( 31.8000000000000, 14.7280005682393, -85.0221577255391 ) );
#11117 = VECTOR( '', #13664, 1000.00000000000 );
#11118 = CARTESIAN_POINT( '', ( 31.8000000000000, 15.1493432801803, -85.8085576776921 ) );
#11119 = VECTOR( '', #13665, 1000.00000000000 );
#11120 = CARTESIAN_POINT( '', ( 31.8000000000000, 16.8654444246360, -86.6234338060984 ) );
#11121 = VECTOR( '', #13666, 1000.00000000000 );
#11122 = CARTESIAN_POINT( '', ( 31.8000000000000, -2.78331380077252, -87.0911266251218 ) );
#11123 = VECTOR( '', #13667, 1000.00000000000 );
#11124 = CARTESIAN_POINT( '', ( 31.8000000000000, -4.36597869439343, -88.1419351389570 ) );
#11125 = VECTOR( '', #13668, 1000.00000000000 );
#11126 = CARTESIAN_POINT( '', ( 31.8000000000000, -2.47817613212186, -86.2527677706791 ) );
#11127 = VECTOR( '', #13669, 1000.00000000000 );
#11128 = CARTESIAN_POINT( '', ( 31.8000000000000, -0.974667938864459, -85.2000000000001 ) );
#11129 = VECTOR( '', #13670, 1000.00000000000 );
#11130 = CARTESIAN_POINT( '', ( 31.8000000000000, 0.974667938864509, -85.2000000000001 ) );
#11131 = VECTOR( '', #13671, 1000.00000000000 );
#11132 = CARTESIAN_POINT( '', ( 31.8000000000000, 2.47817613212201, -86.2527677706790 ) );
#11133 = VECTOR( '', #13672, 1000.00000000000 );
#11134 = CARTESIAN_POINT( '', ( 31.8000000000000, 2.78331380077268, -87.0911266251217 ) );
#11135 = VECTOR( '', #13673, 1000.00000000000 );
#11136 = CARTESIAN_POINT( '', ( 31.8000000000000, 4.36597854556445, -88.1419351463290 ) );
#11137 = VECTOR( '', #13674, 1000.00000000000 );
#11138 = CARTESIAN_POINT( '', ( 31.8000000000000, -15.1493432801802, -85.8085576776922 ) );
#11139 = VECTOR( '', #13675, 1000.00000000000 );
#11140 = CARTESIAN_POINT( '', ( 31.8000000000000, -16.8654445709010, -86.6234337776209 ) );
#11141 = VECTOR( '', #13676, 1000.00000000000 );
#11142 = CARTESIAN_POINT( '', ( 31.8000000000000, -14.7280005682392, -85.0221577255391 ) );
#11143 = VECTOR( '', #13677, 1000.00000000000 );
#11144 = CARTESIAN_POINT( '', ( 31.8000000000000, -13.0899714454859, -84.1940771381659 ) );
#11145 = VECTOR( '', #13678, 1000.00000000000 );
#11146 = CARTESIAN_POINT( '', ( 31.8000000000000, -11.1604769962819, -84.4714965583452 ) );
#11147 = VECTOR( '', #13679, 1000.00000000000 );
#11148 = CARTESIAN_POINT( '', ( 31.8000000000000, -9.82209682357550, -85.7275201964504 ) );
#11149 = VECTOR( '', #13680, 1000.00000000000 );
#11150 = CARTESIAN_POINT( '', ( 31.8000000000000, -9.63937592120450, -86.6007713845337 ) );
#11151 = VECTOR( '', #13681, 1000.00000000000 );
#11152 = CARTESIAN_POINT( '', ( 31.8000000000000, -8.22236606625239, -87.8661208673317 ) );
#11153 = VECTOR( '', #13682, 1000.00000000000 );
#11154 = CARTESIAN_POINT( '', ( 31.8000000000000, -27.2069758175018, -82.7791739473911 ) );
#11155 = VECTOR( '', #13683, 1000.00000000000 );
#11156 = CARTESIAN_POINT( '', ( 31.8000000000000, -29.0215786318710, -83.3415291059273 ) );
#11157 = VECTOR( '', #13684, 1000.00000000000 );
#11158 = CARTESIAN_POINT( '', ( 31.8000000000000, -26.6780053848336, -82.0607417327634 ) );
#11159 = VECTOR( '', #13685, 1000.00000000000 );
#11160 = CARTESIAN_POINT( '', ( 31.8000000000000, -24.9388008818377, -81.4742056614676 ) );
#11161 = VECTOR( '', #13686, 1000.00000000000 );
#11162 = CARTESIAN_POINT( '', ( 31.8000000000000, -23.0684268039421, -82.0233970424429 ) );
#11163 = VECTOR( '', #13687, 1000.00000000000 );
#11164 = CARTESIAN_POINT( '', ( 31.8000000000000, -21.9224202125333, -83.4571075287756 ) );
#11165 = VECTOR( '', #13688, 1000.00000000000 );
#11166 = CARTESIAN_POINT( '', ( 31.8000000000000, -21.8658357470907, -84.3474741745585 ) );
#11167 = VECTOR( '', #13689, 1000.00000000000 );
#11168 = CARTESIAN_POINT( '', ( 31.8000000000000, -20.6433270163061, -85.8016057524441 ) );
#11169 = VECTOR( '', #13690, 1000.00000000000 );
#11170 = CARTESIAN_POINT( '', ( 31.8000000000000, -38.7107527856184, -78.0646449509463 ) );
#11171 = VECTOR( '', #13691, 1000.00000000000 );
#11172 = CARTESIAN_POINT( '', ( 31.8000000000000, -40.5869170432177, -78.3630312387606 ) );
#11173 = VECTOR( '', #13692, 1000.00000000000 );
#11174 = CARTESIAN_POINT( '', ( 31.8000000000000, -38.0849229448073, -77.4288056819463 ) );
#11175 = VECTOR( '', #13693, 1000.00000000000 );
#11176 = CARTESIAN_POINT( '', ( 31.8000000000000, -36.2799482497981, -77.0957543097092 ) );
#11177 = VECTOR( '', #13694, 1000.00000000000 );
#11178 = CARTESIAN_POINT( '', ( 31.8000000000000, -34.5067699657234, -77.9055376987010 ) );
#11179 = VECTOR( '', #13695, 1000.00000000000 );
#11180 = CARTESIAN_POINT( '', ( 31.8000000000000, -33.5764663450032, -79.4877488222391 ) );
#11181 = VECTOR( '', #13696, 1000.00000000000 );
#11182 = CARTESIAN_POINT( '', ( 31.8000000000000, -33.6471702130293, -80.3771056284188 ) );
#11183 = VECTOR( '', #13697, 1000.00000000000 );
#11184 = CARTESIAN_POINT( '', ( 31.8000000000000, -32.6440493587469, -81.9904173758354 ) );
#11185 = VECTOR( '', #13698, 1000.00000000000 );
#11186 = CARTESIAN_POINT( '', ( 31.8000000000000, -49.4264904596125, -71.7609449031463 ) );
#11187 = VECTOR( '', #13699, 1000.00000000000 );
#11188 = CARTESIAN_POINT( '', ( 31.8000000000000, -51.3260228665682, -71.7892880358938 ) );
#11189 = VECTOR( '', #13700, 1000.00000000000 );
#11190 = CARTESIAN_POINT( '', ( 31.8000000000000, -48.7165413014732, -71.2206424336819 ) );
#11191 = VECTOR( '', #13701, 1000.00000000000 );
#11192 = CARTESIAN_POINT( '', ( 31.8000000000000, -46.8825404941241, -71.1478557260013 ) );
#11193 = VECTOR( '', #13702, 1000.00000000000 );
#11194 = CARTESIAN_POINT( '', ( 31.8000000000000, -45.2426548003100, -72.2017462684321 ) );
#11195 = VECTOR( '', #13703, 1000.00000000000 );
#11196 = CARTESIAN_POINT( '', ( 31.8000000000000, -44.5469924492222, -73.9002487734205 ) );
#11197 = VECTOR( '', #13704, 1000.00000000000 );
#11198 = CARTESIAN_POINT( '', ( 31.8000000000000, -44.7435453238570, -74.7704910001166 ) );
#11199 = VECTOR( '', #13705, 1000.00000000000 );
#11200 = CARTESIAN_POINT( '', ( 31.8000000000000, -43.9802329939084, -76.5101405422937 ) );
#11201 = VECTOR( '', #13706, 1000.00000000000 );
#11202 = CARTESIAN_POINT( '', ( 31.8000000000000, -59.1360473220772, -63.9963989585946 ) );
#11203 = VECTOR( '', #13707, 1000.00000000000 );
#11204 = CARTESIAN_POINT( '', ( 31.8000000000000, -61.0202788763827, -63.7541219518274 ) );
#11205 = VECTOR( '', #13708, 1000.00000000000 );
#11206 = CARTESIAN_POINT( '', ( 31.8000000000000, -58.3564313641451, -63.5626322888403 ) );
#11207 = VECTOR( '', #13709, 1000.00000000000 );
#11208 = CARTESIAN_POINT( '', ( 31.8000000000000, -56.5307394120720, -63.7515919731851 ) );
#11209 = VECTOR( '', #13710, 1000.00000000000 );
#11210 = CARTESIAN_POINT( '', ( 31.8000000000000, -55.0575296522048, -65.0281354967806 ) );
#11211 = VECTOR( '', #13711, 1000.00000000000 );
#11212 = CARTESIAN_POINT( '', ( 31.8000000000000, -54.6106702500930, -66.8083527702944 ) );
#11213 = VECTOR( '', #13712, 1000.00000000000 );
#11214 = CARTESIAN_POINT( '', ( 31.8000000000000, -54.9290708816207, -67.6417647953426 ) );
#11215 = VECTOR( '', #13713, 1000.00000000000 );
#11216 = CARTESIAN_POINT( '', ( 31.8000000000000, -54.4211059138326, -69.4723378843364 ) );
#11217 = VECTOR( '', #13714, 1000.00000000000 );
#11218 = CARTESIAN_POINT( '', ( 31.8000000000000, -67.6417647953426, -54.9290708816208 ) );
#11219 = VECTOR( '', #13715, 1000.00000000000 );
#11220 = CARTESIAN_POINT( '', ( 31.8000000000000, -69.4723379762274, -54.4211057965275 ) );
#11221 = VECTOR( '', #13716, 1000.00000000000 );
#11222 = CARTESIAN_POINT( '', ( 31.8000000000000, -66.8083527702944, -54.6106702500931 ) );
#11223 = VECTOR( '', #13717, 1000.00000000000 );
#11224 = CARTESIAN_POINT( '', ( 31.8000000000000, -65.0281354967807, -55.0575296522048 ) );
#11225 = VECTOR( '', #13718, 1000.00000000000 );
#11226 = CARTESIAN_POINT( '', ( 31.8000000000000, -63.7515919731851, -56.5307394120719 ) );
#11227 = VECTOR( '', #13719, 1000.00000000000 );
#11228 = CARTESIAN_POINT( '', ( 31.8000000000000, -63.5626322888403, -58.3564313641451 ) );
#11229 = VECTOR( '', #13720, 1000.00000000000 );
#11230 = CARTESIAN_POINT( '', ( 31.8000000000000, -63.9963989585946, -59.1360473220772 ) );
#11231 = VECTOR( '', #13721, 1000.00000000000 );
#11232 = CARTESIAN_POINT( '', ( 31.8000000000000, -63.7541220548611, -61.0202787687329 ) );
#11233 = VECTOR( '', #13722, 1000.00000000000 );
#11234 = CARTESIAN_POINT( '', ( 31.8000000000000, -74.7704910001166, -44.7435453238571 ) );
#11235 = VECTOR( '', #13723, 1000.00000000000 );
#11236 = CARTESIAN_POINT( '', ( 31.8000000000000, -76.5101406165551, -43.9802328647198 ) );
#11237 = VECTOR( '', #13724, 1000.00000000000 );
#11238 = CARTESIAN_POINT( '', ( 31.8000000000000, -73.9002487734206, -44.5469924492223 ) );
#11239 = VECTOR( '', #13725, 1000.00000000000 );
#11240 = CARTESIAN_POINT( '', ( 31.8000000000000, -72.2017462684322, -45.2426548003099 ) );
#11241 = VECTOR( '', #13726, 1000.00000000000 );
#11242 = CARTESIAN_POINT( '', ( 31.8000000000000, -71.1478557260013, -46.8825404941239 ) );
#11243 = VECTOR( '', #13727, 1000.00000000000 );
#11244 = CARTESIAN_POINT( '', ( 31.8000000000000, -71.2206424336818, -48.7165413014732 ) );
#11245 = VECTOR( '', #13728, 1000.00000000000 );
#11246 = CARTESIAN_POINT( '', ( 31.8000000000000, -71.7609449031463, -49.4264904596125 ) );
#11247 = VECTOR( '', #13729, 1000.00000000000 );
#11248 = CARTESIAN_POINT( '', ( 31.8000000000000, -71.7892881225586, -51.3260227453507 ) );
#11249 = VECTOR( '', #13730, 1000.00000000000 );
#11250 = CARTESIAN_POINT( '', ( 31.8000000000000, -80.3771056284188, -33.6471702130293 ) );
#11251 = VECTOR( '', #13731, 1000.00000000000 );
#11252 = CARTESIAN_POINT( '', ( 31.8000000000000, -81.9904174309554, -32.6440492203048 ) );
#11253 = VECTOR( '', #13732, 1000.00000000000 );
#11254 = CARTESIAN_POINT( '', ( 31.8000000000000, -79.4877488222391, -33.5764663450033 ) );
#11255 = VECTOR( '', #13733, 1000.00000000000 );
#11256 = CARTESIAN_POINT( '', ( 31.8000000000000, -77.9055376987010, -34.5067699657234 ) );
#11257 = VECTOR( '', #13734, 1000.00000000000 );
#11258 = CARTESIAN_POINT( '', ( 31.8000000000000, -77.0957543097092, -36.2799482497981 ) );
#11259 = VECTOR( '', #13735, 1000.00000000000 );
#11260 = CARTESIAN_POINT( '', ( 31.8000000000000, -77.4288056819462, -38.0849229448073 ) );
#11261 = VECTOR( '', #13736, 1000.00000000000 );
#11262 = CARTESIAN_POINT( '', ( 31.8000000000000, -78.0646449509462, -38.7107527856184 ) );
#11263 = VECTOR( '', #13737, 1000.00000000000 );
#11264 = CARTESIAN_POINT( '', ( 31.8000000000000, -78.3630313072922, -40.5869169109004 ) );
#11265 = VECTOR( '', #13738, 1000.00000000000 );
#11266 = CARTESIAN_POINT( '', ( 31.8000000000000, -84.3474741745585, -21.8658357470907 ) );
#11267 = VECTOR( '', #13739, 1000.00000000000 );
#11268 = CARTESIAN_POINT( '', ( 31.8000000000000, -85.8016057873007, -20.6433268714287 ) );
#11269 = VECTOR( '', #13740, 1000.00000000000 );
#11270 = CARTESIAN_POINT( '', ( 31.8000000000000, -83.4571075287757, -21.9224202125333 ) );
#11271 = VECTOR( '', #13741, 1000.00000000000 );
#11272 = CARTESIAN_POINT( '', ( 31.8000000000000, -82.0233970424430, -23.0684268039420 ) );
#11273 = VECTOR( '', #13742, 1000.00000000000 );
#11274 = CARTESIAN_POINT( '', ( 31.8000000000000, -81.4742056614676, -24.9388008818376 ) );
#11275 = VECTOR( '', #13743, 1000.00000000000 );
#11276 = CARTESIAN_POINT( '', ( 31.8000000000000, -82.0607417327634, -26.6780053848336 ) );
#11277 = VECTOR( '', #13744, 1000.00000000000 );
#11278 = CARTESIAN_POINT( '', ( 31.8000000000000, -82.7791739473911, -27.2069758175018 ) );
#11279 = VECTOR( '', #13745, 1000.00000000000 );
#11280 = CARTESIAN_POINT( '', ( 31.8000000000000, -83.3415291549307, -29.0215784911474 ) );
#11281 = VECTOR( '', #13746, 1000.00000000000 );
#11282 = CARTESIAN_POINT( '', ( 31.8000000000000, -86.6007713845337, -9.63937592120454 ) );
#11283 = VECTOR( '', #13747, 1000.00000000000 );
#11284 = CARTESIAN_POINT( '', ( 31.8000000000000, -87.8661208812153, -8.22236591788902 ) );
#11285 = VECTOR( '', #13748, 1000.00000000000 );
#11286 = CARTESIAN_POINT( '', ( 31.8000000000000, -85.7275201964504, -9.82209682357554 ) );
#11287 = VECTOR( '', #13749, 1000.00000000000 );
#11288 = CARTESIAN_POINT( '', ( 31.8000000000000, -84.4714965583453, -11.1604769962819 ) );
#11289 = VECTOR( '', #13750, 1000.00000000000 );
#11290 = CARTESIAN_POINT( '', ( 31.8000000000000, -84.1940771381659, -13.0899714454858 ) );
#11291 = VECTOR( '', #13751, 1000.00000000000 );
#11292 = CARTESIAN_POINT( '', ( 31.8000000000000, -85.0221577255391, -14.7280005682392 ) );
#11293 = VECTOR( '', #13752, 1000.00000000000 );
#11294 = CARTESIAN_POINT( '', ( 31.8000000000000, -85.8085576776921, -15.1493432801802 ) );
#11295 = VECTOR( '', #13753, 1000.00000000000 );
#11296 = CARTESIAN_POINT( '', ( 31.8000000000000, -86.6234338060984, -16.8654444246359 ) );
#11297 = VECTOR( '', #13754, 1000.00000000000 );
#11298 = CARTESIAN_POINT( '', ( 31.8000000000000, -87.0911266251218, 2.78331380077254 ) );
#11299 = VECTOR( '', #13755, 1000.00000000000 );
#11300 = CARTESIAN_POINT( '', ( 31.8000000000000, -88.1419351389570, 4.36597869439344 ) );
#11301 = VECTOR( '', #13756, 1000.00000000000 );
#11302 = CARTESIAN_POINT( '', ( 31.8000000000000, -86.2527677706791, 2.47817613212187 ) );
#11303 = VECTOR( '', #13757, 1000.00000000000 );
#11304 = CARTESIAN_POINT( '', ( 31.8000000000000, -85.2000000000001, 0.974667938864475 ) );
#11305 = VECTOR( '', #13758, 1000.00000000000 );
#11306 = CARTESIAN_POINT( '', ( 31.8000000000000, -85.2000000000001, -0.974667938864493 ) );
#11307 = VECTOR( '', #13759, 1000.00000000000 );
#11308 = CARTESIAN_POINT( '', ( 31.8000000000000, -86.2527677706790, -2.47817613212199 ) );
#11309 = VECTOR( '', #13760, 1000.00000000000 );
#11310 = CARTESIAN_POINT( '', ( 31.8000000000000, -87.0911266251217, -2.78331380077267 ) );
#11311 = VECTOR( '', #13761, 1000.00000000000 );
#11312 = CARTESIAN_POINT( '', ( 31.8000000000000, -88.1419351463290, -4.36597854556443 ) );
#11313 = VECTOR( '', #13762, 1000.00000000000 );
#11314 = CARTESIAN_POINT( '', ( 31.8000000000000, -85.8085576776922, 15.1493432801802 ) );
#11315 = VECTOR( '', #13763, 1000.00000000000 );
#11316 = CARTESIAN_POINT( '', ( 31.8000000000000, -86.6234337776209, 16.8654445709011 ) );
#11317 = VECTOR( '', #13764, 1000.00000000000 );
#11318 = CARTESIAN_POINT( '', ( 31.8000000000000, -85.0221577255391, 14.7280005682393 ) );
#11319 = VECTOR( '', #13765, 1000.00000000000 );
#11320 = CARTESIAN_POINT( '', ( 31.8000000000000, -84.1940771381659, 13.0899714454859 ) );
#11321 = VECTOR( '', #13766, 1000.00000000000 );
#11322 = CARTESIAN_POINT( '', ( 31.8000000000000, -84.4714965583452, 11.1604769962820 ) );
#11323 = VECTOR( '', #13767, 1000.00000000000 );
#11324 = CARTESIAN_POINT( '', ( 31.8000000000000, -85.7275201964504, 9.82209682357557 ) );
#11325 = VECTOR( '', #13768, 1000.00000000000 );
#11326 = CARTESIAN_POINT( '', ( 31.8000000000000, -86.6007713845337, 9.63937592120457 ) );
#11327 = VECTOR( '', #13769, 1000.00000000000 );
#11328 = CARTESIAN_POINT( '', ( 31.8000000000000, -87.8661208673317, 8.22236606625246 ) );
#11329 = VECTOR( '', #13770, 1000.00000000000 );
#11330 = CARTESIAN_POINT( '', ( 31.8000000000000, -82.7791739473911, 27.2069758175018 ) );
#11331 = VECTOR( '', #13771, 1000.00000000000 );
#11332 = CARTESIAN_POINT( '', ( 31.8000000000000, -83.3415291059273, 29.0215786318710 ) );
#11333 = VECTOR( '', #13772, 1000.00000000000 );
#11334 = CARTESIAN_POINT( '', ( 31.8000000000000, -82.0607417327634, 26.6780053848336 ) );
#11335 = VECTOR( '', #13773, 1000.00000000000 );
#11336 = CARTESIAN_POINT( '', ( 31.8000000000000, -81.4742056614676, 24.9388008818377 ) );
#11337 = VECTOR( '', #13774, 1000.00000000000 );
#11338 = CARTESIAN_POINT( '', ( 31.8000000000000, -82.0233970424429, 23.0684268039421 ) );
#11339 = VECTOR( '', #13775, 1000.00000000000 );
#11340 = CARTESIAN_POINT( '', ( 31.8000000000000, -83.4571075287756, 21.9224202125333 ) );
#11341 = VECTOR( '', #13776, 1000.00000000000 );
#11342 = CARTESIAN_POINT( '', ( 31.8000000000000, -84.3474741745585, 21.8658357470907 ) );
#11343 = VECTOR( '', #13777, 1000.00000000000 );
#11344 = CARTESIAN_POINT( '', ( 31.8000000000000, -85.8016057524441, 20.6433270163061 ) );
#11345 = VECTOR( '', #13778, 1000.00000000000 );
#11346 = CARTESIAN_POINT( '', ( 31.8000000000000, -78.0646449509463, 38.7107527856184 ) );
#11347 = VECTOR( '', #13779, 1000.00000000000 );
#11348 = CARTESIAN_POINT( '', ( 31.8000000000000, -78.3630312387606, 40.5869170432177 ) );
#11349 = VECTOR( '', #13780, 1000.00000000000 );
#11350 = CARTESIAN_POINT( '', ( 31.8000000000000, -77.4288056819463, 38.0849229448073 ) );
#11351 = VECTOR( '', #13781, 1000.00000000000 );
#11352 = CARTESIAN_POINT( '', ( 31.8000000000000, -77.0957543097092, 36.2799482497982 ) );
#11353 = VECTOR( '', #13782, 1000.00000000000 );
#11354 = CARTESIAN_POINT( '', ( 31.8000000000000, -77.9055376987009, 34.5067699657234 ) );
#11355 = VECTOR( '', #13783, 1000.00000000000 );
#11356 = CARTESIAN_POINT( '', ( 31.8000000000000, -79.4877488222391, 33.5764663450032 ) );
#11357 = VECTOR( '', #13784, 1000.00000000000 );
#11358 = CARTESIAN_POINT( '', ( 31.8000000000000, -80.3771056284188, 33.6471702130293 ) );
#11359 = VECTOR( '', #13785, 1000.00000000000 );
#11360 = CARTESIAN_POINT( '', ( 31.8000000000000, -81.9904173758354, 32.6440493587469 ) );
#11361 = VECTOR( '', #13786, 1000.00000000000 );
#11362 = CARTESIAN_POINT( '', ( 31.8000000000000, -71.7609449031463, 49.4264904596125 ) );
#11363 = VECTOR( '', #13787, 1000.00000000000 );
#11364 = CARTESIAN_POINT( '', ( 31.8000000000000, -71.7892880358938, 51.3260228665682 ) );
#11365 = VECTOR( '', #13788, 1000.00000000000 );
#11366 = CARTESIAN_POINT( '', ( 31.8000000000000, -71.2206424336818, 48.7165413014733 ) );
#11367 = VECTOR( '', #13789, 1000.00000000000 );
#11368 = CARTESIAN_POINT( '', ( 31.8000000000000, -71.1478557260013, 46.8825404941241 ) );
#11369 = VECTOR( '', #13790, 1000.00000000000 );
#11370 = CARTESIAN_POINT( '', ( 31.8000000000000, -72.2017462684321, 45.2426548003100 ) );
#11371 = VECTOR( '', #13791, 1000.00000000000 );
#11372 = CARTESIAN_POINT( '', ( 31.8000000000000, -73.9002487734205, 44.5469924492223 ) );
#11373 = VECTOR( '', #13792, 1000.00000000000 );
#11374 = CARTESIAN_POINT( '', ( 31.8000000000000, -74.7704910001166, 44.7435453238571 ) );
#11375 = VECTOR( '', #13793, 1000.00000000000 );
#11376 = CARTESIAN_POINT( '', ( 31.8000000000000, -76.5101405422936, 43.9802329939084 ) );
#11377 = VECTOR( '', #13794, 1000.00000000000 );
#11378 = CARTESIAN_POINT( '', ( 31.8000000000000, -63.9963989585946, 59.1360473220772 ) );
#11379 = VECTOR( '', #13795, 1000.00000000000 );
#11380 = CARTESIAN_POINT( '', ( 31.8000000000000, -63.7541219518274, 61.0202788763827 ) );
#11381 = VECTOR( '', #13796, 1000.00000000000 );
#11382 = CARTESIAN_POINT( '', ( 31.8000000000000, -63.5626322888403, 58.3564313641451 ) );
#11383 = VECTOR( '', #13797, 1000.00000000000 );
#11384 = CARTESIAN_POINT( '', ( 31.8000000000000, -63.7515919731852, 56.5307394120720 ) );
#11385 = VECTOR( '', #13798, 1000.00000000000 );
#11386 = CARTESIAN_POINT( '', ( 31.8000000000000, -65.0281354967806, 55.0575296522048 ) );
#11387 = VECTOR( '', #13799, 1000.00000000000 );
#11388 = CARTESIAN_POINT( '', ( 31.8000000000000, -66.8083527702944, 54.6106702500930 ) );
#11389 = VECTOR( '', #13800, 1000.00000000000 );
#11390 = CARTESIAN_POINT( '', ( 31.8000000000000, -67.6417647953426, 54.9290708816207 ) );
#11391 = VECTOR( '', #13801, 1000.00000000000 );
#11392 = CARTESIAN_POINT( '', ( 31.8000000000000, -69.4723378843364, 54.4211059138326 ) );
#11393 = VECTOR( '', #13802, 1000.00000000000 );
#11394 = CARTESIAN_POINT( '', ( 31.8000000000000, -54.9290708816208, 67.6417647953426 ) );
#11395 = VECTOR( '', #13803, 1000.00000000000 );
#11396 = CARTESIAN_POINT( '', ( 31.8000000000000, -54.4211057965274, 69.4723379762274 ) );
#11397 = VECTOR( '', #13804, 1000.00000000000 );
#11398 = CARTESIAN_POINT( '', ( 31.8000000000000, -54.6106702500931, 66.8083527702944 ) );
#11399 = VECTOR( '', #13805, 1000.00000000000 );
#11400 = CARTESIAN_POINT( '', ( 31.8000000000000, -55.0575296522047, 65.0281354967807 ) );
#11401 = VECTOR( '', #13806, 1000.00000000000 );
#11402 = CARTESIAN_POINT( '', ( 31.8000000000000, -56.5307394120719, 63.7515919731852 ) );
#11403 = VECTOR( '', #13807, 1000.00000000000 );
#11404 = CARTESIAN_POINT( '', ( 31.8000000000000, -58.3564313641451, 63.5626322888403 ) );
#11405 = VECTOR( '', #13808, 1000.00000000000 );
#11406 = CARTESIAN_POINT( '', ( 31.8000000000000, -59.1360473220772, 63.9963989585946 ) );
#11407 = VECTOR( '', #13809, 1000.00000000000 );
#11408 = CARTESIAN_POINT( '', ( 31.8000000000000, -61.0202787687328, 63.7541220548611 ) );
#11409 = VECTOR( '', #13810, 1000.00000000000 );
#11410 = CARTESIAN_POINT( '', ( 31.8000000000000, -44.7435453238570, 74.7704910001166 ) );
#11411 = VECTOR( '', #13811, 1000.00000000000 );
#11412 = CARTESIAN_POINT( '', ( 31.8000000000000, -43.9802328647197, 76.5101406165551 ) );
#11413 = VECTOR( '', #13812, 1000.00000000000 );
#11414 = CARTESIAN_POINT( '', ( 31.8000000000000, -44.5469924492222, 73.9002487734206 ) );
#11415 = VECTOR( '', #13813, 1000.00000000000 );
#11416 = CARTESIAN_POINT( '', ( 31.8000000000000, -45.2426548003099, 72.2017462684323 ) );
#11417 = VECTOR( '', #13814, 1000.00000000000 );
#11418 = CARTESIAN_POINT( '', ( 31.8000000000000, -46.8825404941239, 71.1478557260013 ) );
#11419 = VECTOR( '', #13815, 1000.00000000000 );
#11420 = CARTESIAN_POINT( '', ( 31.8000000000000, -48.7165413014732, 71.2206424336818 ) );
#11421 = VECTOR( '', #13816, 1000.00000000000 );
#11422 = CARTESIAN_POINT( '', ( 31.8000000000000, -49.4264904596125, 71.7609449031463 ) );
#11423 = VECTOR( '', #13817, 1000.00000000000 );
#11424 = CARTESIAN_POINT( '', ( 31.8000000000000, -51.3260227453507, 71.7892881225586 ) );
#11425 = VECTOR( '', #13818, 1000.00000000000 );
#11426 = CARTESIAN_POINT( '', ( 31.8000000000000, -33.6471702130293, 80.3771056284188 ) );
#11427 = VECTOR( '', #13819, 1000.00000000000 );
#11428 = CARTESIAN_POINT( '', ( 31.8000000000000, -32.6440492203048, 81.9904174309554 ) );
#11429 = VECTOR( '', #13820, 1000.00000000000 );
#11430 = CARTESIAN_POINT( '', ( 31.8000000000000, -33.5764663450033, 79.4877488222391 ) );
#11431 = VECTOR( '', #13821, 1000.00000000000 );
#11432 = CARTESIAN_POINT( '', ( 31.8000000000000, -34.5067699657234, 77.9055376987010 ) );
#11433 = VECTOR( '', #13822, 1000.00000000000 );
#11434 = CARTESIAN_POINT( '', ( 31.8000000000000, -36.2799482497981, 77.0957543097092 ) );
#11435 = VECTOR( '', #13823, 1000.00000000000 );
#11436 = CARTESIAN_POINT( '', ( 31.8000000000000, -38.0849229448073, 77.4288056819462 ) );
#11437 = VECTOR( '', #13824, 1000.00000000000 );
#11438 = CARTESIAN_POINT( '', ( 31.8000000000000, -38.7107527856184, 78.0646449509462 ) );
#11439 = VECTOR( '', #13825, 1000.00000000000 );
#11440 = CARTESIAN_POINT( '', ( 31.8000000000000, -40.5869169109004, 78.3630313072922 ) );
#11441 = VECTOR( '', #13826, 1000.00000000000 );
#11442 = CARTESIAN_POINT( '', ( 31.8000000000000, -21.8658357470907, 84.3474741745585 ) );
#11443 = VECTOR( '', #13827, 1000.00000000000 );
#11444 = CARTESIAN_POINT( '', ( 31.8000000000000, -20.6433268714286, 85.8016057873007 ) );
#11445 = VECTOR( '', #13828, 1000.00000000000 );
#11446 = CARTESIAN_POINT( '', ( 31.8000000000000, -21.9224202125333, 83.4571075287757 ) );
#11447 = VECTOR( '', #13829, 1000.00000000000 );
#11448 = CARTESIAN_POINT( '', ( 31.8000000000000, -23.0684268039420, 82.0233970424430 ) );
#11449 = VECTOR( '', #13830, 1000.00000000000 );
#11450 = CARTESIAN_POINT( '', ( 31.8000000000000, -24.9388008818376, 81.4742056614676 ) );
#11451 = VECTOR( '', #13831, 1000.00000000000 );
#11452 = CARTESIAN_POINT( '', ( 31.8000000000000, -26.6780053848336, 82.0607417327634 ) );
#11453 = VECTOR( '', #13832, 1000.00000000000 );
#11454 = CARTESIAN_POINT( '', ( 31.8000000000000, -27.2069758175018, 82.7791739473911 ) );
#11455 = VECTOR( '', #13833, 1000.00000000000 );
#11456 = CARTESIAN_POINT( '', ( 31.8000000000000, -29.0215784911474, 83.3415291549307 ) );
#11457 = VECTOR( '', #13834, 1000.00000000000 );
#11458 = CARTESIAN_POINT( '', ( 31.8000000000000, -9.63937592120461, 86.6007713845337 ) );
#11459 = VECTOR( '', #13835, 1000.00000000000 );
#11460 = CARTESIAN_POINT( '', ( 31.8000000000000, -8.22236591788909, 87.8661208812153 ) );
#11461 = VECTOR( '', #13836, 1000.00000000000 );
#11462 = CARTESIAN_POINT( '', ( 31.8000000000000, -9.82209682357560, 85.7275201964504 ) );
#11463 = VECTOR( '', #13837, 1000.00000000000 );
#11464 = CARTESIAN_POINT( '', ( 31.8000000000000, -11.1604769962819, 84.4714965583453 ) );
#11465 = VECTOR( '', #13838, 1000.00000000000 );
#11466 = CARTESIAN_POINT( '', ( 31.8000000000000, -13.0899714454859, 84.1940771381659 ) );
#11467 = VECTOR( '', #13839, 1000.00000000000 );
#11468 = CARTESIAN_POINT( '', ( 31.8000000000000, -14.7280005682393, 85.0221577255391 ) );
#11469 = VECTOR( '', #13840, 1000.00000000000 );
#11470 = CARTESIAN_POINT( '', ( 31.8000000000000, -15.1493432801803, 85.8085576776921 ) );
#11471 = VECTOR( '', #13841, 1000.00000000000 );
#11472 = CARTESIAN_POINT( '', ( 31.8000000000000, -16.8654444246360, 86.6234338060984 ) );
#11473 = VECTOR( '', #13842, 1000.00000000000 );
#11474 = CARTESIAN_POINT( '', ( 31.8000000000000, 2.78331380077261, 87.0911266251218 ) );
#11475 = VECTOR( '', #13843, 1000.00000000000 );
#11476 = CARTESIAN_POINT( '', ( 31.8000000000000, 4.36597869439352, 88.1419351389570 ) );
#11477 = VECTOR( '', #13844, 1000.00000000000 );
#11478 = CARTESIAN_POINT( '', ( 31.8000000000000, 2.47817613212194, 86.2527677706791 ) );
#11479 = VECTOR( '', #13845, 1000.00000000000 );
#11480 = CARTESIAN_POINT( '', ( 31.8000000000000, 0.974667938864545, 85.2000000000001 ) );
#11481 = VECTOR( '', #13846, 1000.00000000000 );
#11482 = CARTESIAN_POINT( '', ( 31.8000000000000, -0.974667938864422, 85.2000000000001 ) );
#11483 = VECTOR( '', #13847, 1000.00000000000 );
#11484 = CARTESIAN_POINT( '', ( 31.8000000000000, -2.47817613212192, 86.2527677706790 ) );
#11485 = VECTOR( '', #13848, 1000.00000000000 );
#11486 = CARTESIAN_POINT( '', ( 31.8000000000000, -2.78331380077260, 87.0911266251217 ) );
#11487 = VECTOR( '', #13849, 1000.00000000000 );
#11488 = CARTESIAN_POINT( '', ( 31.8000000000000, -4.36597854556436, 88.1419351463290 ) );
#11489 = VECTOR( '', #13850, 1000.00000000000 );
#11490 = CARTESIAN_POINT( '', ( 31.8000000000000, 15.1493432801802, 85.8085576776922 ) );
#11491 = VECTOR( '', #13851, 1000.00000000000 );
#11492 = CARTESIAN_POINT( '', ( 31.8000000000000, 16.8654445709010, 86.6234337776209 ) );
#11493 = VECTOR( '', #13852, 1000.00000000000 );
#11494 = CARTESIAN_POINT( '', ( 31.8000000000000, 14.7280005682392, 85.0221577255391 ) );
#11495 = VECTOR( '', #13853, 1000.00000000000 );
#11496 = CARTESIAN_POINT( '', ( 31.8000000000000, 13.0899714454859, 84.1940771381659 ) );
#11497 = VECTOR( '', #13854, 1000.00000000000 );
#11498 = CARTESIAN_POINT( '', ( 31.8000000000000, 11.1604769962820, 84.4714965583452 ) );
#11499 = VECTOR( '', #13855, 1000.00000000000 );
#11500 = CARTESIAN_POINT( '', ( 31.8000000000000, 9.82209682357553, 85.7275201964504 ) );
#11501 = VECTOR( '', #13856, 1000.00000000000 );
#11502 = CARTESIAN_POINT( '', ( 31.8000000000000, 9.63937592120453, 86.6007713845337 ) );
#11503 = VECTOR( '', #13857, 1000.00000000000 );
#11504 = CARTESIAN_POINT( '', ( 31.8000000000000, 8.22236606625242, 87.8661208673317 ) );
#11505 = VECTOR( '', #13858, 1000.00000000000 );
#11506 = CARTESIAN_POINT( '', ( 31.8000000000000, 27.2069758175018, 82.7791739473911 ) );
#11507 = VECTOR( '', #13859, 1000.00000000000 );
#11508 = CARTESIAN_POINT( '', ( 31.8000000000000, 29.0215786318710, 83.3415291059273 ) );
#11509 = VECTOR( '', #13860, 1000.00000000000 );
#11510 = CARTESIAN_POINT( '', ( 31.8000000000000, 26.6780053848336, 82.0607417327634 ) );
#11511 = VECTOR( '', #13861, 1000.00000000000 );
#11512 = CARTESIAN_POINT( '', ( 31.8000000000000, 24.9388008818377, 81.4742056614676 ) );
#11513 = VECTOR( '', #13862, 1000.00000000000 );
#11514 = CARTESIAN_POINT( '', ( 31.8000000000000, 23.0684268039421, 82.0233970424429 ) );
#11515 = VECTOR( '', #13863, 1000.00000000000 );
#11516 = CARTESIAN_POINT( '', ( 31.8000000000000, 21.9224202125333, 83.4571075287756 ) );
#11517 = VECTOR( '', #13864, 1000.00000000000 );
#11518 = CARTESIAN_POINT( '', ( 31.8000000000000, 21.8658357470907, 84.3474741745585 ) );
#11519 = VECTOR( '', #13865, 1000.00000000000 );
#11520 = CARTESIAN_POINT( '', ( 31.8000000000000, 20.6433270163061, 85.8016057524441 ) );
#11521 = VECTOR( '', #13866, 1000.00000000000 );
#11522 = CARTESIAN_POINT( '', ( 31.8000000000000, 38.7107527856184, 78.0646449509463 ) );
#11523 = VECTOR( '', #13867, 1000.00000000000 );
#11524 = CARTESIAN_POINT( '', ( 31.8000000000000, 40.5869170432177, 78.3630312387606 ) );
#11525 = VECTOR( '', #13868, 1000.00000000000 );
#11526 = CARTESIAN_POINT( '', ( 31.8000000000000, 38.0849229448073, 77.4288056819463 ) );
#11527 = VECTOR( '', #13869, 1000.00000000000 );
#11528 = CARTESIAN_POINT( '', ( 31.8000000000000, 36.2799482497982, 77.0957543097092 ) );
#11529 = VECTOR( '', #13870, 1000.00000000000 );
#11530 = CARTESIAN_POINT( '', ( 31.8000000000000, 34.5067699657234, 77.9055376987009 ) );
#11531 = VECTOR( '', #13871, 1000.00000000000 );
#11532 = CARTESIAN_POINT( '', ( 31.8000000000000, 33.5764663450033, 79.4877488222390 ) );
#11533 = VECTOR( '', #13872, 1000.00000000000 );
#11534 = CARTESIAN_POINT( '', ( 31.8000000000000, 33.6471702130293, 80.3771056284188 ) );
#11535 = VECTOR( '', #13873, 1000.00000000000 );
#11536 = CARTESIAN_POINT( '', ( 31.8000000000000, 32.6440493587469, 81.9904173758354 ) );
#11537 = VECTOR( '', #13874, 1000.00000000000 );
#11538 = CARTESIAN_POINT( '', ( 31.8000000000000, 49.4264904596125, 71.7609449031463 ) );
#11539 = VECTOR( '', #13875, 1000.00000000000 );
#11540 = CARTESIAN_POINT( '', ( 31.8000000000000, 51.3260228665682, 71.7892880358938 ) );
#11541 = VECTOR( '', #13876, 1000.00000000000 );
#11542 = CARTESIAN_POINT( '', ( 31.8000000000000, 48.7165413014732, 71.2206424336818 ) );
#11543 = VECTOR( '', #13877, 1000.00000000000 );
#11544 = CARTESIAN_POINT( '', ( 31.8000000000000, 46.8825404941241, 71.1478557260013 ) );
#11545 = VECTOR( '', #13878, 1000.00000000000 );
#11546 = CARTESIAN_POINT( '', ( 31.8000000000000, 45.2426548003100, 72.2017462684321 ) );
#11547 = VECTOR( '', #13879, 1000.00000000000 );
#11548 = CARTESIAN_POINT( '', ( 31.8000000000000, 44.5469924492222, 73.9002487734205 ) );
#11549 = VECTOR( '', #13880, 1000.00000000000 );
#11550 = CARTESIAN_POINT( '', ( 31.8000000000000, 44.7435453238570, 74.7704910001166 ) );
#11551 = VECTOR( '', #13881, 1000.00000000000 );
#11552 = CARTESIAN_POINT( '', ( 31.8000000000000, 43.9802329939084, 76.5101405422937 ) );
#11553 = VECTOR( '', #13882, 1000.00000000000 );
#11554 = CARTESIAN_POINT( '', ( 31.8000000000000, 59.1360473220772, 63.9963989585946 ) );
#11555 = VECTOR( '', #13883, 1000.00000000000 );
#11556 = CARTESIAN_POINT( '', ( 31.8000000000000, 61.0202788763827, 63.7541219518275 ) );
#11557 = VECTOR( '', #13884, 1000.00000000000 );
#11558 = CARTESIAN_POINT( '', ( 31.8000000000000, 58.3564313641451, 63.5626322888404 ) );
#11559 = VECTOR( '', #13885, 1000.00000000000 );
#11560 = CARTESIAN_POINT( '', ( 31.8000000000000, 56.5307394120720, 63.7515919731852 ) );
#11561 = VECTOR( '', #13886, 1000.00000000000 );
#11562 = CARTESIAN_POINT( '', ( 31.8000000000000, 55.0575296522048, 65.0281354967806 ) );
#11563 = VECTOR( '', #13887, 1000.00000000000 );
#11564 = CARTESIAN_POINT( '', ( 31.8000000000000, 54.6106702500930, 66.8083527702944 ) );
#11565 = VECTOR( '', #13888, 1000.00000000000 );
#11566 = CARTESIAN_POINT( '', ( 31.8000000000000, 54.9290708816207, 67.6417647953426 ) );
#11567 = VECTOR( '', #13889, 1000.00000000000 );
#11568 = CARTESIAN_POINT( '', ( 31.8000000000000, 54.4211059138326, 69.4723378843365 ) );
#11569 = VECTOR( '', #13890, 1000.00000000000 );
#11570 = CARTESIAN_POINT( '', ( 31.8000000000000, 67.6417647953426, 54.9290708816208 ) );
#11571 = VECTOR( '', #13891, 1000.00000000000 );
#11572 = CARTESIAN_POINT( '', ( 31.8000000000000, 69.4723379762274, 54.4211057965275 ) );
#11573 = VECTOR( '', #13892, 1000.00000000000 );
#11574 = CARTESIAN_POINT( '', ( 31.8000000000000, 66.8083527702944, 54.6106702500931 ) );
#11575 = VECTOR( '', #13893, 1000.00000000000 );
#11576 = CARTESIAN_POINT( '', ( 31.8000000000000, 65.0281354967807, 55.0575296522048 ) );
#11577 = VECTOR( '', #13894, 1000.00000000000 );
#11578 = CARTESIAN_POINT( '', ( 31.8000000000000, 63.7515919731851, 56.5307394120719 ) );
#11579 = VECTOR( '', #13895, 1000.00000000000 );
#11580 = CARTESIAN_POINT( '', ( 31.8000000000000, 63.5626322888403, 58.3564313641451 ) );
#11581 = VECTOR( '', #13896, 1000.00000000000 );
#11582 = CARTESIAN_POINT( '', ( 31.8000000000000, 63.9963989585946, 59.1360473220772 ) );
#11583 = VECTOR( '', #13897, 1000.00000000000 );
#11584 = CARTESIAN_POINT( '', ( 31.8000000000000, 63.7541220548611, 61.0202787687329 ) );
#11585 = VECTOR( '', #13898, 1000.00000000000 );
#11586 = CARTESIAN_POINT( '', ( 31.8000000000000, 74.7704910001166, 44.7435453238571 ) );
#11587 = VECTOR( '', #13899, 1000.00000000000 );
#11588 = CARTESIAN_POINT( '', ( 31.8000000000000, 76.5101406165550, 43.9802328647198 ) );
#11589 = VECTOR( '', #13900, 1000.00000000000 );
#11590 = CARTESIAN_POINT( '', ( 31.8000000000000, 73.9002487734205, 44.5469924492223 ) );
#11591 = VECTOR( '', #13901, 1000.00000000000 );
#11592 = CARTESIAN_POINT( '', ( 31.8000000000000, 72.2017462684322, 45.2426548003099 ) );
#11593 = VECTOR( '', #13902, 1000.00000000000 );
#11594 = CARTESIAN_POINT( '', ( 31.8000000000000, 71.1478557260013, 46.8825404941240 ) );
#11595 = VECTOR( '', #13903, 1000.00000000000 );
#11596 = CARTESIAN_POINT( '', ( 31.8000000000000, 71.2206424336818, 48.7165413014732 ) );
#11597 = VECTOR( '', #13904, 1000.00000000000 );
#11598 = CARTESIAN_POINT( '', ( 31.8000000000000, 71.7609449031463, 49.4264904596125 ) );
#11599 = VECTOR( '', #13905, 1000.00000000000 );
#11600 = CARTESIAN_POINT( '', ( 31.8000000000000, 71.7892881225586, 51.3260227453508 ) );
#11601 = VECTOR( '', #13906, 1000.00000000000 );
#11602 = CARTESIAN_POINT( '', ( 31.8000000000000, 80.3771056284188, 33.6471702130294 ) );
#11603 = VECTOR( '', #13907, 1000.00000000000 );
#11604 = CARTESIAN_POINT( '', ( 31.8000000000000, 81.9904174309554, 32.6440492203048 ) );
#11605 = VECTOR( '', #13908, 1000.00000000000 );
#11606 = CARTESIAN_POINT( '', ( 31.8000000000000, 79.4877488222391, 33.5764663450033 ) );
#11607 = VECTOR( '', #13909, 1000.00000000000 );
#11608 = CARTESIAN_POINT( '', ( 31.8000000000000, 77.9055376987010, 34.5067699657234 ) );
#11609 = VECTOR( '', #13910, 1000.00000000000 );
#11610 = CARTESIAN_POINT( '', ( 31.8000000000000, 77.0957543097092, 36.2799482497981 ) );
#11611 = VECTOR( '', #13911, 1000.00000000000 );
#11612 = CARTESIAN_POINT( '', ( 31.8000000000000, 77.4288056819462, 38.0849229448073 ) );
#11613 = VECTOR( '', #13912, 1000.00000000000 );
#11614 = CARTESIAN_POINT( '', ( 31.8000000000000, 78.0646449509462, 38.7107527856185 ) );
#11615 = VECTOR( '', #13913, 1000.00000000000 );
#11616 = CARTESIAN_POINT( '', ( 31.8000000000000, 78.3630313072922, 40.5869169109005 ) );
#11617 = VECTOR( '', #13914, 1000.00000000000 );
#11618 = CARTESIAN_POINT( '', ( 31.8000000000000, 84.3474741745585, 21.8658357470907 ) );
#11619 = VECTOR( '', #13915, 1000.00000000000 );
#11620 = CARTESIAN_POINT( '', ( 31.8000000000000, 85.8016057873007, 20.6433268714287 ) );
#11621 = VECTOR( '', #13916, 1000.00000000000 );
#11622 = CARTESIAN_POINT( '', ( 31.8000000000000, 83.4571075287757, 21.9224202125333 ) );
#11623 = VECTOR( '', #13917, 1000.00000000000 );
#11624 = CARTESIAN_POINT( '', ( 31.8000000000000, 82.0233970424430, 23.0684268039420 ) );
#11625 = VECTOR( '', #13918, 1000.00000000000 );
#11626 = CARTESIAN_POINT( '', ( 31.8000000000000, 81.4742056614676, 24.9388008818376 ) );
#11627 = VECTOR( '', #13919, 1000.00000000000 );
#11628 = CARTESIAN_POINT( '', ( 31.8000000000000, 82.0607417327634, 26.6780053848336 ) );
#11629 = VECTOR( '', #13920, 1000.00000000000 );
#11630 = CARTESIAN_POINT( '', ( 31.8000000000000, 82.7791739473911, 27.2069758175018 ) );
#11631 = VECTOR( '', #13921, 1000.00000000000 );
#11632 = CARTESIAN_POINT( '', ( 31.8000000000000, 83.3415291549307, 29.0215784911474 ) );
#11633 = VECTOR( '', #13922, 1000.00000000000 );
#11634 = CARTESIAN_POINT( '', ( 31.8000000000000, 86.6007713845337, 9.63937592120457 ) );
#11635 = VECTOR( '', #13923, 1000.00000000000 );
#11636 = CARTESIAN_POINT( '', ( 31.8000000000000, 87.8661208812153, 8.22236591788905 ) );
#11637 = VECTOR( '', #13924, 1000.00000000000 );
#11638 = CARTESIAN_POINT( '', ( 31.8000000000000, 85.7275201964504, 9.82209682357557 ) );
#11639 = VECTOR( '', #13925, 1000.00000000000 );
#11640 = CARTESIAN_POINT( '', ( 31.8000000000000, 84.4714965583453, 11.1604769962819 ) );
#11641 = VECTOR( '', #13926, 1000.00000000000 );
#11642 = CARTESIAN_POINT( '', ( 31.8000000000000, 84.1940771381659, 13.0899714454858 ) );
#11643 = VECTOR( '', #13927, 1000.00000000000 );
#11644 = CARTESIAN_POINT( '', ( 31.8000000000000, 85.0221577255391, 14.7280005682392 ) );
#11645 = VECTOR( '', #13928, 1000.00000000000 );
#11646 = CARTESIAN_POINT( '', ( 31.8000000000000, 85.8085576776921, 15.1493432801802 ) );
#11647 = VECTOR( '', #13929, 1000.00000000000 );
#11648 = CARTESIAN_POINT( '', ( 31.8000000000000, 86.6234338060984, 16.8654444246359 ) );
#11649 = VECTOR( '', #13930, 1000.00000000000 );
#11650 = CARTESIAN_POINT( '', ( 31.8000000000000, 87.0911266251218, -2.78331380077261 ) );
#11651 = VECTOR( '', #13931, 1000.00000000000 );
#11652 = CARTESIAN_POINT( '', ( 31.8000000000000, 88.1419351389570, -4.36597869439351 ) );
#11653 = VECTOR( '', #13932, 1000.00000000000 );
#11654 = CARTESIAN_POINT( '', ( 31.8000000000000, 86.2527677706791, -2.47817613212194 ) );
#11655 = VECTOR( '', #13933, 1000.00000000000 );
#11656 = CARTESIAN_POINT( '', ( 31.8000000000000, 85.2000000000001, -0.974667938864540 ) );
#11657 = VECTOR( '', #13934, 1000.00000000000 );
#11658 = CARTESIAN_POINT( '', ( 31.8000000000000, 85.2000000000001, 0.974667938864428 ) );
#11659 = VECTOR( '', #13935, 1000.00000000000 );
#11660 = CARTESIAN_POINT( '', ( 31.8000000000000, 86.2527677706790, 2.47817613212192 ) );
#11661 = VECTOR( '', #13936, 1000.00000000000 );
#11662 = CARTESIAN_POINT( '', ( 31.8000000000000, 87.0911266251217, 2.78331380077260 ) );
#11663 = VECTOR( '', #13937, 1000.00000000000 );
#11664 = CARTESIAN_POINT( '', ( 31.8000000000000, 88.1419351463290, 4.36597854556437 ) );
#11665 = VECTOR( '', #13938, 1000.00000000000 );
#11666 = CARTESIAN_POINT( '', ( 50.0000000000000, 0.000000000000000, -40.0000000000000 ) );
#11667 = AXIS2_PLACEMENT_3D( '', #13939, #13940, #13941 );
#11668 = CARTESIAN_POINT( '', ( 31.8000000000000, 0.000000000000000, -75.0000000000000 ) );
#11669 = AXIS2_PLACEMENT_3D( '', #13942, #13943, #13944 );
#11670 = CARTESIAN_POINT( '', ( 0.000000000000000, 0.000000000000000, -82.5000000000000 ) );
#11671 = AXIS2_PLACEMENT_3D( '', #13945, #13946, #13947 );
#11672 = CARTESIAN_POINT( '', ( 47.7000000000000, -49.4382351166892, -41.3731302725206 ) );
#11673 = VECTOR( '', #13948, 1000.00000000000 );
#11674 = CARTESIAN_POINT( '', ( 47.7000000000000, -50.0761787671674, -48.9119241093488 ) );
#11675 = VECTOR( '', #13949, 1000.00000000000 );
#11676 = CARTESIAN_POINT( '', ( 47.7000000000000, -35.7733821557329, -31.4450334574459 ) );
#11677 = VECTOR( '', #13950, 1000.00000000000 );
#11678 = CARTESIAN_POINT( '', ( 47.7000000000000, 11.7627719832723, -69.0046172025434 ) );
#11679 = VECTOR( '', #13951, 1000.00000000000 );
#11680 = CARTESIAN_POINT( '', ( 47.7000000000000, 15.6778565659430, -62.5306310019155 ) );
#11681 = VECTOR( '', #13952, 1000.00000000000 );
#11682 = CARTESIAN_POINT( '', ( 47.7000000000000, 10.4583471861273, -46.4666329115251 ) );
#11683 = VECTOR( '', #13953, 1000.00000000000 );
#11684 = CARTESIAN_POINT( '', ( 47.7000000000000, 7.12985403491424, -44.4315786512343 ) );
#11685 = VECTOR( '', #13954, 1000.00000000000 );
#11686 = CARTESIAN_POINT( '', ( 47.7000000000000, -31.8843997489270, -31.7550791630350 ) );
#11687 = VECTOR( '', #13955, 1000.00000000000 );
#11688 = CARTESIAN_POINT( '', ( 47.7000000000000, -40.0536963413357, 20.5110070302770 ) );
#11689 = VECTOR( '', #13956, 1000.00000000000 );
#11690 = CARTESIAN_POINT( '', ( 47.7000000000000, -40.9605870072140, 24.3054584820870 ) );
#11691 = VECTOR( '', #13957, 1000.00000000000 );
#11692 = CARTESIAN_POINT( '', ( 47.7000000000000, -40.0536963413357, -20.5110070302770 ) );
#11693 = VECTOR( '', #13958, 1000.00000000000 );
#11694 = CARTESIAN_POINT( '', ( 47.7000000000000, -40.9605870072140, -24.3054584820869 ) );
#11695 = VECTOR( '', #13959, 1000.00000000000 );
#11696 = CARTESIAN_POINT( '', ( 47.7000000000000, -54.6254399681703, -34.2335552971617 ) );
#11697 = VECTOR( '', #13960, 1000.00000000000 );
#11698 = CARTESIAN_POINT( '', ( 47.7000000000000, -61.9923944011429, -32.5106603503090 ) );
#11699 = VECTOR( '', #13961, 1000.00000000000 );
#11700 = CARTESIAN_POINT( '', ( 47.7000000000000, -61.9923944011428, 32.5106603503091 ) );
#11701 = VECTOR( '', #13962, 1000.00000000000 );
#11702 = CARTESIAN_POINT( '', ( 47.7000000000000, -54.6254399681703, 34.2335552971617 ) );
#11703 = VECTOR( '', #13963, 1000.00000000000 );
#11704 = CARTESIAN_POINT( '', ( 47.7000000000000, 10.4583471861273, 46.4666329115251 ) );
#11705 = VECTOR( '', #13964, 1000.00000000000 );
#11706 = CARTESIAN_POINT( '', ( 47.7000000000000, 15.6778565659430, 62.5306310019155 ) );
#11707 = VECTOR( '', #13965, 1000.00000000000 );
#11708 = CARTESIAN_POINT( '', ( 47.7000000000000, 7.12985403491424, 44.4315786512343 ) );
#11709 = VECTOR( '', #13966, 1000.00000000000 );
#11710 = CARTESIAN_POINT( '', ( 47.7000000000000, -33.6001896569532, 29.9337143538314 ) );
#11711 = VECTOR( '', #13967, 1000.00000000000 );
#11712 = CARTESIAN_POINT( '', ( 47.7000000000000, -37.6035581734486, 29.5022441976211 ) );
#11713 = VECTOR( '', #13968, 1000.00000000000 );
#11714 = CARTESIAN_POINT( '', ( 47.7000000000000, -51.2630817037544, 39.4264689546782 ) );
#11715 = VECTOR( '', #13969, 1000.00000000000 );
#11716 = CARTESIAN_POINT( '', ( 47.7000000000000, -52.0413981686222, 46.8155196132109 ) );
#11717 = VECTOR( '', #13970, 1000.00000000000 );
#11718 = CARTESIAN_POINT( '', ( 47.7000000000000, 11.7627719832724, 69.0046172025433 ) );
#11719 = VECTOR( '', #13971, 1000.00000000000 );
#11720 = CARTESIAN_POINT( '', ( 47.7000000000000, 64.3148881966687, 4.41250000000000 ) );
#11721 = VECTOR( '', #13972, 1000.00000000000 );
#11722 = CARTESIAN_POINT( '', ( 47.7000000000000, 47.4242010343875, 4.41250000000000 ) );
#11723 = VECTOR( '', #13973, 1000.00000000000 );
#11724 = CARTESIAN_POINT( '', ( 47.7000000000000, 44.4601884697383, 6.94921874999999 ) );
#11725 = VECTOR( '', #13974, 1000.00000000000 );
#11726 = CARTESIAN_POINT( '', ( 47.7000000000000, 20.3480535856102, 40.1367252684762 ) );
#11727 = VECTOR( '', #13975, 1000.00000000000 );
#11728 = CARTESIAN_POINT( '', ( 47.7000000000000, 18.8514209424321, 43.7395579361661 ) );
#11729 = VECTOR( '', #13976, 1000.00000000000 );
#11730 = CARTESIAN_POINT( '', ( 47.7000000000000, 24.0709303222477, 59.8035560265566 ) );
#11731 = VECTOR( '', #13977, 1000.00000000000 );
#11732 = CARTESIAN_POINT( '', ( 47.7000000000000, 20.3480535856102, -40.1367252684762 ) );
#11733 = VECTOR( '', #13978, 1000.00000000000 );
#11734 = CARTESIAN_POINT( '', ( 47.7000000000000, 18.8514209424320, -43.7395579361661 ) );
#11735 = VECTOR( '', #13979, 1000.00000000000 );
#11736 = CARTESIAN_POINT( '', ( 47.7000000000000, 24.0709303222477, -59.8035560265566 ) );
#11737 = VECTOR( '', #13980, 1000.00000000000 );
#11738 = CARTESIAN_POINT( '', ( 47.7000000000000, 31.0436138963176, -62.7398919050420 ) );
#11739 = VECTOR( '', #13981, 1000.00000000000 );
#11740 = DIRECTION( '', ( 0.000000000000000, 1.00000000000000, 0.000000000000000 ) );
#11741 = DIRECTION( '', ( -1.00000000000000, -0.000000000000000, -0.000000000000000 ) );
#11742 = DIRECTION( '', ( 0.000000000000000, -1.00000000000000, 0.000000000000000 ) );
#11743 = DIRECTION( '', ( -1.00000000000000, -0.000000000000000, -0.000000000000000 ) );
#11744 = CARTESIAN_POINT( '', ( 10.6000000000000, 47.4242010343875, -7.41250000000000 ) );
#11745 = DIRECTION( '', ( 1.00000000000000, 0.000000000000000, -0.000000000000000 ) );
#11746 = DIRECTION( '', ( -0.000000000000000, 0.000000000000000, -1.00000000000000 ) );
#11747 = CARTESIAN_POINT( '', ( 21.2000000000000, 47.4242010343875, -7.41250000000000 ) );
#11748 = DIRECTION( '', ( -1.00000000000000, 0.000000000000000, 0.000000000000000 ) );
#11749 = DIRECTION( '', ( 0.000000000000000, 0.000000000000000, 1.00000000000000 ) );
#11750 = DIRECTION( '', ( -1.00000000000000, -0.000000000000000, -0.000000000000000 ) );
#11751 = CARTESIAN_POINT( '', ( 10.6000000000000, 64.3148881966687, -9.41250000000000 ) );
#11752 = DIRECTION( '', ( 1.00000000000000, 0.000000000000000, -0.000000000000000 ) );
#11753 = DIRECTION( '', ( -0.000000000000000, 0.000000000000000, -1.00000000000000 ) );
#11754 = DIRECTION( '', ( -1.00000000000000, -0.000000000000000, -0.000000000000000 ) );
#11755 = CARTESIAN_POINT( '', ( 21.2000000000000, 64.3148881966687, -9.41250000000000 ) );
#11756 = DIRECTION( '', ( -1.00000000000000, 0.000000000000000, 0.000000000000000 ) );
#11757 = DIRECTION( '', ( 0.000000000000000, 0.000000000000000, 1.00000000000000 ) );
#11758 = CARTESIAN_POINT( '', ( 10.6000000000000, 0.000000000000000, 0.000000000000000 ) );
#11759 = DIRECTION( '', ( 1.00000000000000, 0.000000000000000, -0.000000000000000 ) );
#11760 = DIRECTION( '', ( -0.000000000000000, 0.000000000000000, -1.00000000000000 ) );
#11761 = CARTESIAN_POINT( '', ( 10.6000000000000, 2.08166817117217E-14, -2.77555756156289E-14 ) );
#11762 = DIRECTION( '', ( 1.00000000000000, 0.000000000000000, -0.000000000000000 ) );
#11763 = DIRECTION( '', ( -0.000000000000000, 0.000000000000000, -1.00000000000000 ) );
#11764 = CARTESIAN_POINT( '', ( 10.6000000000000, 21.7045904913175, -42.8125069530413 ) );
#11765 = DIRECTION( '', ( 1.00000000000000, 0.000000000000000, -0.000000000000000 ) );
#11766 = DIRECTION( '', ( -0.000000000000000, 0.000000000000000, -1.00000000000000 ) );
#11767 = DIRECTION( '', ( 0.000000000000000, -0.309016994374947, 0.951056516295154 ) );
#11768 = CARTESIAN_POINT( '', ( 10.6000000000000, 28.8262129037235, -58.2584710546819 ) );
#11769 = DIRECTION( '', ( 1.00000000000000, 0.000000000000000, -0.000000000000000 ) );
#11770 = DIRECTION( '', ( -0.000000000000000, 0.000000000000000, -1.00000000000000 ) );
#11771 = CARTESIAN_POINT( '', ( 10.6000000000000, 4.16333634234434E-14, -5.55111512312578E-14 ) );
#11772 = DIRECTION( '', ( 1.00000000000000, 0.000000000000000, -0.000000000000000 ) );
#11773 = DIRECTION( '', ( -0.000000000000000, 0.000000000000000, -1.00000000000000 ) );
#11774 = DIRECTION( '', ( 0.000000000000000, 0.809016994374947, -0.587785252292473 ) );
#11775 = CARTESIAN_POINT( '', ( 10.6000000000000, -57.5643662296326, 30.1884703252870 ) );
#11776 = DIRECTION( '', ( 1.00000000000000, 0.000000000000000, -0.000000000000000 ) );
#11777 = DIRECTION( '', ( -0.000000000000000, 0.000000000000000, -1.00000000000000 ) );
#11778 = CARTESIAN_POINT( '', ( 10.6000000000000, -1.38777878078145E-14, 3.46944695195361E-15 ) );
#11779 = DIRECTION( '', ( 1.00000000000000, 0.000000000000000, -0.000000000000000 ) );
#11780 = DIRECTION( '', ( -0.000000000000000, 0.000000000000000, -1.00000000000000 ) );
#11781 = CARTESIAN_POINT( '', ( 10.6000000000000, -57.5643662296326, -30.1884703252869 ) );
#11782 = DIRECTION( '', ( 1.00000000000000, 0.000000000000000, -0.000000000000000 ) );
#11783 = DIRECTION( '', ( -0.000000000000000, 0.000000000000000, -1.00000000000000 ) );
#11784 = DIRECTION( '', ( -0.000000000000000, -0.809016994374947, -0.587785252292473 ) );
#11785 = CARTESIAN_POINT( '', ( 10.6000000000000, -42.7239427640914, -21.8784074989621 ) );
#11786 = DIRECTION( '', ( 1.00000000000000, 0.000000000000000, -0.000000000000000 ) );
#11787 = DIRECTION( '', ( -0.000000000000000, 0.000000000000000, -1.00000000000000 ) );
#11788 = CARTESIAN_POINT( '', ( 10.6000000000000, 1.38777878078145E-14, -1.73472347597681E-15 ) );
#11789 = DIRECTION( '', ( 1.00000000000000, 0.000000000000000, -0.000000000000000 ) );
#11790 = DIRECTION( '', ( -0.000000000000000, 0.000000000000000, -1.00000000000000 ) );
#11791 = CARTESIAN_POINT( '', ( 10.6000000000000, -42.7239427640914, 21.8784074989621 ) );
#11792 = DIRECTION( '', ( 1.00000000000000, 0.000000000000000, -0.000000000000000 ) );
#11793 = DIRECTION( '', ( -0.000000000000000, 0.000000000000000, -1.00000000000000 ) );
#11794 = CARTESIAN_POINT( '', ( 10.6000000000000, 0.000000000000000, 0.000000000000000 ) );
#11795 = DIRECTION( '', ( 1.00000000000000, 0.000000000000000, -0.000000000000000 ) );
#11796 = DIRECTION( '', ( -0.000000000000000, 0.000000000000000, -1.00000000000000 ) );
#11797 = CARTESIAN_POINT( '', ( 10.6000000000000, -6.93889390390723E-14, -1.73472347597681E-14 ) );
#11798 = DIRECTION( '', ( 1.00000000000000, 0.000000000000000, -0.000000000000000 ) );
#11799 = DIRECTION( '', ( -0.000000000000000, 0.000000000000000, -1.00000000000000 ) );
#11800 = CARTESIAN_POINT( '', ( 10.6000000000000, 28.8262129037235, 58.2584710546819 ) );
#11801 = DIRECTION( '', ( 1.00000000000000, 0.000000000000000, -0.000000000000000 ) );
#11802 = DIRECTION( '', ( -0.000000000000000, 0.000000000000000, -1.00000000000000 ) );
#11803 = DIRECTION( '', ( 0.000000000000000, 0.309016994374948, 0.951056516295154 ) );
#11804 = CARTESIAN_POINT( '', ( 10.6000000000000, 21.7045904913175, 42.8125069530413 ) );
#11805 = DIRECTION( '', ( 1.00000000000000, 0.000000000000000, -0.000000000000000 ) );
#11806 = DIRECTION( '', ( -0.000000000000000, 0.000000000000000, -1.00000000000000 ) );
#11807 = CARTESIAN_POINT( '', ( 10.6000000000000, -5.55111512312578E-14, -5.55111512312578E-14 ) );
#11808 = DIRECTION( '', ( 1.00000000000000, 0.000000000000000, -0.000000000000000 ) );
#11809 = DIRECTION( '', ( -0.000000000000000, 0.000000000000000, -1.00000000000000 ) );
#11810 = CARTESIAN_POINT( '', ( 10.6000000000000, 47.4242010343875, 7.41249999999999 ) );
#11811 = DIRECTION( '', ( 1.00000000000000, 0.000000000000000, -0.000000000000000 ) );
#11812 = DIRECTION( '', ( -0.000000000000000, 0.000000000000000, -1.00000000000000 ) );
#11813 = DIRECTION( '', ( 0.000000000000000, -1.00000000000000, 0.000000000000000 ) );
#11814 = CARTESIAN_POINT( '', ( 10.6000000000000, 64.3148881966687, 9.41250000000000 ) );
#11815 = DIRECTION( '', ( 1.00000000000000, 0.000000000000000, -0.000000000000000 ) );
#11816 = DIRECTION( '', ( -0.000000000000000, 0.000000000000000, -1.00000000000000 ) );
#11817 = CARTESIAN_POINT( '', ( 10.6000000000000, 10.9225739844672, 64.0757159737903 ) );
#11818 = DIRECTION( '', ( 1.00000000000000, 0.000000000000000, -0.000000000000000 ) );
#11819 = DIRECTION( '', ( -0.000000000000000, 0.000000000000000, -1.00000000000000 ) );
#11820 = CARTESIAN_POINT( '', ( 10.6000000000000, 5.20417042793042E-15, -5.55111512312578E-14 ) );
#11821 = DIRECTION( '', ( 1.00000000000000, 0.000000000000000, -0.000000000000000 ) );
#11822 = DIRECTION( '', ( -0.000000000000000, 0.000000000000000, -1.00000000000000 ) );
#11823 = CARTESIAN_POINT( '', ( 10.6000000000000, -48.3241554422920, 43.4715539265529 ) );
#11824 = DIRECTION( '', ( 1.00000000000000, 0.000000000000000, -0.000000000000000 ) );
#11825 = DIRECTION( '', ( -0.000000000000000, 0.000000000000000, -1.00000000000000 ) );
#11826 = DIRECTION( '', ( 0.000000000000000, -0.809016994374948, 0.587785252292473 ) );
#11827 = CARTESIAN_POINT( '', ( 10.6000000000000, -35.8402024165712, 31.9292951807460 ) );
#11828 = DIRECTION( '', ( 1.00000000000000, 0.000000000000000, -0.000000000000000 ) );
#11829 = DIRECTION( '', ( -0.000000000000000, 0.000000000000000, -1.00000000000000 ) );
#11830 = CARTESIAN_POINT( '', ( 10.6000000000000, -1.38777878078145E-14, 6.24500451351651E-14 ) );
#11831 = DIRECTION( '', ( 1.00000000000000, 0.000000000000000, -0.000000000000000 ) );
#11832 = DIRECTION( '', ( -0.000000000000000, 0.000000000000000, -1.00000000000000 ) );
#11833 = CARTESIAN_POINT( '', ( 10.6000000000000, 7.60517763724188, 47.3936838946499 ) );
#11834 = DIRECTION( '', ( 1.00000000000000, 0.000000000000000, -0.000000000000000 ) );
#11835 = DIRECTION( '', ( -0.000000000000000, 0.000000000000000, -1.00000000000000 ) );
#11836 = DIRECTION( '', ( -0.000000000000000, -0.309016994374948, -0.951056516295153 ) );
#11837 = CARTESIAN_POINT( '', ( 10.6000000000000, 7.60517763724186, -47.3936838946499 ) );
#11838 = DIRECTION( '', ( 1.00000000000000, 0.000000000000000, -0.000000000000000 ) );
#11839 = DIRECTION( '', ( -0.000000000000000, 0.000000000000000, -1.00000000000000 ) );
#11840 = CARTESIAN_POINT( '', ( 10.6000000000000, -3.77302356024956E-14, -1.11022302462516E-13 ) );
#11841 = DIRECTION( '', ( 1.00000000000000, 0.000000000000000, -0.000000000000000 ) );
#11842 = DIRECTION( '', ( -0.000000000000000, 0.000000000000000, -1.00000000000000 ) );
#11843 = CARTESIAN_POINT( '', ( 10.6000000000000, -34.0100263988555, -33.8720844405707 ) );
#11844 = DIRECTION( '', ( 1.00000000000000, 0.000000000000000, -0.000000000000000 ) );
#11845 = DIRECTION( '', ( -0.000000000000000, 0.000000000000000, -1.00000000000000 ) );
#11846 = DIRECTION( '', ( 0.000000000000000, 0.809016994374947, 0.587785252292473 ) );
#11847 = CARTESIAN_POINT( '', ( 10.6000000000000, -46.4993088552268, -45.4182152443953 ) );
#11848 = DIRECTION( '', ( 1.00000000000000, 0.000000000000000, -0.000000000000000 ) );
#11849 = DIRECTION( '', ( -0.000000000000000, 0.000000000000000, -1.00000000000000 ) );
#11850 = CARTESIAN_POINT( '', ( 10.6000000000000, 2.77555756156289E-14, 1.11022302462516E-13 ) );
#11851 = DIRECTION( '', ( 1.00000000000000, 0.000000000000000, -0.000000000000000 ) );
#11852 = DIRECTION( '', ( -0.000000000000000, 0.000000000000000, -1.00000000000000 ) );
#11853 = CARTESIAN_POINT( '', ( 10.6000000000000, 10.9225739844672, -64.0757159737903 ) );
#11854 = DIRECTION( '', ( 1.00000000000000, 0.000000000000000, -0.000000000000000 ) );
#11855 = DIRECTION( '', ( -0.000000000000000, 0.000000000000000, -1.00000000000000 ) );
#11856 = DIRECTION( '', ( 0.000000000000000, 0.309016994374947, -0.951056516295154 ) );
#11857 = CARTESIAN_POINT( '', ( 21.2000000000000, 0.000000000000000, 0.000000000000000 ) );
#11858 = DIRECTION( '', ( 1.00000000000000, 0.000000000000000, -0.000000000000000 ) );
#11859 = DIRECTION( '', ( -0.000000000000000, 0.000000000000000, -1.00000000000000 ) );
#11860 = CARTESIAN_POINT( '', ( 21.2000000000000, 4.16333634234434E-14, -5.55111512312578E-14 ) );
#11861 = DIRECTION( '', ( -1.00000000000000, 0.000000000000000, 0.000000000000000 ) );
#11862 = DIRECTION( '', ( 0.000000000000000, 0.000000000000000, 1.00000000000000 ) );
#11863 = CARTESIAN_POINT( '', ( 21.2000000000000, 28.8262129037235, -58.2584710546819 ) );
#11864 = DIRECTION( '', ( -1.00000000000000, 0.000000000000000, 0.000000000000000 ) );
#11865 = DIRECTION( '', ( 0.000000000000000, 0.000000000000000, 1.00000000000000 ) );
#11866 = DIRECTION( '', ( 0.000000000000000, 0.309016994374947, -0.951056516295154 ) );
#11867 = CARTESIAN_POINT( '', ( 21.2000000000000, 21.7045904913175, -42.8125069530413 ) );
#11868 = DIRECTION( '', ( -1.00000000000000, 0.000000000000000, 0.000000000000000 ) );
#11869 = DIRECTION( '', ( 0.000000000000000, 0.000000000000000, 1.00000000000000 ) );
#11870 = CARTESIAN_POINT( '', ( 21.2000000000000, 2.08166817117217E-14, -2.77555756156289E-14 ) );
#11871 = DIRECTION( '', ( -1.00000000000000, 0.000000000000000, 0.000000000000000 ) );
#11872 = DIRECTION( '', ( 0.000000000000000, 0.000000000000000, 1.00000000000000 ) );
#11873 = DIRECTION( '', ( 0.000000000000000, -0.809016994374947, 0.587785252292473 ) );
#11874 = CARTESIAN_POINT( '', ( 21.2000000000000, -42.7239427640914, 21.8784074989621 ) );
#11875 = DIRECTION( '', ( -1.00000000000000, 0.000000000000000, 0.000000000000000 ) );
#11876 = DIRECTION( '', ( 0.000000000000000, 0.000000000000000, 1.00000000000000 ) );
#11877 = CARTESIAN_POINT( '', ( 21.2000000000000, 1.38777878078145E-14, -1.73472347597681E-15 ) );
#11878 = DIRECTION( '', ( -1.00000000000000, 0.000000000000000, 0.000000000000000 ) );
#11879 = DIRECTION( '', ( 0.000000000000000, 0.000000000000000, 1.00000000000000 ) );
#11880 = CARTESIAN_POINT( '', ( 21.2000000000000, -42.7239427640914, -21.8784074989621 ) );
#11881 = DIRECTION( '', ( -1.00000000000000, 0.000000000000000, 0.000000000000000 ) );
#11882 = DIRECTION( '', ( 0.000000000000000, 0.000000000000000, 1.00000000000000 ) );
#11883 = DIRECTION( '', ( 0.000000000000000, 0.809016994374947, 0.587785252292473 ) );
#11884 = CARTESIAN_POINT( '', ( 21.2000000000000, -57.5643662296326, -30.1884703252869 ) );
#11885 = DIRECTION( '', ( -1.00000000000000, 0.000000000000000, 0.000000000000000 ) );
#11886 = DIRECTION( '', ( 0.000000000000000, 0.000000000000000, 1.00000000000000 ) );
#11887 = CARTESIAN_POINT( '', ( 21.2000000000000, -1.38777878078145E-14, 3.46944695195361E-15 ) );
#11888 = DIRECTION( '', ( -1.00000000000000, 0.000000000000000, 0.000000000000000 ) );
#11889 = DIRECTION( '', ( 0.000000000000000, 0.000000000000000, 1.00000000000000 ) );
#11890 = CARTESIAN_POINT( '', ( 21.2000000000000, -57.5643662296326, 30.1884703252870 ) );
#11891 = DIRECTION( '', ( -1.00000000000000, 0.000000000000000, 0.000000000000000 ) );
#11892 = DIRECTION( '', ( 0.000000000000000, 0.000000000000000, 1.00000000000000 ) );
#11893 = CARTESIAN_POINT( '', ( 21.2000000000000, 0.000000000000000, 0.000000000000000 ) );
#11894 = DIRECTION( '', ( 1.00000000000000, 0.000000000000000, -0.000000000000000 ) );
#11895 = DIRECTION( '', ( -0.000000000000000, 0.000000000000000, -1.00000000000000 ) );
#11896 = CARTESIAN_POINT( '', ( 21.2000000000000, -6.93889390390723E-14, -1.73472347597681E-14 ) );
#11897 = DIRECTION( '', ( -1.00000000000000, 0.000000000000000, 0.000000000000000 ) );
#11898 = DIRECTION( '', ( 0.000000000000000, 0.000000000000000, 1.00000000000000 ) );
#11899 = CARTESIAN_POINT( '', ( 21.2000000000000, 64.3148881966687, 9.41250000000000 ) );
#11900 = DIRECTION( '', ( -1.00000000000000, 0.000000000000000, 0.000000000000000 ) );
#11901 = DIRECTION( '', ( 0.000000000000000, 0.000000000000000, 1.00000000000000 ) );
#11902 = DIRECTION( '', ( 0.000000000000000, 1.00000000000000, -0.000000000000000 ) );
#11903 = CARTESIAN_POINT( '', ( 21.2000000000000, 47.4242010343875, 7.41249999999999 ) );
#11904 = DIRECTION( '', ( -1.00000000000000, 0.000000000000000, 0.000000000000000 ) );
#11905 = DIRECTION( '', ( 0.000000000000000, 0.000000000000000, 1.00000000000000 ) );
#11906 = CARTESIAN_POINT( '', ( 21.2000000000000, -5.55111512312578E-14, -5.55111512312578E-14 ) );
#11907 = DIRECTION( '', ( -1.00000000000000, 0.000000000000000, 0.000000000000000 ) );
#11908 = DIRECTION( '', ( 0.000000000000000, 0.000000000000000, 1.00000000000000 ) );
#11909 = CARTESIAN_POINT( '', ( 21.2000000000000, 21.7045904913175, 42.8125069530413 ) );
#11910 = DIRECTION( '', ( -1.00000000000000, 0.000000000000000, 0.000000000000000 ) );
#11911 = DIRECTION( '', ( 0.000000000000000, 0.000000000000000, 1.00000000000000 ) );
#11912 = DIRECTION( '', ( 0.000000000000000, -0.309016994374948, -0.951056516295154 ) );
#11913 = CARTESIAN_POINT( '', ( 21.2000000000000, 28.8262129037235, 58.2584710546819 ) );
#11914 = DIRECTION( '', ( -1.00000000000000, 0.000000000000000, 0.000000000000000 ) );
#11915 = DIRECTION( '', ( 0.000000000000000, 0.000000000000000, 1.00000000000000 ) );
#11916 = CARTESIAN_POINT( '', ( 21.2000000000000, 10.9225739844672, 64.0757159737903 ) );
#11917 = DIRECTION( '', ( -1.00000000000000, 0.000000000000000, 0.000000000000000 ) );
#11918 = DIRECTION( '', ( 0.000000000000000, 0.000000000000000, 1.00000000000000 ) );
#11919 = DIRECTION( '', ( 0.000000000000000, 0.309016994374948, 0.951056516295153 ) );
#11920 = CARTESIAN_POINT( '', ( 21.2000000000000, 7.60517763724188, 47.3936838946499 ) );
#11921 = DIRECTION( '', ( -1.00000000000000, 0.000000000000000, 0.000000000000000 ) );
#11922 = DIRECTION( '', ( 0.000000000000000, 0.000000000000000, 1.00000000000000 ) );
#11923 = CARTESIAN_POINT( '', ( 21.2000000000000, -1.38777878078145E-14, 6.24500451351651E-14 ) );
#11924 = DIRECTION( '', ( -1.00000000000000, 0.000000000000000, 0.000000000000000 ) );
#11925 = DIRECTION( '', ( 0.000000000000000, 0.000000000000000, 1.00000000000000 ) );
#11926 = CARTESIAN_POINT( '', ( 21.2000000000000, -35.8402024165712, 31.9292951807460 ) );
#11927 = DIRECTION( '', ( -1.00000000000000, 0.000000000000000, 0.000000000000000 ) );
#11928 = DIRECTION( '', ( 0.000000000000000, 0.000000000000000, 1.00000000000000 ) );
#11929 = DIRECTION( '', ( 0.000000000000000, 0.809016994374948, -0.587785252292473 ) );
#11930 = CARTESIAN_POINT( '', ( 21.2000000000000, -48.3241554422920, 43.4715539265529 ) );
#11931 = DIRECTION( '', ( -1.00000000000000, 0.000000000000000, 0.000000000000000 ) );
#11932 = DIRECTION( '', ( 0.000000000000000, 0.000000000000000, 1.00000000000000 ) );
#11933 = CARTESIAN_POINT( '', ( 21.2000000000000, 5.20417042793042E-15, -5.55111512312578E-14 ) );
#11934 = DIRECTION( '', ( -1.00000000000000, 0.000000000000000, 0.000000000000000 ) );
#11935 = DIRECTION( '', ( 0.000000000000000, 0.000000000000000, 1.00000000000000 ) );
#11936 = CARTESIAN_POINT( '', ( 21.2000000000000, -34.0100263988555, -33.8720844405707 ) );
#11937 = DIRECTION( '', ( -1.00000000000000, 0.000000000000000, 0.000000000000000 ) );
#11938 = DIRECTION( '', ( 0.000000000000000, 0.000000000000000, 1.00000000000000 ) );
#11939 = CARTESIAN_POINT( '', ( 21.2000000000000, -3.77302356024956E-14, -1.11022302462516E-13 ) );
#11940 = DIRECTION( '', ( -1.00000000000000, 0.000000000000000, 0.000000000000000 ) );
#11941 = DIRECTION( '', ( 0.000000000000000, 0.000000000000000, 1.00000000000000 ) );
#11942 = CARTESIAN_POINT( '', ( 21.2000000000000, 7.60517763724186, -47.3936838946499 ) );
#11943 = DIRECTION( '', ( -1.00000000000000, 0.000000000000000, 0.000000000000000 ) );
#11944 = DIRECTION( '', ( 0.000000000000000, 0.000000000000000, 1.00000000000000 ) );
#11945 = DIRECTION( '', ( 0.000000000000000, -0.309016994374947, 0.951056516295154 ) );
#11946 = CARTESIAN_POINT( '', ( 21.2000000000000, 10.9225739844672, -64.0757159737903 ) );
#11947 = DIRECTION( '', ( -1.00000000000000, 0.000000000000000, 0.000000000000000 ) );
#11948 = DIRECTION( '', ( 0.000000000000000, 0.000000000000000, 1.00000000000000 ) );
#11949 = CARTESIAN_POINT( '', ( 21.2000000000000, 2.77555756156289E-14, 1.11022302462516E-13 ) );
#11950 = DIRECTION( '', ( -1.00000000000000, 0.000000000000000, 0.000000000000000 ) );
#11951 = DIRECTION( '', ( 0.000000000000000, 0.000000000000000, 1.00000000000000 ) );
#11952 = CARTESIAN_POINT( '', ( 21.2000000000000, -46.4993088552268, -45.4182152443953 ) );
#11953 = DIRECTION( '', ( -1.00000000000000, 0.000000000000000, 0.000000000000000 ) );
#11954 = DIRECTION( '', ( 0.000000000000000, 0.000000000000000, 1.00000000000000 ) );
#11955 = DIRECTION( '', ( 0.000000000000000, -0.809016994374947, -0.587785252292473 ) );
#11956 = CARTESIAN_POINT( '', ( 0.000000000000000, 0.000000000000000, 0.000000000000000 ) );
#11957 = DIRECTION( '', ( 1.00000000000000, 0.000000000000000, -0.000000000000000 ) );
#11958 = DIRECTION( '', ( -0.000000000000000, 0.000000000000000, -1.00000000000000 ) );
#11959 = CARTESIAN_POINT( '', ( 0.000000000000000, 0.000000000000000, 0.000000000000000 ) );
#11960 = DIRECTION( '', ( 1.00000000000000, 0.000000000000000, -0.000000000000000 ) );
#11961 = DIRECTION( '', ( -0.000000000000000, 0.000000000000000, -1.00000000000000 ) );
#11962 = CARTESIAN_POINT( '', ( 0.000000000000000, 0.000000000000000, 0.000000000000000 ) );
#11963 = DIRECTION( '', ( 1.00000000000000, 0.000000000000000, -0.000000000000000 ) );
#11964 = DIRECTION( '', ( -0.000000000000000, 0.000000000000000, -1.00000000000000 ) );
#11965 = CARTESIAN_POINT( '', ( 50.0000000000000, 0.000000000000000, 0.000000000000000 ) );
#11966 = DIRECTION( '', ( 1.00000000000000, 0.000000000000000, -0.000000000000000 ) );
#11967 = DIRECTION( '', ( -0.000000000000000, 0.000000000000000, -1.00000000000000 ) );
#11968 = DIRECTION( '', ( -1.00000000000000, -0.000000000000000, -0.000000000000000 ) );
#11969 = DIRECTION( '', ( -1.00000000000000, -0.000000000000000, -0.000000000000000 ) );
#11970 = CARTESIAN_POINT( '', ( 31.8000000000000, 0.000000000000000, 0.000000000000000 ) );
#11971 = DIRECTION( '', ( 1.00000000000000, 0.000000000000000, -0.000000000000000 ) );
#11972 = DIRECTION( '', ( -0.000000000000000, 0.000000000000000, -1.00000000000000 ) );
#11973 = CARTESIAN_POINT( '', ( 31.7500000000001, 0.000000000000000, 0.000000000000000 ) );
#11974 = DIRECTION( '', ( 1.00000000000000, 0.000000000000000, -0.000000000000000 ) );
#11975 = DIRECTION( '', ( -0.000000000000000, 0.000000000000000, -1.00000000000000 ) );
#11976 = CARTESIAN_POINT( '', ( 30.9698729810778, 0.000000000000000, 0.000000000000000 ) );
#11977 = DIRECTION( '', ( 1.00000000000000, 0.000000000000000, -0.000000000000000 ) );
#11978 = DIRECTION( '', ( -0.000000000000000, 0.000000000000000, -1.00000000000000 ) );
#11979 = CARTESIAN_POINT( '', ( 32.4198729810778, 0.000000000000000, 0.000000000000000 ) );
#11980 = DIRECTION( '', ( 1.00000000000000, 0.000000000000000, -0.000000000000000 ) );
#11981 = DIRECTION( '', ( -0.000000000000000, 0.000000000000000, -1.00000000000000 ) );
#11982 = CARTESIAN_POINT( '', ( 31.7500000000000, 0.000000000000000, 0.000000000000000 ) );
#11983 = DIRECTION( '', ( 1.00000000000000, 0.000000000000000, -0.000000000000000 ) );
#11984 = DIRECTION( '', ( -0.000000000000000, 0.000000000000000, -1.00000000000000 ) );
#11985 = DIRECTION( '', ( 0.000000000000000, 2.84769555957334E-14, -1.00000000000000 ) );
#11986 = CARTESIAN_POINT( '', ( 30.3000000000000, 86.8000000000001, 0.974667938864467 ) );
#11987 = DIRECTION( '', ( -1.00000000000000, 0.000000000000000, 0.000000000000000 ) );
#11988 = DIRECTION( '', ( 0.000000000000000, 0.000000000000000, 1.00000000000000 ) );
#11989 = DIRECTION( '', ( 0.000000000000000, -0.939692620785908, -0.342020143325671 ) );
#11990 = CARTESIAN_POINT( '', ( 30.3000000000000, 86.5438943958007, 4.28682199403003 ) );
#11991 = DIRECTION( '', ( -1.00000000000000, 0.000000000000000, 0.000000000000000 ) );
#11992 = DIRECTION( '', ( 0.000000000000000, 0.000000000000000, 1.00000000000000 ) );
#11993 = CARTESIAN_POINT( '', ( 30.3000000000000, 0.000000000000000, 0.000000000000000 ) );
#11994 = DIRECTION( '', ( 1.00000000000000, 0.000000000000000, -0.000000000000000 ) );
#11995 = DIRECTION( '', ( -0.000000000000000, 0.000000000000000, -1.00000000000000 ) );
#11996 = CARTESIAN_POINT( '', ( 30.3000000000000, 86.2730807156294, 8.07329200726094 ) );
#11997 = DIRECTION( '', ( -1.00000000000000, 0.000000000000000, 0.000000000000000 ) );
#11998 = DIRECTION( '', ( 0.000000000000000, 0.000000000000000, 1.00000000000000 ) );
#11999 = DIRECTION( '', ( 0.000000000000000, 0.978802446214778, -0.204806668065193 ) );
#12000 = CARTESIAN_POINT( '', ( 30.3000000000000, 86.0552108653548, 11.3881807375192 ) );
#12001 = DIRECTION( '', ( -1.00000000000000, 0.000000000000000, 0.000000000000000 ) );
#12002 = DIRECTION( '', ( 0.000000000000000, 0.000000000000000, 1.00000000000000 ) );
#12003 = DIRECTION( '', ( 0.000000000000000, 0.142314838273313, -0.989821441880929 ) );
#12004 = CARTESIAN_POINT( '', ( 30.3000000000000, 85.7777914451754, 13.3176751867231 ) );
#12005 = DIRECTION( '', ( -1.00000000000000, 0.000000000000000, 0.000000000000000 ) );
#12006 = DIRECTION( '', ( 0.000000000000000, 0.000000000000000, 1.00000000000000 ) );
#12007 = DIRECTION( '', ( 0.000000000000000, -0.881453363447581, -0.472271074772685 ) );
#12008 = CARTESIAN_POINT( '', ( 30.3000000000000, 85.0529239580559, 16.5596686616964 ) );
#12009 = DIRECTION( '', ( -1.00000000000000, 0.000000000000000, 0.000000000000000 ) );
#12010 = DIRECTION( '', ( 0.000000000000000, 0.000000000000000, 1.00000000000000 ) );
#12011 = CARTESIAN_POINT( '', ( 30.3000000000000, 0.000000000000000, 0.000000000000000 ) );
#12012 = DIRECTION( '', ( 1.00000000000000, 0.000000000000000, -0.000000000000000 ) );
#12013 = DIRECTION( '', ( -0.000000000000000, 0.000000000000000, -1.00000000000000 ) );
#12014 = CARTESIAN_POINT( '', ( 30.3000000000000, 84.2459959031080, 20.2690570647357 ) );
#12015 = DIRECTION( '', ( -1.00000000000000, 0.000000000000000, 0.000000000000000 ) );
#12016 = DIRECTION( '', ( 0.000000000000000, 0.000000000000000, 1.00000000000000 ) );
#12017 = DIRECTION( '', ( 0.000000000000000, 0.997986676471884, -0.0634239196565665 ) );
#12018 = CARTESIAN_POINT( '', ( 30.3000000000000, 83.5585858002262, 23.5191988948884 ) );
#12019 = DIRECTION( '', ( -1.00000000000000, 0.000000000000000, 0.000000000000000 ) );
#12020 = DIRECTION( '', ( 0.000000000000000, 0.000000000000000, 1.00000000000000 ) );
#12021 = DIRECTION( '', ( 0.000000000000000, 0.281732556841457, -0.959492973614489 ) );
#12022 = CARTESIAN_POINT( '', ( 30.3000000000000, 83.0093944192508, 25.3895729727839 ) );
#12023 = DIRECTION( '', ( -1.00000000000000, 0.000000000000000, 0.000000000000000 ) );
#12024 = DIRECTION( '', ( 0.000000000000000, 0.000000000000000, 1.00000000000000 ) );
#12025 = DIRECTION( '', ( 0.000000000000000, -0.805270257531057, -0.592907929054643 ) );
#12026 = CARTESIAN_POINT( '', ( 30.3000000000000, 81.8305212609037, 28.4954082295515 ) );
#12027 = DIRECTION( '', ( -1.00000000000000, 0.000000000000000, 0.000000000000000 ) );
#12028 = DIRECTION( '', ( 0.000000000000000, 0.000000000000000, 1.00000000000000 ) );
#12029 = CARTESIAN_POINT( '', ( 30.3000000000000, 0.000000000000000, 0.000000000000000 ) );
#12030 = DIRECTION( '', ( 1.00000000000000, 0.000000000000000, -0.000000000000000 ) );
#12031 = DIRECTION( '', ( -0.000000000000000, 0.000000000000000, -1.00000000000000 ) );
#12032 = CARTESIAN_POINT( '', ( 30.3000000000000, 80.5039055593897, 32.0522025715063 ) );
#12033 = DIRECTION( '', ( -1.00000000000000, 0.000000000000000, 0.000000000000000 ) );
#12034 = DIRECTION( '', ( 0.000000000000000, 0.000000000000000, 1.00000000000000 ) );
#12035 = DIRECTION( '', ( 0.000000000000000, 0.996854775951942, 0.0792499568567866 ) );
#12036 = CARTESIAN_POINT( '', ( 30.3000000000000, 79.3609488912682, 35.1714339865265 ) );
#12037 = DIRECTION( '', ( -1.00000000000000, 0.000000000000000, 0.000000000000000 ) );
#12038 = DIRECTION( '', ( 0.000000000000000, 0.000000000000000, 1.00000000000000 ) );
#12039 = DIRECTION( '', ( 0.000000000000000, 0.415415013001913, -0.909631995354506 ) );
#12040 = CARTESIAN_POINT( '', ( 30.3000000000000, 78.5511655022763, 36.9446122706012 ) );
#12041 = DIRECTION( '', ( -1.00000000000000, 0.000000000000000, 0.000000000000000 ) );
#12042 = DIRECTION( '', ( 0.000000000000000, 0.000000000000000, 1.00000000000000 ) );
#12043 = DIRECTION( '', ( 0.000000000000000, -0.712694171378861, -0.701474887706323 ) );
#12044 = CARTESIAN_POINT( '', ( 30.3000000000000, 76.9422851306161, 39.8510634598246 ) );
#12045 = DIRECTION( '', ( -1.00000000000000, 0.000000000000000, 0.000000000000000 ) );
#12046 = DIRECTION( '', ( 0.000000000000000, 0.000000000000000, 1.00000000000000 ) );
#12047 = CARTESIAN_POINT( '', ( 30.3000000000000, 0.000000000000000, 0.000000000000000 ) );
#12048 = DIRECTION( '', ( 1.00000000000000, 0.000000000000000, -0.000000000000000 ) );
#12049 = DIRECTION( '', ( -0.000000000000000, 0.000000000000000, -1.00000000000000 ) );
#12050 = CARTESIAN_POINT( '', ( 30.3000000000000, 75.1229878525751, 43.1828576648405 ) );
#12051 = DIRECTION( '', ( -1.00000000000000, 0.000000000000000, 0.000000000000000 ) );
#12052 = DIRECTION( '', ( 0.000000000000000, 0.000000000000000, 1.00000000000000 ) );
#12053 = DIRECTION( '', ( 0.000000000000000, 0.975429786885407, 0.220310532786539 ) );
#12054 = CARTESIAN_POINT( '', ( 30.3000000000000, 73.5477519209621, 46.1076801082389 ) );
#12055 = DIRECTION( '', ( -1.00000000000000, 0.000000000000000, 0.000000000000000 ) );
#12056 = DIRECTION( '', ( 0.000000000000000, 0.000000000000000, 1.00000000000000 ) );
#12057 = DIRECTION( '', ( 0.000000000000000, 0.540640817455622, -0.841253532831166 ) );
#12058 = CARTESIAN_POINT( '', ( 30.3000000000000, 72.4938613785311, 47.7475658020530 ) );
#12059 = DIRECTION( '', ( -1.00000000000000, 0.000000000000000, 0.000000000000000 ) );
#12060 = DIRECTION( '', ( 0.000000000000000, 0.000000000000000, 1.00000000000000 ) );
#12061 = DIRECTION( '', ( 0.000000000000000, -0.605609687137664, -0.795761840530834 ) );
#12062 = CARTESIAN_POINT( '', ( 30.3000000000000, 70.4877259582970, 50.3954659590328 ) );
#12063 = DIRECTION( '', ( -1.00000000000000, 0.000000000000000, 0.000000000000000 ) );
#12064 = DIRECTION( '', ( 0.000000000000000, 0.000000000000000, 1.00000000000000 ) );
#12065 = CARTESIAN_POINT( '', ( 30.3000000000000, 0.000000000000000, 0.000000000000000 ) );
#12066 = DIRECTION( '', ( 1.00000000000000, 0.000000000000000, -0.000000000000000 ) );
#12067 = DIRECTION( '', ( -0.000000000000000, 0.000000000000000, -1.00000000000000 ) );
#12068 = CARTESIAN_POINT( '', ( 30.3000000000000, 68.2127827498896, 53.4344343051967 ) );
#12069 = DIRECTION( '', ( -1.00000000000000, 0.000000000000000, 0.000000000000000 ) );
#12070 = DIRECTION( '', ( 0.000000000000000, 0.000000000000000, 1.00000000000000 ) );
#12071 = DIRECTION( '', ( 0.000000000000000, 0.934147860265107, 0.356886221591870 ) );
#12072 = CARTESIAN_POINT( '', ( 30.3000000000000, 66.2373348157474, 56.1053068265173 ) );
#12073 = DIRECTION( '', ( -1.00000000000000, 0.000000000000000, 0.000000000000000 ) );
#12074 = DIRECTION( '', ( 0.000000000000000, 0.000000000000000, 1.00000000000000 ) );
#12075 = DIRECTION( '', ( 0.000000000000000, 0.654860733945307, -0.755749574354240 ) );
#12076 = CARTESIAN_POINT( '', ( 30.3000000000000, 64.9607912921519, 57.5785165863844 ) );
#12077 = DIRECTION( '', ( -1.00000000000000, 0.000000000000000, 0.000000000000000 ) );
#12078 = DIRECTION( '', ( 0.000000000000000, 0.000000000000000, 1.00000000000000 ) );
#12079 = DIRECTION( '', ( 0.000000000000000, -0.486196736100466, -0.873849377069786 ) );
#12080 = CARTESIAN_POINT( '', ( 30.3000000000000, 62.5982399552829, 59.9139620998380 ) );
#12081 = DIRECTION( '', ( -1.00000000000000, 0.000000000000000, 0.000000000000000 ) );
#12082 = DIRECTION( '', ( 0.000000000000000, 0.000000000000000, 1.00000000000000 ) );
#12083 = CARTESIAN_POINT( '', ( 30.3000000000000, 0.000000000000000, 0.000000000000000 ) );
#12084 = DIRECTION( '', ( 1.00000000000000, 0.000000000000000, -0.000000000000000 ) );
#12085 = DIRECTION( '', ( -0.000000000000000, 0.000000000000000, -1.00000000000000 ) );
#12086 = CARTESIAN_POINT( '', ( 30.3000000000000, 59.9139620998380, 62.5982399552830 ) );
#12087 = DIRECTION( '', ( -1.00000000000000, 0.000000000000000, 0.000000000000000 ) );
#12088 = DIRECTION( '', ( 0.000000000000000, 0.000000000000000, 1.00000000000000 ) );
#12089 = DIRECTION( '', ( 0.000000000000000, 0.873849377069786, 0.486196736100467 ) );
#12090 = CARTESIAN_POINT( '', ( 30.3000000000000, 57.5785165863844, 64.9607912921520 ) );
#12091 = DIRECTION( '', ( -1.00000000000000, 0.000000000000000, 0.000000000000000 ) );
#12092 = DIRECTION( '', ( 0.000000000000000, 0.000000000000000, 1.00000000000000 ) );
#12093 = DIRECTION( '', ( 0.000000000000000, 0.755749574354277, -0.654860733945263 ) );
#12094 = CARTESIAN_POINT( '', ( 30.3000000000000, 56.1053068265172, 66.2373348157474 ) );
#12095 = DIRECTION( '', ( -1.00000000000000, 0.000000000000000, 0.000000000000000 ) );
#12096 = DIRECTION( '', ( 0.000000000000000, 0.000000000000000, 1.00000000000000 ) );
#12097 = DIRECTION( '', ( 0.000000000000000, -0.356886221591869, -0.934147860265108 ) );
#12098 = CARTESIAN_POINT( '', ( 30.3000000000000, 53.4344343051966, 68.2127827498896 ) );
#12099 = DIRECTION( '', ( -1.00000000000000, 0.000000000000000, 0.000000000000000 ) );
#12100 = DIRECTION( '', ( 0.000000000000000, 0.000000000000000, 1.00000000000000 ) );
#12101 = CARTESIAN_POINT( '', ( 30.3000000000000, 0.000000000000000, 0.000000000000000 ) );
#12102 = DIRECTION( '', ( 1.00000000000000, 0.000000000000000, -0.000000000000000 ) );
#12103 = DIRECTION( '', ( -0.000000000000000, 0.000000000000000, -1.00000000000000 ) );
#12104 = CARTESIAN_POINT( '', ( 30.3000000000000, 50.3954659590328, 70.4877259582970 ) );
#12105 = DIRECTION( '', ( -1.00000000000000, 0.000000000000000, 0.000000000000000 ) );
#12106 = DIRECTION( '', ( 0.000000000000000, 0.000000000000000, 1.00000000000000 ) );
#12107 = DIRECTION( '', ( 0.000000000000000, 0.795761840530833, 0.605609687137665 ) );
#12108 = CARTESIAN_POINT( '', ( 30.3000000000000, 47.7475658020530, 72.4938613785312 ) );
#12109 = DIRECTION( '', ( -1.00000000000000, 0.000000000000000, 0.000000000000000 ) );
#12110 = DIRECTION( '', ( 0.000000000000000, 0.000000000000000, 1.00000000000000 ) );
#12111 = DIRECTION( '', ( 0.000000000000000, 0.841253532831197, -0.540640817455574 ) );
#12112 = CARTESIAN_POINT( '', ( 30.3000000000000, 46.1076801082389, 73.5477519209621 ) );
#12113 = DIRECTION( '', ( -1.00000000000000, 0.000000000000000, 0.000000000000000 ) );
#12114 = DIRECTION( '', ( 0.000000000000000, 0.000000000000000, 1.00000000000000 ) );
#12115 = DIRECTION( '', ( 0.000000000000000, -0.220310532786538, -0.975429786885408 ) );
#12116 = CARTESIAN_POINT( '', ( 30.3000000000000, 43.1828576648404, 75.1229878525750 ) );
#12117 = DIRECTION( '', ( -1.00000000000000, 0.000000000000000, 0.000000000000000 ) );
#12118 = DIRECTION( '', ( 0.000000000000000, 0.000000000000000, 1.00000000000000 ) );
#12119 = CARTESIAN_POINT( '', ( 30.3000000000000, 0.000000000000000, 0.000000000000000 ) );
#12120 = DIRECTION( '', ( 1.00000000000000, 0.000000000000000, -0.000000000000000 ) );
#12121 = DIRECTION( '', ( -0.000000000000000, 0.000000000000000, -1.00000000000000 ) );
#12122 = CARTESIAN_POINT( '', ( 30.3000000000000, 39.8510634598246, 76.9422851306162 ) );
#12123 = DIRECTION( '', ( -1.00000000000000, 0.000000000000000, 0.000000000000000 ) );
#12124 = DIRECTION( '', ( 0.000000000000000, 0.000000000000000, 1.00000000000000 ) );
#12125 = DIRECTION( '', ( 0.000000000000000, 0.701474887706323, 0.712694171378861 ) );
#12126 = CARTESIAN_POINT( '', ( 30.3000000000000, 36.9446122706012, 78.5511655022764 ) );
#12127 = DIRECTION( '', ( -1.00000000000000, 0.000000000000000, 0.000000000000000 ) );
#12128 = DIRECTION( '', ( 0.000000000000000, 0.000000000000000, 1.00000000000000 ) );
#12129 = DIRECTION( '', ( 0.000000000000000, 0.909631995354530, -0.415415013001860 ) );
#12130 = CARTESIAN_POINT( '', ( 30.3000000000000, 35.1714339865264, 79.3609488912682 ) );
#12131 = DIRECTION( '', ( -1.00000000000000, 0.000000000000000, 0.000000000000000 ) );
#12132 = DIRECTION( '', ( 0.000000000000000, 0.000000000000000, 1.00000000000000 ) );
#12133 = DIRECTION( '', ( 0.000000000000000, -0.0792499568567857, -0.996854775951942 ) );
#12134 = CARTESIAN_POINT( '', ( 30.3000000000000, 32.0522025715062, 80.5039055593897 ) );
#12135 = DIRECTION( '', ( -1.00000000000000, 0.000000000000000, 0.000000000000000 ) );
#12136 = DIRECTION( '', ( 0.000000000000000, 0.000000000000000, 1.00000000000000 ) );
#12137 = CARTESIAN_POINT( '', ( 30.3000000000000, 0.000000000000000, 0.000000000000000 ) );
#12138 = DIRECTION( '', ( 1.00000000000000, 0.000000000000000, -0.000000000000000 ) );
#12139 = DIRECTION( '', ( -0.000000000000000, 0.000000000000000, -1.00000000000000 ) );
#12140 = CARTESIAN_POINT( '', ( 30.3000000000000, 28.4954082295515, 81.8305212609037 ) );
#12141 = DIRECTION( '', ( -1.00000000000000, 0.000000000000000, 0.000000000000000 ) );
#12142 = DIRECTION( '', ( 0.000000000000000, 0.000000000000000, 1.00000000000000 ) );
#12143 = DIRECTION( '', ( 0.000000000000000, 0.592907929054642, 0.805270257531058 ) );
#12144 = CARTESIAN_POINT( '', ( 30.3000000000000, 25.3895729727839, 83.0093944192509 ) );
#12145 = DIRECTION( '', ( -1.00000000000000, 0.000000000000000, 0.000000000000000 ) );
#12146 = DIRECTION( '', ( 0.000000000000000, 0.000000000000000, 1.00000000000000 ) );
#12147 = DIRECTION( '', ( 0.000000000000000, 0.959492973614506, -0.281732556841402 ) );
#12148 = CARTESIAN_POINT( '', ( 30.3000000000000, 23.5191988948883, 83.5585858002261 ) );
#12149 = DIRECTION( '', ( -1.00000000000000, 0.000000000000000, 0.000000000000000 ) );
#12150 = DIRECTION( '', ( 0.000000000000000, 0.000000000000000, 1.00000000000000 ) );
#12151 = DIRECTION( '', ( 0.000000000000000, 0.0634239196565673, -0.997986676471884 ) );
#12152 = CARTESIAN_POINT( '', ( 30.3000000000000, 20.2690570647357, 84.2459959031080 ) );
#12153 = DIRECTION( '', ( -1.00000000000000, 0.000000000000000, 0.000000000000000 ) );
#12154 = DIRECTION( '', ( 0.000000000000000, 0.000000000000000, 1.00000000000000 ) );
#12155 = CARTESIAN_POINT( '', ( 30.3000000000000, 0.000000000000000, 0.000000000000000 ) );
#12156 = DIRECTION( '', ( 1.00000000000000, 0.000000000000000, -0.000000000000000 ) );
#12157 = DIRECTION( '', ( -0.000000000000000, 0.000000000000000, -1.00000000000000 ) );
#12158 = CARTESIAN_POINT( '', ( 30.3000000000000, 16.5596686616963, 85.0529239580559 ) );
#12159 = DIRECTION( '', ( -1.00000000000000, 0.000000000000000, 0.000000000000000 ) );
#12160 = DIRECTION( '', ( 0.000000000000000, 0.000000000000000, 1.00000000000000 ) );
#12161 = DIRECTION( '', ( 0.000000000000000, 0.472271074772684, 0.881453363447581 ) );
#12162 = CARTESIAN_POINT( '', ( 30.3000000000000, 13.3176751867231, 85.7777914451755 ) );
#12163 = DIRECTION( '', ( -1.00000000000000, 0.000000000000000, 0.000000000000000 ) );
#12164 = DIRECTION( '', ( 0.000000000000000, 0.000000000000000, 1.00000000000000 ) );
#12165 = DIRECTION( '', ( 0.000000000000000, 0.989821441880937, -0.142314838273256 ) );
#12166 = CARTESIAN_POINT( '', ( 30.3000000000000, 11.3881807375192, 86.0552108653547 ) );
#12167 = DIRECTION( '', ( -1.00000000000000, 0.000000000000000, 0.000000000000000 ) );
#12168 = DIRECTION( '', ( 0.000000000000000, 0.000000000000000, 1.00000000000000 ) );
#12169 = DIRECTION( '', ( 0.000000000000000, 0.204806668065194, -0.978802446214778 ) );
#12170 = CARTESIAN_POINT( '', ( 30.3000000000000, 8.07329200726090, 86.2730807156294 ) );
#12171 = DIRECTION( '', ( -1.00000000000000, 0.000000000000000, 0.000000000000000 ) );
#12172 = DIRECTION( '', ( 0.000000000000000, 0.000000000000000, 1.00000000000000 ) );
#12173 = CARTESIAN_POINT( '', ( 30.3000000000000, 0.000000000000000, 0.000000000000000 ) );
#12174 = DIRECTION( '', ( 1.00000000000000, 0.000000000000000, -0.000000000000000 ) );
#12175 = DIRECTION( '', ( -0.000000000000000, 0.000000000000000, -1.00000000000000 ) );
#12176 = CARTESIAN_POINT( '', ( 30.3000000000000, 4.28682199403005, 86.5438943958007 ) );
#12177 = DIRECTION( '', ( -1.00000000000000, 0.000000000000000, 0.000000000000000 ) );
#12178 = DIRECTION( '', ( 0.000000000000000, 0.000000000000000, 1.00000000000000 ) );
#12179 = DIRECTION( '', ( 0.000000000000000, 0.342020143325671, 0.939692620785908 ) );
#12180 = CARTESIAN_POINT( '', ( 30.3000000000000, 0.974667938864491, 86.8000000000001 ) );
#12181 = DIRECTION( '', ( -1.00000000000000, 0.000000000000000, 0.000000000000000 ) );
#12182 = DIRECTION( '', ( 0.000000000000000, 0.000000000000000, 1.00000000000000 ) );
#12183 = DIRECTION( '', ( 0.000000000000000, 1.00000000000000, 2.84157232557761E-14 ) );
#12184 = CARTESIAN_POINT( '', ( 30.3000000000000, -0.974667938864462, 86.8000000000001 ) );
#12185 = DIRECTION( '', ( -1.00000000000000, 0.000000000000000, 0.000000000000000 ) );
#12186 = DIRECTION( '', ( 0.000000000000000, 0.000000000000000, 1.00000000000000 ) );
#12187 = DIRECTION( '', ( 0.000000000000000, 0.342020143325671, -0.939692620785908 ) );
#12188 = CARTESIAN_POINT( '', ( 30.3000000000000, -4.28682199403003, 86.5438943958007 ) );
#12189 = DIRECTION( '', ( -1.00000000000000, 0.000000000000000, 0.000000000000000 ) );
#12190 = DIRECTION( '', ( 0.000000000000000, 0.000000000000000, 1.00000000000000 ) );
#12191 = CARTESIAN_POINT( '', ( 30.3000000000000, 0.000000000000000, 0.000000000000000 ) );
#12192 = DIRECTION( '', ( 1.00000000000000, 0.000000000000000, -0.000000000000000 ) );
#12193 = DIRECTION( '', ( -0.000000000000000, 0.000000000000000, -1.00000000000000 ) );
#12194 = CARTESIAN_POINT( '', ( 30.3000000000000, -8.07329200726098, 86.2730807156294 ) );
#12195 = DIRECTION( '', ( -1.00000000000000, 0.000000000000000, 0.000000000000000 ) );
#12196 = DIRECTION( '', ( 0.000000000000000, 0.000000000000000, 1.00000000000000 ) );
#12197 = DIRECTION( '', ( 0.000000000000000, 0.204806668065192, 0.978802446214778 ) );
#12198 = CARTESIAN_POINT( '', ( 30.3000000000000, -11.3881807375193, 86.0552108653548 ) );
#12199 = DIRECTION( '', ( -1.00000000000000, 0.000000000000000, 0.000000000000000 ) );
#12200 = DIRECTION( '', ( 0.000000000000000, 0.000000000000000, 1.00000000000000 ) );
#12201 = DIRECTION( '', ( 0.000000000000000, 0.989821441880929, 0.142314838273314 ) );
#12202 = CARTESIAN_POINT( '', ( 30.3000000000000, -13.3176751867231, 85.7777914451754 ) );
#12203 = DIRECTION( '', ( -1.00000000000000, 0.000000000000000, 0.000000000000000 ) );
#12204 = DIRECTION( '', ( 0.000000000000000, 0.000000000000000, 1.00000000000000 ) );
#12205 = DIRECTION( '', ( 0.000000000000000, 0.472271074772685, -0.881453363447581 ) );
#12206 = CARTESIAN_POINT( '', ( 30.3000000000000, -16.5596686616964, 85.0529239580559 ) );
#12207 = DIRECTION( '', ( -1.00000000000000, 0.000000000000000, 0.000000000000000 ) );
#12208 = DIRECTION( '', ( 0.000000000000000, 0.000000000000000, 1.00000000000000 ) );
#12209 = CARTESIAN_POINT( '', ( 30.3000000000000, 0.000000000000000, 0.000000000000000 ) );
#12210 = DIRECTION( '', ( 1.00000000000000, 0.000000000000000, -0.000000000000000 ) );
#12211 = DIRECTION( '', ( -0.000000000000000, 0.000000000000000, -1.00000000000000 ) );
#12212 = CARTESIAN_POINT( '', ( 30.3000000000000, -20.2690570647357, 84.2459959031080 ) );
#12213 = DIRECTION( '', ( -1.00000000000000, 0.000000000000000, 0.000000000000000 ) );
#12214 = DIRECTION( '', ( 0.000000000000000, 0.000000000000000, 1.00000000000000 ) );
#12215 = DIRECTION( '', ( 0.000000000000000, 0.0634239196565666, 0.997986676471884 ) );
#12216 = CARTESIAN_POINT( '', ( 30.3000000000000, -23.5191988948883, 83.5585858002262 ) );
#12217 = DIRECTION( '', ( -1.00000000000000, 0.000000000000000, 0.000000000000000 ) );
#12218 = DIRECTION( '', ( 0.000000000000000, 0.000000000000000, 1.00000000000000 ) );
#12219 = DIRECTION( '', ( 0.000000000000000, 0.959492973614489, 0.281732556841457 ) );
#12220 = CARTESIAN_POINT( '', ( 30.3000000000000, -25.3895729727839, 83.0093944192508 ) );
#12221 = DIRECTION( '', ( -1.00000000000000, 0.000000000000000, 0.000000000000000 ) );
#12222 = DIRECTION( '', ( 0.000000000000000, 0.000000000000000, 1.00000000000000 ) );
#12223 = DIRECTION( '', ( 0.000000000000000, 0.592907929054643, -0.805270257531057 ) );
#12224 = CARTESIAN_POINT( '', ( 30.3000000000000, -28.4954082295515, 81.8305212609037 ) );
#12225 = DIRECTION( '', ( -1.00000000000000, 0.000000000000000, 0.000000000000000 ) );
#12226 = DIRECTION( '', ( 0.000000000000000, 0.000000000000000, 1.00000000000000 ) );
#12227 = CARTESIAN_POINT( '', ( 30.3000000000000, 0.000000000000000, 0.000000000000000 ) );
#12228 = DIRECTION( '', ( 1.00000000000000, 0.000000000000000, -0.000000000000000 ) );
#12229 = DIRECTION( '', ( -0.000000000000000, 0.000000000000000, -1.00000000000000 ) );
#12230 = CARTESIAN_POINT( '', ( 30.3000000000000, -32.0522025715063, 80.5039055593897 ) );
#12231 = DIRECTION( '', ( -1.00000000000000, 0.000000000000000, 0.000000000000000 ) );
#12232 = DIRECTION( '', ( 0.000000000000000, 0.000000000000000, 1.00000000000000 ) );
#12233 = DIRECTION( '', ( 0.000000000000000, -0.0792499568567865, 0.996854775951942 ) );
#12234 = CARTESIAN_POINT( '', ( 30.3000000000000, -35.1714339865264, 79.3609488912682 ) );
#12235 = DIRECTION( '', ( -1.00000000000000, 0.000000000000000, 0.000000000000000 ) );
#12236 = DIRECTION( '', ( 0.000000000000000, 0.000000000000000, 1.00000000000000 ) );
#12237 = DIRECTION( '', ( 0.000000000000000, 0.909631995354506, 0.415415013001912 ) );
#12238 = CARTESIAN_POINT( '', ( 30.3000000000000, -36.9446122706011, 78.5511655022764 ) );
#12239 = DIRECTION( '', ( -1.00000000000000, 0.000000000000000, 0.000000000000000 ) );
#12240 = DIRECTION( '', ( 0.000000000000000, 0.000000000000000, 1.00000000000000 ) );
#12241 = DIRECTION( '', ( 0.000000000000000, 0.701474887706323, -0.712694171378861 ) );
#12242 = CARTESIAN_POINT( '', ( 30.3000000000000, -39.8510634598246, 76.9422851306161 ) );
#12243 = DIRECTION( '', ( -1.00000000000000, 0.000000000000000, 0.000000000000000 ) );
#12244 = DIRECTION( '', ( 0.000000000000000, 0.000000000000000, 1.00000000000000 ) );
#12245 = CARTESIAN_POINT( '', ( 30.3000000000000, 0.000000000000000, 0.000000000000000 ) );
#12246 = DIRECTION( '', ( 1.00000000000000, 0.000000000000000, -0.000000000000000 ) );
#12247 = DIRECTION( '', ( -0.000000000000000, 0.000000000000000, -1.00000000000000 ) );
#12248 = CARTESIAN_POINT( '', ( 30.3000000000000, -43.1828576648404, 75.1229878525751 ) );
#12249 = DIRECTION( '', ( -1.00000000000000, 0.000000000000000, 0.000000000000000 ) );
#12250 = DIRECTION( '', ( 0.000000000000000, 0.000000000000000, 1.00000000000000 ) );
#12251 = DIRECTION( '', ( 0.000000000000000, -0.220310532786538, 0.975429786885408 ) );
#12252 = CARTESIAN_POINT( '', ( 30.3000000000000, -46.1076801082389, 73.5477519209621 ) );
#12253 = DIRECTION( '', ( -1.00000000000000, 0.000000000000000, 0.000000000000000 ) );
#12254 = DIRECTION( '', ( 0.000000000000000, 0.000000000000000, 1.00000000000000 ) );
#12255 = DIRECTION( '', ( 0.000000000000000, 0.841253532831166, 0.540640817455621 ) );
#12256 = CARTESIAN_POINT( '', ( 30.3000000000000, -47.7475658020529, 72.4938613785312 ) );
#12257 = DIRECTION( '', ( -1.00000000000000, 0.000000000000000, 0.000000000000000 ) );
#12258 = DIRECTION( '', ( 0.000000000000000, 0.000000000000000, 1.00000000000000 ) );
#12259 = DIRECTION( '', ( 0.000000000000000, 0.795761840530833, -0.605609687137665 ) );
#12260 = CARTESIAN_POINT( '', ( 30.3000000000000, -50.3954659590327, 70.4877259582970 ) );
#12261 = DIRECTION( '', ( -1.00000000000000, 0.000000000000000, 0.000000000000000 ) );
#12262 = DIRECTION( '', ( 0.000000000000000, 0.000000000000000, 1.00000000000000 ) );
#12263 = CARTESIAN_POINT( '', ( 30.3000000000000, 0.000000000000000, 0.000000000000000 ) );
#12264 = DIRECTION( '', ( 1.00000000000000, 0.000000000000000, -0.000000000000000 ) );
#12265 = DIRECTION( '', ( -0.000000000000000, 0.000000000000000, -1.00000000000000 ) );
#12266 = CARTESIAN_POINT( '', ( 30.3000000000000, -53.4344343051966, 68.2127827498896 ) );
#12267 = DIRECTION( '', ( -1.00000000000000, 0.000000000000000, 0.000000000000000 ) );
#12268 = DIRECTION( '', ( 0.000000000000000, 0.000000000000000, 1.00000000000000 ) );
#12269 = DIRECTION( '', ( 0.000000000000000, -0.356886221591870, 0.934147860265107 ) );
#12270 = CARTESIAN_POINT( '', ( 30.3000000000000, -56.1053068265172, 66.2373348157474 ) );
#12271 = DIRECTION( '', ( -1.00000000000000, 0.000000000000000, 0.000000000000000 ) );
#12272 = DIRECTION( '', ( 0.000000000000000, 0.000000000000000, 1.00000000000000 ) );
#12273 = DIRECTION( '', ( 0.000000000000000, 0.755749574354240, 0.654860733945307 ) );
#12274 = CARTESIAN_POINT( '', ( 30.3000000000000, -57.5785165863844, 64.9607912921520 ) );
#12275 = DIRECTION( '', ( -1.00000000000000, 0.000000000000000, 0.000000000000000 ) );
#12276 = DIRECTION( '', ( 0.000000000000000, 0.000000000000000, 1.00000000000000 ) );
#12277 = DIRECTION( '', ( 0.000000000000000, 0.873849377069786, -0.486196736100466 ) );
#12278 = CARTESIAN_POINT( '', ( 30.3000000000000, -59.9139620998380, 62.5982399552830 ) );
#12279 = DIRECTION( '', ( -1.00000000000000, 0.000000000000000, 0.000000000000000 ) );
#12280 = DIRECTION( '', ( 0.000000000000000, 0.000000000000000, 1.00000000000000 ) );
#12281 = CARTESIAN_POINT( '', ( 30.3000000000000, 0.000000000000000, 0.000000000000000 ) );
#12282 = DIRECTION( '', ( 1.00000000000000, 0.000000000000000, -0.000000000000000 ) );
#12283 = DIRECTION( '', ( -0.000000000000000, 0.000000000000000, -1.00000000000000 ) );
#12284 = CARTESIAN_POINT( '', ( 30.3000000000000, -62.5982399552830, 59.9139620998380 ) );
#12285 = DIRECTION( '', ( -1.00000000000000, 0.000000000000000, 0.000000000000000 ) );
#12286 = DIRECTION( '', ( 0.000000000000000, 0.000000000000000, 1.00000000000000 ) );
#12287 = DIRECTION( '', ( 0.000000000000000, -0.486196736100467, 0.873849377069786 ) );
#12288 = CARTESIAN_POINT( '', ( 30.3000000000000, -64.9607912921520, 57.5785165863844 ) );
#12289 = DIRECTION( '', ( -1.00000000000000, 0.000000000000000, 0.000000000000000 ) );
#12290 = DIRECTION( '', ( 0.000000000000000, 0.000000000000000, 1.00000000000000 ) );
#12291 = DIRECTION( '', ( 0.000000000000000, 0.654860733945263, 0.755749574354277 ) );
#12292 = CARTESIAN_POINT( '', ( 30.3000000000000, -66.2373348157474, 56.1053068265172 ) );
#12293 = DIRECTION( '', ( -1.00000000000000, 0.000000000000000, 0.000000000000000 ) );
#12294 = DIRECTION( '', ( 0.000000000000000, 0.000000000000000, 1.00000000000000 ) );
#12295 = DIRECTION( '', ( 0.000000000000000, 0.934147860265108, -0.356886221591869 ) );
#12296 = CARTESIAN_POINT( '', ( 30.3000000000000, -68.2127827498896, 53.4344343051966 ) );
#12297 = DIRECTION( '', ( -1.00000000000000, 0.000000000000000, 0.000000000000000 ) );
#12298 = DIRECTION( '', ( 0.000000000000000, 0.000000000000000, 1.00000000000000 ) );
#12299 = CARTESIAN_POINT( '', ( 30.3000000000000, 0.000000000000000, 0.000000000000000 ) );
#12300 = DIRECTION( '', ( 1.00000000000000, 0.000000000000000, -0.000000000000000 ) );
#12301 = DIRECTION( '', ( -0.000000000000000, 0.000000000000000, -1.00000000000000 ) );
#12302 = CARTESIAN_POINT( '', ( 30.3000000000000, -70.4877259582970, 50.3954659590328 ) );
#12303 = DIRECTION( '', ( -1.00000000000000, 0.000000000000000, 0.000000000000000 ) );
#12304 = DIRECTION( '', ( 0.000000000000000, 0.000000000000000, 1.00000000000000 ) );
#12305 = DIRECTION( '', ( 0.000000000000000, -0.605609687137665, 0.795761840530834 ) );
#12306 = CARTESIAN_POINT( '', ( 30.3000000000000, -72.4938613785312, 47.7475658020530 ) );
#12307 = DIRECTION( '', ( -1.00000000000000, 0.000000000000000, 0.000000000000000 ) );
#12308 = DIRECTION( '', ( 0.000000000000000, 0.000000000000000, 1.00000000000000 ) );
#12309 = DIRECTION( '', ( 0.000000000000000, 0.540640817455574, 0.841253532831197 ) );
#12310 = CARTESIAN_POINT( '', ( 30.3000000000000, -73.5477519209621, 46.1076801082389 ) );
#12311 = DIRECTION( '', ( -1.00000000000000, 0.000000000000000, 0.000000000000000 ) );
#12312 = DIRECTION( '', ( 0.000000000000000, 0.000000000000000, 1.00000000000000 ) );
#12313 = DIRECTION( '', ( 0.000000000000000, 0.975429786885408, -0.220310532786538 ) );
#12314 = CARTESIAN_POINT( '', ( 30.3000000000000, -75.1229878525750, 43.1828576648405 ) );
#12315 = DIRECTION( '', ( -1.00000000000000, 0.000000000000000, 0.000000000000000 ) );
#12316 = DIRECTION( '', ( 0.000000000000000, 0.000000000000000, 1.00000000000000 ) );
#12317 = CARTESIAN_POINT( '', ( 30.3000000000000, 0.000000000000000, 0.000000000000000 ) );
#12318 = DIRECTION( '', ( 1.00000000000000, 0.000000000000000, -0.000000000000000 ) );
#12319 = DIRECTION( '', ( -0.000000000000000, 0.000000000000000, -1.00000000000000 ) );
#12320 = CARTESIAN_POINT( '', ( 30.3000000000000, -76.9422851306162, 39.8510634598246 ) );
#12321 = DIRECTION( '', ( -1.00000000000000, 0.000000000000000, 0.000000000000000 ) );
#12322 = DIRECTION( '', ( 0.000000000000000, 0.000000000000000, 1.00000000000000 ) );
#12323 = DIRECTION( '', ( 0.000000000000000, -0.712694171378862, 0.701474887706322 ) );
#12324 = CARTESIAN_POINT( '', ( 30.3000000000000, -78.5511655022764, 36.9446122706011 ) );
#12325 = DIRECTION( '', ( -1.00000000000000, 0.000000000000000, 0.000000000000000 ) );
#12326 = DIRECTION( '', ( 0.000000000000000, 0.000000000000000, 1.00000000000000 ) );
#12327 = DIRECTION( '', ( 0.000000000000000, 0.415415013001860, 0.909631995354530 ) );
#12328 = CARTESIAN_POINT( '', ( 30.3000000000000, -79.3609488912682, 35.1714339865264 ) );
#12329 = DIRECTION( '', ( -1.00000000000000, 0.000000000000000, 0.000000000000000 ) );
#12330 = DIRECTION( '', ( 0.000000000000000, 0.000000000000000, 1.00000000000000 ) );
#12331 = DIRECTION( '', ( 0.000000000000000, 0.996854775951942, -0.0792499568567852 ) );
#12332 = CARTESIAN_POINT( '', ( 30.3000000000000, -80.5039055593897, 32.0522025715062 ) );
#12333 = DIRECTION( '', ( -1.00000000000000, 0.000000000000000, 0.000000000000000 ) );
#12334 = DIRECTION( '', ( 0.000000000000000, 0.000000000000000, 1.00000000000000 ) );
#12335 = CARTESIAN_POINT( '', ( 30.3000000000000, 0.000000000000000, 0.000000000000000 ) );
#12336 = DIRECTION( '', ( 1.00000000000000, 0.000000000000000, -0.000000000000000 ) );
#12337 = DIRECTION( '', ( -0.000000000000000, 0.000000000000000, -1.00000000000000 ) );
#12338 = CARTESIAN_POINT( '', ( 30.3000000000000, -81.8305212609037, 28.4954082295515 ) );
#12339 = DIRECTION( '', ( -1.00000000000000, 0.000000000000000, 0.000000000000000 ) );
#12340 = DIRECTION( '', ( 0.000000000000000, 0.000000000000000, 1.00000000000000 ) );
#12341 = DIRECTION( '', ( 0.000000000000000, -0.805270257531057, 0.592907929054642 ) );
#12342 = CARTESIAN_POINT( '', ( 30.3000000000000, -83.0093944192509, 25.3895729727839 ) );
#12343 = DIRECTION( '', ( -1.00000000000000, 0.000000000000000, 0.000000000000000 ) );
#12344 = DIRECTION( '', ( 0.000000000000000, 0.000000000000000, 1.00000000000000 ) );
#12345 = DIRECTION( '', ( 0.000000000000000, 0.281732556841402, 0.959492973614505 ) );
#12346 = CARTESIAN_POINT( '', ( 30.3000000000000, -83.5585858002261, 23.5191988948883 ) );
#12347 = DIRECTION( '', ( -1.00000000000000, 0.000000000000000, 0.000000000000000 ) );
#12348 = DIRECTION( '', ( 0.000000000000000, 0.000000000000000, 1.00000000000000 ) );
#12349 = DIRECTION( '', ( 0.000000000000000, 0.997986676471884, 0.0634239196565671 ) );
#12350 = CARTESIAN_POINT( '', ( 30.3000000000000, -84.2459959031080, 20.2690570647357 ) );
#12351 = DIRECTION( '', ( -1.00000000000000, 0.000000000000000, 0.000000000000000 ) );
#12352 = DIRECTION( '', ( 0.000000000000000, 0.000000000000000, 1.00000000000000 ) );
#12353 = CARTESIAN_POINT( '', ( 30.3000000000000, 0.000000000000000, 0.000000000000000 ) );
#12354 = DIRECTION( '', ( 1.00000000000000, 0.000000000000000, -0.000000000000000 ) );
#12355 = DIRECTION( '', ( -0.000000000000000, 0.000000000000000, -1.00000000000000 ) );
#12356 = CARTESIAN_POINT( '', ( 30.3000000000000, -85.0529239580559, 16.5596686616964 ) );
#12357 = DIRECTION( '', ( -1.00000000000000, 0.000000000000000, 0.000000000000000 ) );
#12358 = DIRECTION( '', ( 0.000000000000000, 0.000000000000000, 1.00000000000000 ) );
#12359 = DIRECTION( '', ( 0.000000000000000, -0.881453363447581, 0.472271074772685 ) );
#12360 = CARTESIAN_POINT( '', ( 30.3000000000000, -85.7777914451754, 13.3176751867231 ) );
#12361 = DIRECTION( '', ( -1.00000000000000, 0.000000000000000, 0.000000000000000 ) );
#12362 = DIRECTION( '', ( 0.000000000000000, 0.000000000000000, 1.00000000000000 ) );
#12363 = DIRECTION( '', ( 0.000000000000000, 0.142314838273257, 0.989821441880937 ) );
#12364 = CARTESIAN_POINT( '', ( 30.3000000000000, -86.0552108653547, 11.3881807375192 ) );
#12365 = DIRECTION( '', ( -1.00000000000000, 0.000000000000000, 0.000000000000000 ) );
#12366 = DIRECTION( '', ( 0.000000000000000, 0.000000000000000, 1.00000000000000 ) );
#12367 = DIRECTION( '', ( 0.000000000000000, 0.978802446214778, 0.204806668065193 ) );
#12368 = CARTESIAN_POINT( '', ( 30.3000000000000, -86.2730807156294, 8.07329200726095 ) );
#12369 = DIRECTION( '', ( -1.00000000000000, 0.000000000000000, 0.000000000000000 ) );
#12370 = DIRECTION( '', ( 0.000000000000000, 0.000000000000000, 1.00000000000000 ) );
#12371 = CARTESIAN_POINT( '', ( 30.3000000000000, 0.000000000000000, 0.000000000000000 ) );
#12372 = DIRECTION( '', ( 1.00000000000000, 0.000000000000000, -0.000000000000000 ) );
#12373 = DIRECTION( '', ( -0.000000000000000, 0.000000000000000, -1.00000000000000 ) );
#12374 = CARTESIAN_POINT( '', ( 30.3000000000000, -86.5438943958007, 4.28682199402998 ) );
#12375 = DIRECTION( '', ( -1.00000000000000, 0.000000000000000, 0.000000000000000 ) );
#12376 = DIRECTION( '', ( 0.000000000000000, 0.000000000000000, 1.00000000000000 ) );
#12377 = DIRECTION( '', ( 0.000000000000000, -0.939692620785908, 0.342020143325670 ) );
#12378 = CARTESIAN_POINT( '', ( 30.3000000000000, -86.8000000000001, 0.974667938864419 ) );
#12379 = DIRECTION( '', ( -1.00000000000000, 0.000000000000000, 0.000000000000000 ) );
#12380 = DIRECTION( '', ( 0.000000000000000, 0.000000000000000, 1.00000000000000 ) );
#12381 = DIRECTION( '', ( 0.000000000000000, -2.92426693355188E-14, 1.00000000000000 ) );
#12382 = CARTESIAN_POINT( '', ( 30.3000000000000, -86.8000000000001, -0.974667938864534 ) );
#12383 = DIRECTION( '', ( -1.00000000000000, 0.000000000000000, 0.000000000000000 ) );
#12384 = DIRECTION( '', ( 0.000000000000000, 0.000000000000000, 1.00000000000000 ) );
#12385 = DIRECTION( '', ( 0.000000000000000, 0.939692620785907, 0.342020143325672 ) );
#12386 = CARTESIAN_POINT( '', ( 30.3000000000000, -86.5438943958007, -4.28682199403010 ) );
#12387 = DIRECTION( '', ( -1.00000000000000, 0.000000000000000, 0.000000000000000 ) );
#12388 = DIRECTION( '', ( 0.000000000000000, 0.000000000000000, 1.00000000000000 ) );
#12389 = CARTESIAN_POINT( '', ( 30.3000000000000, 0.000000000000000, 0.000000000000000 ) );
#12390 = DIRECTION( '', ( 1.00000000000000, 0.000000000000000, -0.000000000000000 ) );
#12391 = DIRECTION( '', ( -0.000000000000000, 0.000000000000000, -1.00000000000000 ) );
#12392 = CARTESIAN_POINT( '', ( 30.3000000000000, -86.2730807156294, -8.07329200726092 ) );
#12393 = DIRECTION( '', ( -1.00000000000000, 0.000000000000000, 0.000000000000000 ) );
#12394 = DIRECTION( '', ( 0.000000000000000, 0.000000000000000, 1.00000000000000 ) );
#12395 = DIRECTION( '', ( 0.000000000000000, -0.978802446214778, 0.204806668065193 ) );
#12396 = CARTESIAN_POINT( '', ( 30.3000000000000, -86.0552108653548, -11.3881807375192 ) );
#12397 = DIRECTION( '', ( -1.00000000000000, 0.000000000000000, 0.000000000000000 ) );
#12398 = DIRECTION( '', ( 0.000000000000000, 0.000000000000000, 1.00000000000000 ) );
#12399 = DIRECTION( '', ( 0.000000000000000, -0.142314838273313, 0.989821441880929 ) );
#12400 = CARTESIAN_POINT( '', ( 30.3000000000000, -85.7777914451754, -13.3176751867231 ) );
#12401 = DIRECTION( '', ( -1.00000000000000, 0.000000000000000, 0.000000000000000 ) );
#12402 = DIRECTION( '', ( 0.000000000000000, 0.000000000000000, 1.00000000000000 ) );
#12403 = DIRECTION( '', ( 0.000000000000000, 0.881453363447581, 0.472271074772685 ) );
#12404 = CARTESIAN_POINT( '', ( 30.3000000000000, -85.0529239580559, -16.5596686616963 ) );
#12405 = DIRECTION( '', ( -1.00000000000000, 0.000000000000000, 0.000000000000000 ) );
#12406 = DIRECTION( '', ( 0.000000000000000, 0.000000000000000, 1.00000000000000 ) );
#12407 = CARTESIAN_POINT( '', ( 30.3000000000000, 0.000000000000000, 0.000000000000000 ) );
#12408 = DIRECTION( '', ( 1.00000000000000, 0.000000000000000, -0.000000000000000 ) );
#12409 = DIRECTION( '', ( -0.000000000000000, 0.000000000000000, -1.00000000000000 ) );
#12410 = CARTESIAN_POINT( '', ( 30.3000000000000, -84.2459959031080, -20.2690570647357 ) );
#12411 = DIRECTION( '', ( -1.00000000000000, 0.000000000000000, 0.000000000000000 ) );
#12412 = DIRECTION( '', ( 0.000000000000000, 0.000000000000000, 1.00000000000000 ) );
#12413 = DIRECTION( '', ( 0.000000000000000, -0.997986676471884, 0.0634239196565665 ) );
#12414 = CARTESIAN_POINT( '', ( 30.3000000000000, -83.5585858002262, -23.5191988948884 ) );
#12415 = DIRECTION( '', ( -1.00000000000000, 0.000000000000000, 0.000000000000000 ) );
#12416 = DIRECTION( '', ( 0.000000000000000, 0.000000000000000, 1.00000000000000 ) );
#12417 = DIRECTION( '', ( 0.000000000000000, -0.281732556841457, 0.959492973614489 ) );
#12418 = CARTESIAN_POINT( '', ( 30.3000000000000, -83.0093944192508, -25.3895729727839 ) );
#12419 = DIRECTION( '', ( -1.00000000000000, 0.000000000000000, 0.000000000000000 ) );
#12420 = DIRECTION( '', ( 0.000000000000000, 0.000000000000000, 1.00000000000000 ) );
#12421 = DIRECTION( '', ( 0.000000000000000, 0.805270257531057, 0.592907929054643 ) );
#12422 = CARTESIAN_POINT( '', ( 30.3000000000000, -81.8305212609037, -28.4954082295515 ) );
#12423 = DIRECTION( '', ( -1.00000000000000, 0.000000000000000, 0.000000000000000 ) );
#12424 = DIRECTION( '', ( 0.000000000000000, 0.000000000000000, 1.00000000000000 ) );
#12425 = CARTESIAN_POINT( '', ( 30.3000000000000, 0.000000000000000, 0.000000000000000 ) );
#12426 = DIRECTION( '', ( 1.00000000000000, 0.000000000000000, -0.000000000000000 ) );
#12427 = DIRECTION( '', ( -0.000000000000000, 0.000000000000000, -1.00000000000000 ) );
#12428 = CARTESIAN_POINT( '', ( 30.3000000000000, -80.5039055593897, -32.0522025715063 ) );
#12429 = DIRECTION( '', ( -1.00000000000000, 0.000000000000000, 0.000000000000000 ) );
#12430 = DIRECTION( '', ( 0.000000000000000, 0.000000000000000, 1.00000000000000 ) );
#12431 = DIRECTION( '', ( 0.000000000000000, -0.996854775951942, -0.0792499568567864 ) );
#12432 = CARTESIAN_POINT( '', ( 30.3000000000000, -79.3609488912682, -35.1714339865264 ) );
#12433 = DIRECTION( '', ( -1.00000000000000, 0.000000000000000, 0.000000000000000 ) );
#12434 = DIRECTION( '', ( 0.000000000000000, 0.000000000000000, 1.00000000000000 ) );
#12435 = DIRECTION( '', ( 0.000000000000000, -0.415415013001912, 0.909631995354506 ) );
#12436 = CARTESIAN_POINT( '', ( 30.3000000000000, -78.5511655022764, -36.9446122706011 ) );
#12437 = DIRECTION( '', ( -1.00000000000000, 0.000000000000000, 0.000000000000000 ) );
#12438 = DIRECTION( '', ( 0.000000000000000, 0.000000000000000, 1.00000000000000 ) );
#12439 = DIRECTION( '', ( 0.000000000000000, 0.712694171378861, 0.701474887706323 ) );
#12440 = CARTESIAN_POINT( '', ( 30.3000000000000, -76.9422851306161, -39.8510634598246 ) );
#12441 = DIRECTION( '', ( -1.00000000000000, 0.000000000000000, 0.000000000000000 ) );
#12442 = DIRECTION( '', ( 0.000000000000000, 0.000000000000000, 1.00000000000000 ) );
#12443 = CARTESIAN_POINT( '', ( 30.3000000000000, 0.000000000000000, 0.000000000000000 ) );
#12444 = DIRECTION( '', ( 1.00000000000000, 0.000000000000000, -0.000000000000000 ) );
#12445 = DIRECTION( '', ( -0.000000000000000, 0.000000000000000, -1.00000000000000 ) );
#12446 = CARTESIAN_POINT( '', ( 30.3000000000000, -75.1229878525751, -43.1828576648404 ) );
#12447 = DIRECTION( '', ( -1.00000000000000, 0.000000000000000, 0.000000000000000 ) );
#12448 = DIRECTION( '', ( 0.000000000000000, 0.000000000000000, 1.00000000000000 ) );
#12449 = DIRECTION( '', ( 0.000000000000000, -0.975429786885407, -0.220310532786539 ) );
#12450 = CARTESIAN_POINT( '', ( 30.3000000000000, -73.5477519209621, -46.1076801082389 ) );
#12451 = DIRECTION( '', ( -1.00000000000000, 0.000000000000000, 0.000000000000000 ) );
#12452 = DIRECTION( '', ( 0.000000000000000, 0.000000000000000, 1.00000000000000 ) );
#12453 = DIRECTION( '', ( 0.000000000000000, -0.540640817455622, 0.841253532831166 ) );
#12454 = CARTESIAN_POINT( '', ( 30.3000000000000, -72.4938613785312, -47.7475658020529 ) );
#12455 = DIRECTION( '', ( -1.00000000000000, 0.000000000000000, 0.000000000000000 ) );
#12456 = DIRECTION( '', ( 0.000000000000000, 0.000000000000000, 1.00000000000000 ) );
#12457 = DIRECTION( '', ( 0.000000000000000, 0.605609687137665, 0.795761840530834 ) );
#12458 = CARTESIAN_POINT( '', ( 30.3000000000000, -70.4877259582970, -50.3954659590328 ) );
#12459 = DIRECTION( '', ( -1.00000000000000, 0.000000000000000, 0.000000000000000 ) );
#12460 = DIRECTION( '', ( 0.000000000000000, 0.000000000000000, 1.00000000000000 ) );
#12461 = CARTESIAN_POINT( '', ( 30.3000000000000, 0.000000000000000, 0.000000000000000 ) );
#12462 = DIRECTION( '', ( 1.00000000000000, 0.000000000000000, -0.000000000000000 ) );
#12463 = DIRECTION( '', ( -0.000000000000000, 0.000000000000000, -1.00000000000000 ) );
#12464 = CARTESIAN_POINT( '', ( 30.3000000000000, -68.2127827498896, -53.4344343051967 ) );
#12465 = DIRECTION( '', ( -1.00000000000000, 0.000000000000000, 0.000000000000000 ) );
#12466 = DIRECTION( '', ( 0.000000000000000, 0.000000000000000, 1.00000000000000 ) );
#12467 = DIRECTION( '', ( 0.000000000000000, -0.934147860265107, -0.356886221591870 ) );
#12468 = CARTESIAN_POINT( '', ( 30.3000000000000, -66.2373348157474, -56.1053068265173 ) );
#12469 = DIRECTION( '', ( -1.00000000000000, 0.000000000000000, 0.000000000000000 ) );
#12470 = DIRECTION( '', ( 0.000000000000000, 0.000000000000000, 1.00000000000000 ) );
#12471 = DIRECTION( '', ( 0.000000000000000, -0.654860733945307, 0.755749574354240 ) );
#12472 = CARTESIAN_POINT( '', ( 30.3000000000000, -64.9607912921519, -57.5785165863844 ) );
#12473 = DIRECTION( '', ( -1.00000000000000, 0.000000000000000, 0.000000000000000 ) );
#12474 = DIRECTION( '', ( 0.000000000000000, 0.000000000000000, 1.00000000000000 ) );
#12475 = DIRECTION( '', ( 0.000000000000000, 0.486196736100466, 0.873849377069786 ) );
#12476 = CARTESIAN_POINT( '', ( 30.3000000000000, -62.5982399552829, -59.9139620998380 ) );
#12477 = DIRECTION( '', ( -1.00000000000000, 0.000000000000000, 0.000000000000000 ) );
#12478 = DIRECTION( '', ( 0.000000000000000, 0.000000000000000, 1.00000000000000 ) );
#12479 = CARTESIAN_POINT( '', ( 30.3000000000000, 0.000000000000000, 0.000000000000000 ) );
#12480 = DIRECTION( '', ( 1.00000000000000, 0.000000000000000, -0.000000000000000 ) );
#12481 = DIRECTION( '', ( -0.000000000000000, 0.000000000000000, -1.00000000000000 ) );
#12482 = CARTESIAN_POINT( '', ( 30.3000000000000, -59.9139620998380, -62.5982399552830 ) );
#12483 = DIRECTION( '', ( -1.00000000000000, 0.000000000000000, 0.000000000000000 ) );
#12484 = DIRECTION( '', ( 0.000000000000000, 0.000000000000000, 1.00000000000000 ) );
#12485 = DIRECTION( '', ( 0.000000000000000, -0.873849377069786, -0.486196736100467 ) );
#12486 = CARTESIAN_POINT( '', ( 30.3000000000000, -57.5785165863844, -64.9607912921520 ) );
#12487 = DIRECTION( '', ( -1.00000000000000, 0.000000000000000, 0.000000000000000 ) );
#12488 = DIRECTION( '', ( 0.000000000000000, 0.000000000000000, 1.00000000000000 ) );
#12489 = DIRECTION( '', ( 0.000000000000000, -0.755749574354277, 0.654860733945263 ) );
#12490 = CARTESIAN_POINT( '', ( 30.3000000000000, -56.1053068265172, -66.2373348157474 ) );
#12491 = DIRECTION( '', ( -1.00000000000000, 0.000000000000000, 0.000000000000000 ) );
#12492 = DIRECTION( '', ( 0.000000000000000, 0.000000000000000, 1.00000000000000 ) );
#12493 = DIRECTION( '', ( 0.000000000000000, 0.356886221591869, 0.934147860265108 ) );
#12494 = CARTESIAN_POINT( '', ( 30.3000000000000, -53.4344343051966, -68.2127827498896 ) );
#12495 = DIRECTION( '', ( -1.00000000000000, 0.000000000000000, 0.000000000000000 ) );
#12496 = DIRECTION( '', ( 0.000000000000000, 0.000000000000000, 1.00000000000000 ) );
#12497 = CARTESIAN_POINT( '', ( 30.3000000000000, 0.000000000000000, 0.000000000000000 ) );
#12498 = DIRECTION( '', ( 1.00000000000000, 0.000000000000000, -0.000000000000000 ) );
#12499 = DIRECTION( '', ( -0.000000000000000, 0.000000000000000, -1.00000000000000 ) );
#12500 = CARTESIAN_POINT( '', ( 30.3000000000000, -50.3954659590328, -70.4877259582970 ) );
#12501 = DIRECTION( '', ( -1.00000000000000, 0.000000000000000, 0.000000000000000 ) );
#12502 = DIRECTION( '', ( 0.000000000000000, 0.000000000000000, 1.00000000000000 ) );
#12503 = DIRECTION( '', ( 0.000000000000000, -0.795761840530833, -0.605609687137665 ) );
#12504 = CARTESIAN_POINT( '', ( 30.3000000000000, -47.7475658020530, -72.4938613785312 ) );
#12505 = DIRECTION( '', ( -1.00000000000000, 0.000000000000000, 0.000000000000000 ) );
#12506 = DIRECTION( '', ( 0.000000000000000, 0.000000000000000, 1.00000000000000 ) );
#12507 = DIRECTION( '', ( 0.000000000000000, -0.841253532831197, 0.540640817455573 ) );
#12508 = CARTESIAN_POINT( '', ( 30.3000000000000, -46.1076801082389, -73.5477519209621 ) );
#12509 = DIRECTION( '', ( -1.00000000000000, 0.000000000000000, 0.000000000000000 ) );
#12510 = DIRECTION( '', ( 0.000000000000000, 0.000000000000000, 1.00000000000000 ) );
#12511 = DIRECTION( '', ( 0.000000000000000, 0.220310532786538, 0.975429786885408 ) );
#12512 = CARTESIAN_POINT( '', ( 30.3000000000000, -43.1828576648404, -75.1229878525751 ) );
#12513 = DIRECTION( '', ( -1.00000000000000, 0.000000000000000, 0.000000000000000 ) );
#12514 = DIRECTION( '', ( 0.000000000000000, 0.000000000000000, 1.00000000000000 ) );
#12515 = CARTESIAN_POINT( '', ( 30.3000000000000, 0.000000000000000, 0.000000000000000 ) );
#12516 = DIRECTION( '', ( 1.00000000000000, 0.000000000000000, -0.000000000000000 ) );
#12517 = DIRECTION( '', ( -0.000000000000000, 0.000000000000000, -1.00000000000000 ) );
#12518 = CARTESIAN_POINT( '', ( 30.3000000000000, -39.8510634598246, -76.9422851306162 ) );
#12519 = DIRECTION( '', ( -1.00000000000000, 0.000000000000000, 0.000000000000000 ) );
#12520 = DIRECTION( '', ( 0.000000000000000, 0.000000000000000, 1.00000000000000 ) );
#12521 = DIRECTION( '', ( 0.000000000000000, -0.701474887706322, -0.712694171378862 ) );
#12522 = CARTESIAN_POINT( '', ( 30.3000000000000, -36.9446122706011, -78.5511655022764 ) );
#12523 = DIRECTION( '', ( -1.00000000000000, 0.000000000000000, 0.000000000000000 ) );
#12524 = DIRECTION( '', ( 0.000000000000000, 0.000000000000000, 1.00000000000000 ) );
#12525 = DIRECTION( '', ( 0.000000000000000, -0.909631995354531, 0.415415013001860 ) );
#12526 = CARTESIAN_POINT( '', ( 30.3000000000000, -35.1714339865263, -79.3609488912682 ) );
#12527 = DIRECTION( '', ( -1.00000000000000, 0.000000000000000, 0.000000000000000 ) );
#12528 = DIRECTION( '', ( 0.000000000000000, 0.000000000000000, 1.00000000000000 ) );
#12529 = DIRECTION( '', ( 0.000000000000000, 0.0792499568567850, 0.996854775951942 ) );
#12530 = CARTESIAN_POINT( '', ( 30.3000000000000, -32.0522025715062, -80.5039055593897 ) );
#12531 = DIRECTION( '', ( -1.00000000000000, 0.000000000000000, 0.000000000000000 ) );
#12532 = DIRECTION( '', ( 0.000000000000000, 0.000000000000000, 1.00000000000000 ) );
#12533 = CARTESIAN_POINT( '', ( 30.3000000000000, 0.000000000000000, 0.000000000000000 ) );
#12534 = DIRECTION( '', ( 1.00000000000000, 0.000000000000000, -0.000000000000000 ) );
#12535 = DIRECTION( '', ( -0.000000000000000, 0.000000000000000, -1.00000000000000 ) );
#12536 = CARTESIAN_POINT( '', ( 30.3000000000000, -28.4954082295515, -81.8305212609037 ) );
#12537 = DIRECTION( '', ( -1.00000000000000, 0.000000000000000, 0.000000000000000 ) );
#12538 = DIRECTION( '', ( 0.000000000000000, 0.000000000000000, 1.00000000000000 ) );
#12539 = DIRECTION( '', ( 0.000000000000000, -0.592907929054642, -0.805270257531057 ) );
#12540 = CARTESIAN_POINT( '', ( 30.3000000000000, -25.3895729727839, -83.0093944192509 ) );
#12541 = DIRECTION( '', ( -1.00000000000000, 0.000000000000000, 0.000000000000000 ) );
#12542 = DIRECTION( '', ( 0.000000000000000, 0.000000000000000, 1.00000000000000 ) );
#12543 = DIRECTION( '', ( 0.000000000000000, -0.959492973614505, 0.281732556841402 ) );
#12544 = CARTESIAN_POINT( '', ( 30.3000000000000, -23.5191988948883, -83.5585858002261 ) );
#12545 = DIRECTION( '', ( -1.00000000000000, 0.000000000000000, 0.000000000000000 ) );
#12546 = DIRECTION( '', ( 0.000000000000000, 0.000000000000000, 1.00000000000000 ) );
#12547 = DIRECTION( '', ( 0.000000000000000, -0.0634239196565671, 0.997986676471884 ) );
#12548 = CARTESIAN_POINT( '', ( 30.3000000000000, -20.2690570647357, -84.2459959031080 ) );
#12549 = DIRECTION( '', ( -1.00000000000000, 0.000000000000000, 0.000000000000000 ) );
#12550 = DIRECTION( '', ( 0.000000000000000, 0.000000000000000, 1.00000000000000 ) );
#12551 = CARTESIAN_POINT( '', ( 30.3000000000000, 0.000000000000000, 0.000000000000000 ) );
#12552 = DIRECTION( '', ( 1.00000000000000, 0.000000000000000, -0.000000000000000 ) );
#12553 = DIRECTION( '', ( -0.000000000000000, 0.000000000000000, -1.00000000000000 ) );
#12554 = CARTESIAN_POINT( '', ( 30.3000000000000, -16.5596686616963, -85.0529239580559 ) );
#12555 = DIRECTION( '', ( -1.00000000000000, 0.000000000000000, 0.000000000000000 ) );
#12556 = DIRECTION( '', ( 0.000000000000000, 0.000000000000000, 1.00000000000000 ) );
#12557 = DIRECTION( '', ( 0.000000000000000, -0.472271074772684, -0.881453363447581 ) );
#12558 = CARTESIAN_POINT( '', ( 30.3000000000000, -13.3176751867231, -85.7777914451755 ) );
#12559 = DIRECTION( '', ( -1.00000000000000, 0.000000000000000, 0.000000000000000 ) );
#12560 = DIRECTION( '', ( 0.000000000000000, 0.000000000000000, 1.00000000000000 ) );
#12561 = DIRECTION( '', ( 0.000000000000000, -0.989821441880937, 0.142314838273256 ) );
#12562 = CARTESIAN_POINT( '', ( 30.3000000000000, -11.3881807375192, -86.0552108653547 ) );
#12563 = DIRECTION( '', ( -1.00000000000000, 0.000000000000000, 0.000000000000000 ) );
#12564 = DIRECTION( '', ( 0.000000000000000, 0.000000000000000, 1.00000000000000 ) );
#12565 = DIRECTION( '', ( 0.000000000000000, -0.204806668065194, 0.978802446214778 ) );
#12566 = CARTESIAN_POINT( '', ( 30.3000000000000, -8.07329200726088, -86.2730807156294 ) );
#12567 = DIRECTION( '', ( -1.00000000000000, 0.000000000000000, 0.000000000000000 ) );
#12568 = DIRECTION( '', ( 0.000000000000000, 0.000000000000000, 1.00000000000000 ) );
#12569 = CARTESIAN_POINT( '', ( 30.3000000000000, 0.000000000000000, 0.000000000000000 ) );
#12570 = DIRECTION( '', ( 1.00000000000000, 0.000000000000000, -0.000000000000000 ) );
#12571 = DIRECTION( '', ( -0.000000000000000, 0.000000000000000, -1.00000000000000 ) );
#12572 = CARTESIAN_POINT( '', ( 30.3000000000000, -4.28682199402996, -86.5438943958007 ) );
#12573 = DIRECTION( '', ( -1.00000000000000, 0.000000000000000, 0.000000000000000 ) );
#12574 = DIRECTION( '', ( 0.000000000000000, 0.000000000000000, 1.00000000000000 ) );
#12575 = DIRECTION( '', ( 0.000000000000000, -0.342020143325670, -0.939692620785908 ) );
#12576 = CARTESIAN_POINT( '', ( 30.3000000000000, -0.974667938864403, -86.8000000000001 ) );
#12577 = DIRECTION( '', ( -1.00000000000000, 0.000000000000000, 0.000000000000000 ) );
#12578 = DIRECTION( '', ( 0.000000000000000, 0.000000000000000, 1.00000000000000 ) );
#12579 = DIRECTION( '', ( 0.000000000000000, -1.00000000000000, -2.94263663553909E-14 ) );
#12580 = CARTESIAN_POINT( '', ( 30.3000000000000, 0.974667938864549, -86.8000000000001 ) );
#12581 = DIRECTION( '', ( -1.00000000000000, 0.000000000000000, 0.000000000000000 ) );
#12582 = DIRECTION( '', ( 0.000000000000000, 0.000000000000000, 1.00000000000000 ) );
#12583 = DIRECTION( '', ( 0.000000000000000, -0.342020143325672, 0.939692620785907 ) );
#12584 = CARTESIAN_POINT( '', ( 30.3000000000000, 4.28682199403012, -86.5438943958007 ) );
#12585 = DIRECTION( '', ( -1.00000000000000, 0.000000000000000, 0.000000000000000 ) );
#12586 = DIRECTION( '', ( 0.000000000000000, 0.000000000000000, 1.00000000000000 ) );
#12587 = CARTESIAN_POINT( '', ( 30.3000000000000, 0.000000000000000, 0.000000000000000 ) );
#12588 = DIRECTION( '', ( 1.00000000000000, 0.000000000000000, -0.000000000000000 ) );
#12589 = DIRECTION( '', ( -0.000000000000000, 0.000000000000000, -1.00000000000000 ) );
#12590 = CARTESIAN_POINT( '', ( 30.3000000000000, 8.07329200726103, -86.2730807156294 ) );
#12591 = DIRECTION( '', ( -1.00000000000000, 0.000000000000000, 0.000000000000000 ) );
#12592 = DIRECTION( '', ( 0.000000000000000, 0.000000000000000, 1.00000000000000 ) );
#12593 = DIRECTION( '', ( 0.000000000000000, -0.204806668065192, -0.978802446214778 ) );
#12594 = CARTESIAN_POINT( '', ( 30.3000000000000, 11.3881807375193, -86.0552108653547 ) );
#12595 = DIRECTION( '', ( -1.00000000000000, 0.000000000000000, 0.000000000000000 ) );
#12596 = DIRECTION( '', ( 0.000000000000000, 0.000000000000000, 1.00000000000000 ) );
#12597 = DIRECTION( '', ( 0.000000000000000, -0.989821441880929, -0.142314838273314 ) );
#12598 = CARTESIAN_POINT( '', ( 30.3000000000000, 13.3176751867232, -85.7777914451754 ) );
#12599 = DIRECTION( '', ( -1.00000000000000, 0.000000000000000, 0.000000000000000 ) );
#12600 = DIRECTION( '', ( 0.000000000000000, 0.000000000000000, 1.00000000000000 ) );
#12601 = DIRECTION( '', ( 0.000000000000000, -0.472271074772686, 0.881453363447580 ) );
#12602 = CARTESIAN_POINT( '', ( 30.3000000000000, 16.5596686616964, -85.0529239580559 ) );
#12603 = DIRECTION( '', ( -1.00000000000000, 0.000000000000000, 0.000000000000000 ) );
#12604 = DIRECTION( '', ( 0.000000000000000, 0.000000000000000, 1.00000000000000 ) );
#12605 = CARTESIAN_POINT( '', ( 30.3000000000000, 0.000000000000000, 0.000000000000000 ) );
#12606 = DIRECTION( '', ( 1.00000000000000, 0.000000000000000, -0.000000000000000 ) );
#12607 = DIRECTION( '', ( -0.000000000000000, 0.000000000000000, -1.00000000000000 ) );
#12608 = CARTESIAN_POINT( '', ( 30.3000000000000, 20.2690570647357, -84.2459959031080 ) );
#12609 = DIRECTION( '', ( -1.00000000000000, 0.000000000000000, 0.000000000000000 ) );
#12610 = DIRECTION( '', ( 0.000000000000000, 0.000000000000000, 1.00000000000000 ) );
#12611 = DIRECTION( '', ( 0.000000000000000, -0.0634239196565666, -0.997986676471884 ) );
#12612 = CARTESIAN_POINT( '', ( 30.3000000000000, 23.5191988948883, -83.5585858002262 ) );
#12613 = DIRECTION( '', ( -1.00000000000000, 0.000000000000000, 0.000000000000000 ) );
#12614 = DIRECTION( '', ( 0.000000000000000, 0.000000000000000, 1.00000000000000 ) );
#12615 = DIRECTION( '', ( 0.000000000000000, -0.959492973614489, -0.281732556841457 ) );
#12616 = CARTESIAN_POINT( '', ( 30.3000000000000, 25.3895729727839, -83.0093944192508 ) );
#12617 = DIRECTION( '', ( -1.00000000000000, 0.000000000000000, 0.000000000000000 ) );
#12618 = DIRECTION( '', ( 0.000000000000000, 0.000000000000000, 1.00000000000000 ) );
#12619 = DIRECTION( '', ( 0.000000000000000, -0.592907929054643, 0.805270257531057 ) );
#12620 = CARTESIAN_POINT( '', ( 30.3000000000000, 28.4954082295515, -81.8305212609037 ) );
#12621 = DIRECTION( '', ( -1.00000000000000, 0.000000000000000, 0.000000000000000 ) );
#12622 = DIRECTION( '', ( 0.000000000000000, 0.000000000000000, 1.00000000000000 ) );
#12623 = CARTESIAN_POINT( '', ( 30.3000000000000, 0.000000000000000, 0.000000000000000 ) );
#12624 = DIRECTION( '', ( 1.00000000000000, 0.000000000000000, -0.000000000000000 ) );
#12625 = DIRECTION( '', ( -0.000000000000000, 0.000000000000000, -1.00000000000000 ) );
#12626 = CARTESIAN_POINT( '', ( 30.3000000000000, 32.0522025715063, -80.5039055593897 ) );
#12627 = DIRECTION( '', ( -1.00000000000000, 0.000000000000000, 0.000000000000000 ) );
#12628 = DIRECTION( '', ( 0.000000000000000, 0.000000000000000, 1.00000000000000 ) );
#12629 = DIRECTION( '', ( 0.000000000000000, 0.0792499568567868, -0.996854775951942 ) );
#12630 = CARTESIAN_POINT( '', ( 30.3000000000000, 35.1714339865265, -79.3609488912682 ) );
#12631 = DIRECTION( '', ( -1.00000000000000, 0.000000000000000, 0.000000000000000 ) );
#12632 = DIRECTION( '', ( 0.000000000000000, 0.000000000000000, 1.00000000000000 ) );
#12633 = DIRECTION( '', ( 0.000000000000000, -0.909631995354506, -0.415415013001913 ) );
#12634 = CARTESIAN_POINT( '', ( 30.3000000000000, 36.9446122706012, -78.5511655022763 ) );
#12635 = DIRECTION( '', ( -1.00000000000000, 0.000000000000000, 0.000000000000000 ) );
#12636 = DIRECTION( '', ( 0.000000000000000, 0.000000000000000, 1.00000000000000 ) );
#12637 = DIRECTION( '', ( 0.000000000000000, -0.701474887706323, 0.712694171378861 ) );
#12638 = CARTESIAN_POINT( '', ( 30.3000000000000, 39.8510634598247, -76.9422851306161 ) );
#12639 = DIRECTION( '', ( -1.00000000000000, 0.000000000000000, 0.000000000000000 ) );
#12640 = DIRECTION( '', ( 0.000000000000000, 0.000000000000000, 1.00000000000000 ) );
#12641 = CARTESIAN_POINT( '', ( 30.3000000000000, 0.000000000000000, 0.000000000000000 ) );
#12642 = DIRECTION( '', ( 1.00000000000000, 0.000000000000000, -0.000000000000000 ) );
#12643 = DIRECTION( '', ( -0.000000000000000, 0.000000000000000, -1.00000000000000 ) );
#12644 = CARTESIAN_POINT( '', ( 30.3000000000000, 43.1828576648405, -75.1229878525751 ) );
#12645 = DIRECTION( '', ( -1.00000000000000, 0.000000000000000, 0.000000000000000 ) );
#12646 = DIRECTION( '', ( 0.000000000000000, 0.000000000000000, 1.00000000000000 ) );
#12647 = DIRECTION( '', ( 0.000000000000000, 0.220310532786539, -0.975429786885407 ) );
#12648 = CARTESIAN_POINT( '', ( 30.3000000000000, 46.1076801082389, -73.5477519209621 ) );
#12649 = DIRECTION( '', ( -1.00000000000000, 0.000000000000000, 0.000000000000000 ) );
#12650 = DIRECTION( '', ( 0.000000000000000, 0.000000000000000, 1.00000000000000 ) );
#12651 = DIRECTION( '', ( 0.000000000000000, -0.841253532831166, -0.540640817455622 ) );
#12652 = CARTESIAN_POINT( '', ( 30.3000000000000, 47.7475658020530, -72.4938613785311 ) );
#12653 = DIRECTION( '', ( -1.00000000000000, 0.000000000000000, 0.000000000000000 ) );
#12654 = DIRECTION( '', ( 0.000000000000000, 0.000000000000000, 1.00000000000000 ) );
#12655 = DIRECTION( '', ( 0.000000000000000, -0.795761840530834, 0.605609687137664 ) );
#12656 = CARTESIAN_POINT( '', ( 30.3000000000000, 50.3954659590328, -70.4877259582970 ) );
#12657 = DIRECTION( '', ( -1.00000000000000, 0.000000000000000, 0.000000000000000 ) );
#12658 = DIRECTION( '', ( 0.000000000000000, 0.000000000000000, 1.00000000000000 ) );
#12659 = CARTESIAN_POINT( '', ( 30.3000000000000, 0.000000000000000, 0.000000000000000 ) );
#12660 = DIRECTION( '', ( 1.00000000000000, 0.000000000000000, -0.000000000000000 ) );
#12661 = DIRECTION( '', ( -0.000000000000000, 0.000000000000000, -1.00000000000000 ) );
#12662 = CARTESIAN_POINT( '', ( 30.3000000000000, 53.4344343051967, -68.2127827498896 ) );
#12663 = DIRECTION( '', ( -1.00000000000000, 0.000000000000000, 0.000000000000000 ) );
#12664 = DIRECTION( '', ( 0.000000000000000, 0.000000000000000, 1.00000000000000 ) );
#12665 = DIRECTION( '', ( 0.000000000000000, 0.356886221591870, -0.934147860265107 ) );
#12666 = CARTESIAN_POINT( '', ( 30.3000000000000, 56.1053068265173, -66.2373348157474 ) );
#12667 = DIRECTION( '', ( -1.00000000000000, 0.000000000000000, 0.000000000000000 ) );
#12668 = DIRECTION( '', ( 0.000000000000000, 0.000000000000000, 1.00000000000000 ) );
#12669 = DIRECTION( '', ( 0.000000000000000, -0.755749574354239, -0.654860733945307 ) );
#12670 = CARTESIAN_POINT( '', ( 30.3000000000000, 57.5785165863844, -64.9607912921519 ) );
#12671 = DIRECTION( '', ( -1.00000000000000, 0.000000000000000, 0.000000000000000 ) );
#12672 = DIRECTION( '', ( 0.000000000000000, 0.000000000000000, 1.00000000000000 ) );
#12673 = DIRECTION( '', ( 0.000000000000000, -0.873849377069786, 0.486196736100466 ) );
#12674 = CARTESIAN_POINT( '', ( 30.3000000000000, 59.9139620998380, -62.5982399552829 ) );
#12675 = DIRECTION( '', ( -1.00000000000000, 0.000000000000000, 0.000000000000000 ) );
#12676 = DIRECTION( '', ( 0.000000000000000, 0.000000000000000, 1.00000000000000 ) );
#12677 = CARTESIAN_POINT( '', ( 30.3000000000000, 0.000000000000000, 0.000000000000000 ) );
#12678 = DIRECTION( '', ( 1.00000000000000, 0.000000000000000, -0.000000000000000 ) );
#12679 = DIRECTION( '', ( -0.000000000000000, 0.000000000000000, -1.00000000000000 ) );
#12680 = CARTESIAN_POINT( '', ( 30.3000000000000, 62.5982399552830, -59.9139620998380 ) );
#12681 = DIRECTION( '', ( -1.00000000000000, 0.000000000000000, 0.000000000000000 ) );
#12682 = DIRECTION( '', ( 0.000000000000000, 0.000000000000000, 1.00000000000000 ) );
#12683 = DIRECTION( '', ( 0.000000000000000, 0.486196736100467, -0.873849377069786 ) );
#12684 = CARTESIAN_POINT( '', ( 30.3000000000000, 64.9607912921520, -57.5785165863844 ) );
#12685 = DIRECTION( '', ( -1.00000000000000, 0.000000000000000, 0.000000000000000 ) );
#12686 = DIRECTION( '', ( 0.000000000000000, 0.000000000000000, 1.00000000000000 ) );
#12687 = DIRECTION( '', ( 0.000000000000000, -0.654860733945263, -0.755749574354277 ) );
#12688 = CARTESIAN_POINT( '', ( 30.3000000000000, 66.2373348157474, -56.1053068265172 ) );
#12689 = DIRECTION( '', ( -1.00000000000000, 0.000000000000000, 0.000000000000000 ) );
#12690 = DIRECTION( '', ( 0.000000000000000, 0.000000000000000, 1.00000000000000 ) );
#12691 = DIRECTION( '', ( 0.000000000000000, -0.934147860265108, 0.356886221591869 ) );
#12692 = CARTESIAN_POINT( '', ( 30.3000000000000, 68.2127827498896, -53.4344343051966 ) );
#12693 = DIRECTION( '', ( -1.00000000000000, 0.000000000000000, 0.000000000000000 ) );
#12694 = DIRECTION( '', ( 0.000000000000000, 0.000000000000000, 1.00000000000000 ) );
#12695 = CARTESIAN_POINT( '', ( 30.3000000000000, 0.000000000000000, 0.000000000000000 ) );
#12696 = DIRECTION( '', ( 1.00000000000000, 0.000000000000000, -0.000000000000000 ) );
#12697 = DIRECTION( '', ( -0.000000000000000, 0.000000000000000, -1.00000000000000 ) );
#12698 = CARTESIAN_POINT( '', ( 30.3000000000000, 70.4877259582970, -50.3954659590328 ) );
#12699 = DIRECTION( '', ( -1.00000000000000, 0.000000000000000, 0.000000000000000 ) );
#12700 = DIRECTION( '', ( 0.000000000000000, 0.000000000000000, 1.00000000000000 ) );
#12701 = DIRECTION( '', ( 0.000000000000000, 0.605609687137666, -0.795761840530833 ) );
#12702 = CARTESIAN_POINT( '', ( 30.3000000000000, 72.4938613785312, -47.7475658020529 ) );
#12703 = DIRECTION( '', ( -1.00000000000000, 0.000000000000000, 0.000000000000000 ) );
#12704 = DIRECTION( '', ( 0.000000000000000, 0.000000000000000, 1.00000000000000 ) );
#12705 = DIRECTION( '', ( 0.000000000000000, -0.540640817455573, -0.841253532831197 ) );
#12706 = CARTESIAN_POINT( '', ( 30.3000000000000, 73.5477519209621, -46.1076801082388 ) );
#12707 = DIRECTION( '', ( -1.00000000000000, 0.000000000000000, 0.000000000000000 ) );
#12708 = DIRECTION( '', ( 0.000000000000000, 0.000000000000000, 1.00000000000000 ) );
#12709 = DIRECTION( '', ( 0.000000000000000, -0.975429786885408, 0.220310532786537 ) );
#12710 = CARTESIAN_POINT( '', ( 30.3000000000000, 75.1229878525751, -43.1828576648404 ) );
#12711 = DIRECTION( '', ( -1.00000000000000, 0.000000000000000, 0.000000000000000 ) );
#12712 = DIRECTION( '', ( 0.000000000000000, 0.000000000000000, 1.00000000000000 ) );
#12713 = CARTESIAN_POINT( '', ( 30.3000000000000, 0.000000000000000, 0.000000000000000 ) );
#12714 = DIRECTION( '', ( 1.00000000000000, 0.000000000000000, -0.000000000000000 ) );
#12715 = DIRECTION( '', ( -0.000000000000000, 0.000000000000000, -1.00000000000000 ) );
#12716 = CARTESIAN_POINT( '', ( 30.3000000000000, 76.9422851306162, -39.8510634598246 ) );
#12717 = DIRECTION( '', ( -1.00000000000000, 0.000000000000000, 0.000000000000000 ) );
#12718 = DIRECTION( '', ( 0.000000000000000, 0.000000000000000, 1.00000000000000 ) );
#12719 = DIRECTION( '', ( 0.000000000000000, 0.712694171378862, -0.701474887706322 ) );
#12720 = CARTESIAN_POINT( '', ( 30.3000000000000, 78.5511655022764, -36.9446122706011 ) );
#12721 = DIRECTION( '', ( -1.00000000000000, 0.000000000000000, 0.000000000000000 ) );
#12722 = DIRECTION( '', ( 0.000000000000000, 0.000000000000000, 1.00000000000000 ) );
#12723 = DIRECTION( '', ( 0.000000000000000, -0.415415013001860, -0.909631995354531 ) );
#12724 = CARTESIAN_POINT( '', ( 30.3000000000000, 79.3609488912682, -35.1714339865264 ) );
#12725 = DIRECTION( '', ( -1.00000000000000, 0.000000000000000, 0.000000000000000 ) );
#12726 = DIRECTION( '', ( 0.000000000000000, 0.000000000000000, 1.00000000000000 ) );
#12727 = DIRECTION( '', ( 0.000000000000000, -0.996854775951942, 0.0792499568567851 ) );
#12728 = CARTESIAN_POINT( '', ( 30.3000000000000, 80.5039055593897, -32.0522025715062 ) );
#12729 = DIRECTION( '', ( -1.00000000000000, 0.000000000000000, 0.000000000000000 ) );
#12730 = DIRECTION( '', ( 0.000000000000000, 0.000000000000000, 1.00000000000000 ) );
#12731 = CARTESIAN_POINT( '', ( 30.3000000000000, 0.000000000000000, 0.000000000000000 ) );
#12732 = DIRECTION( '', ( 1.00000000000000, 0.000000000000000, -0.000000000000000 ) );
#12733 = DIRECTION( '', ( -0.000000000000000, 0.000000000000000, -1.00000000000000 ) );
#12734 = CARTESIAN_POINT( '', ( 30.3000000000000, 81.8305212609038, -28.4954082295515 ) );
#12735 = DIRECTION( '', ( -1.00000000000000, 0.000000000000000, 0.000000000000000 ) );
#12736 = DIRECTION( '', ( 0.000000000000000, 0.000000000000000, 1.00000000000000 ) );
#12737 = DIRECTION( '', ( 0.000000000000000, 0.805270257531058, -0.592907929054642 ) );
#12738 = CARTESIAN_POINT( '', ( 30.3000000000000, 83.0093944192509, -25.3895729727839 ) );
#12739 = DIRECTION( '', ( -1.00000000000000, 0.000000000000000, 0.000000000000000 ) );
#12740 = DIRECTION( '', ( 0.000000000000000, 0.000000000000000, 1.00000000000000 ) );
#12741 = DIRECTION( '', ( 0.000000000000000, -0.281732556841402, -0.959492973614506 ) );
#12742 = CARTESIAN_POINT( '', ( 30.3000000000000, 83.5585858002261, -23.5191988948883 ) );
#12743 = DIRECTION( '', ( -1.00000000000000, 0.000000000000000, 0.000000000000000 ) );
#12744 = DIRECTION( '', ( 0.000000000000000, 0.000000000000000, 1.00000000000000 ) );
#12745 = DIRECTION( '', ( 0.000000000000000, -0.997986676471884, -0.0634239196565679 ) );
#12746 = CARTESIAN_POINT( '', ( 30.3000000000000, 84.2459959031080, -20.2690570647356 ) );
#12747 = DIRECTION( '', ( -1.00000000000000, 0.000000000000000, 0.000000000000000 ) );
#12748 = DIRECTION( '', ( 0.000000000000000, 0.000000000000000, 1.00000000000000 ) );
#12749 = CARTESIAN_POINT( '', ( 30.3000000000000, 0.000000000000000, 0.000000000000000 ) );
#12750 = DIRECTION( '', ( 1.00000000000000, 0.000000000000000, -0.000000000000000 ) );
#12751 = DIRECTION( '', ( -0.000000000000000, 0.000000000000000, -1.00000000000000 ) );
#12752 = CARTESIAN_POINT( '', ( 30.3000000000000, 85.0529239580559, -16.5596686616963 ) );
#12753 = DIRECTION( '', ( -1.00000000000000, 0.000000000000000, 0.000000000000000 ) );
#12754 = DIRECTION( '', ( 0.000000000000000, 0.000000000000000, 1.00000000000000 ) );
#12755 = DIRECTION( '', ( 0.000000000000000, 0.881453363447581, -0.472271074772684 ) );
#12756 = CARTESIAN_POINT( '', ( 30.3000000000000, 85.7777914451755, -13.3176751867231 ) );
#12757 = DIRECTION( '', ( -1.00000000000000, 0.000000000000000, 0.000000000000000 ) );
#12758 = DIRECTION( '', ( 0.000000000000000, 0.000000000000000, 1.00000000000000 ) );
#12759 = DIRECTION( '', ( 0.000000000000000, -0.142314838273256, -0.989821441880937 ) );
#12760 = CARTESIAN_POINT( '', ( 30.3000000000000, 86.0552108653547, -11.3881807375191 ) );
#12761 = DIRECTION( '', ( -1.00000000000000, 0.000000000000000, 0.000000000000000 ) );
#12762 = DIRECTION( '', ( 0.000000000000000, 0.000000000000000, 1.00000000000000 ) );
#12763 = DIRECTION( '', ( 0.000000000000000, -0.978802446214778, -0.204806668065194 ) );
#12764 = CARTESIAN_POINT( '', ( 30.3000000000000, 86.2730807156294, -8.07329200726086 ) );
#12765 = DIRECTION( '', ( -1.00000000000000, 0.000000000000000, 0.000000000000000 ) );
#12766 = DIRECTION( '', ( 0.000000000000000, 0.000000000000000, 1.00000000000000 ) );
#12767 = CARTESIAN_POINT( '', ( 30.3000000000000, 0.000000000000000, 0.000000000000000 ) );
#12768 = DIRECTION( '', ( 1.00000000000000, 0.000000000000000, -0.000000000000000 ) );
#12769 = DIRECTION( '', ( -0.000000000000000, 0.000000000000000, -1.00000000000000 ) );
#12770 = CARTESIAN_POINT( '', ( 30.3000000000000, 86.5438943958007, -4.28682199403005 ) );
#12771 = DIRECTION( '', ( -1.00000000000000, 0.000000000000000, 0.000000000000000 ) );
#12772 = DIRECTION( '', ( 0.000000000000000, 0.000000000000000, 1.00000000000000 ) );
#12773 = DIRECTION( '', ( 0.000000000000000, 0.939692620785908, -0.342020143325671 ) );
#12774 = CARTESIAN_POINT( '', ( 30.3000000000000, 86.8000000000001, -0.974667938864485 ) );
#12775 = DIRECTION( '', ( -1.00000000000000, 0.000000000000000, 0.000000000000000 ) );
#12776 = DIRECTION( '', ( 0.000000000000000, 0.000000000000000, 1.00000000000000 ) );
#12777 = CARTESIAN_POINT( '', ( 30.3000000000000, 0.000000000000000, 0.000000000000000 ) );
#12778 = DIRECTION( '', ( 1.00000000000000, 0.000000000000000, -0.000000000000000 ) );
#12779 = DIRECTION( '', ( -0.000000000000000, 0.000000000000000, -1.00000000000000 ) );
#12780 = CARTESIAN_POINT( '', ( 0.830127018922211, 0.000000000000000, 0.000000000000000 ) );
#12781 = DIRECTION( '', ( 1.00000000000000, 0.000000000000000, -0.000000000000000 ) );
#12782 = DIRECTION( '', ( -0.000000000000000, 0.000000000000000, -1.00000000000000 ) );
#12783 = CARTESIAN_POINT( '', ( 1.50000000000000, 0.000000000000000, 0.000000000000000 ) );
#12784 = DIRECTION( '', ( 1.00000000000000, 0.000000000000000, -0.000000000000000 ) );
#12785 = DIRECTION( '', ( -0.000000000000000, 0.000000000000000, -1.00000000000000 ) );
#12786 = CARTESIAN_POINT( '', ( 1.50000000000000, 36.9446122706012, 78.5511655022764 ) );
#12787 = DIRECTION( '', ( 1.00000000000000, 0.000000000000000, -0.000000000000000 ) );
#12788 = DIRECTION( '', ( -0.000000000000000, 0.000000000000000, -1.00000000000000 ) );
#12789 = DIRECTION( '', ( -0.000000000000000, -0.701474887706323, -0.712694171378861 ) );
#12790 = CARTESIAN_POINT( '', ( 1.50000000000000, 39.8510634598246, 76.9422851306162 ) );
#12791 = DIRECTION( '', ( 1.00000000000000, 0.000000000000000, -0.000000000000000 ) );
#12792 = DIRECTION( '', ( -0.000000000000000, 0.000000000000000, -1.00000000000000 ) );
#12793 = CARTESIAN_POINT( '', ( 1.50000000000000, 0.000000000000000, 0.000000000000000 ) );
#12794 = DIRECTION( '', ( 1.00000000000000, 0.000000000000000, -0.000000000000000 ) );
#12795 = DIRECTION( '', ( -0.000000000000000, 0.000000000000000, -1.00000000000000 ) );
#12796 = CARTESIAN_POINT( '', ( 1.50000000000000, 43.1828576648404, 75.1229878525750 ) );
#12797 = DIRECTION( '', ( 1.00000000000000, 0.000000000000000, -0.000000000000000 ) );
#12798 = DIRECTION( '', ( -0.000000000000000, 0.000000000000000, -1.00000000000000 ) );
#12799 = DIRECTION( '', ( 0.000000000000000, 0.220310532786538, 0.975429786885408 ) );
#12800 = CARTESIAN_POINT( '', ( 1.50000000000000, 46.1076801082389, 73.5477519209621 ) );
#12801 = DIRECTION( '', ( 1.00000000000000, 0.000000000000000, -0.000000000000000 ) );
#12802 = DIRECTION( '', ( -0.000000000000000, 0.000000000000000, -1.00000000000000 ) );
#12803 = DIRECTION( '', ( 0.000000000000000, -0.841253532831197, 0.540640817455574 ) );
#12804 = CARTESIAN_POINT( '', ( 1.50000000000000, 47.7475658020530, 72.4938613785312 ) );
#12805 = DIRECTION( '', ( 1.00000000000000, 0.000000000000000, -0.000000000000000 ) );
#12806 = DIRECTION( '', ( -0.000000000000000, 0.000000000000000, -1.00000000000000 ) );
#12807 = DIRECTION( '', ( -0.000000000000000, -0.795761840530833, -0.605609687137665 ) );
#12808 = CARTESIAN_POINT( '', ( 1.50000000000000, 50.3954659590328, 70.4877259582970 ) );
#12809 = DIRECTION( '', ( 1.00000000000000, 0.000000000000000, -0.000000000000000 ) );
#12810 = DIRECTION( '', ( -0.000000000000000, 0.000000000000000, -1.00000000000000 ) );
#12811 = CARTESIAN_POINT( '', ( 1.50000000000000, 0.000000000000000, 0.000000000000000 ) );
#12812 = DIRECTION( '', ( 1.00000000000000, 0.000000000000000, -0.000000000000000 ) );
#12813 = DIRECTION( '', ( -0.000000000000000, 0.000000000000000, -1.00000000000000 ) );
#12814 = CARTESIAN_POINT( '', ( 1.50000000000000, 53.4344343051966, 68.2127827498896 ) );
#12815 = DIRECTION( '', ( 1.00000000000000, 0.000000000000000, -0.000000000000000 ) );
#12816 = DIRECTION( '', ( -0.000000000000000, 0.000000000000000, -1.00000000000000 ) );
#12817 = DIRECTION( '', ( 0.000000000000000, 0.356886221591869, 0.934147860265108 ) );
#12818 = CARTESIAN_POINT( '', ( 1.50000000000000, 56.1053068265172, 66.2373348157474 ) );
#12819 = DIRECTION( '', ( 1.00000000000000, 0.000000000000000, -0.000000000000000 ) );
#12820 = DIRECTION( '', ( -0.000000000000000, 0.000000000000000, -1.00000000000000 ) );
#12821 = DIRECTION( '', ( 0.000000000000000, -0.755749574354277, 0.654860733945263 ) );
#12822 = CARTESIAN_POINT( '', ( 1.50000000000000, 57.5785165863844, 64.9607912921520 ) );
#12823 = DIRECTION( '', ( 1.00000000000000, 0.000000000000000, -0.000000000000000 ) );
#12824 = DIRECTION( '', ( -0.000000000000000, 0.000000000000000, -1.00000000000000 ) );
#12825 = DIRECTION( '', ( -0.000000000000000, -0.873849377069786, -0.486196736100467 ) );
#12826 = CARTESIAN_POINT( '', ( 1.50000000000000, 59.9139620998380, 62.5982399552830 ) );
#12827 = DIRECTION( '', ( 1.00000000000000, 0.000000000000000, -0.000000000000000 ) );
#12828 = DIRECTION( '', ( -0.000000000000000, 0.000000000000000, -1.00000000000000 ) );
#12829 = CARTESIAN_POINT( '', ( 1.50000000000000, 0.000000000000000, 0.000000000000000 ) );
#12830 = DIRECTION( '', ( 1.00000000000000, 0.000000000000000, -0.000000000000000 ) );
#12831 = DIRECTION( '', ( -0.000000000000000, 0.000000000000000, -1.00000000000000 ) );
#12832 = CARTESIAN_POINT( '', ( 1.50000000000000, 62.5982399552829, 59.9139620998380 ) );
#12833 = DIRECTION( '', ( 1.00000000000000, 0.000000000000000, -0.000000000000000 ) );
#12834 = DIRECTION( '', ( -0.000000000000000, 0.000000000000000, -1.00000000000000 ) );
#12835 = DIRECTION( '', ( 0.000000000000000, 0.486196736100466, 0.873849377069786 ) );
#12836 = CARTESIAN_POINT( '', ( 1.50000000000000, 64.9607912921519, 57.5785165863844 ) );
#12837 = DIRECTION( '', ( 1.00000000000000, 0.000000000000000, -0.000000000000000 ) );
#12838 = DIRECTION( '', ( -0.000000000000000, 0.000000000000000, -1.00000000000000 ) );
#12839 = DIRECTION( '', ( 0.000000000000000, -0.654860733945307, 0.755749574354240 ) );
#12840 = CARTESIAN_POINT( '', ( 1.50000000000000, 66.2373348157474, 56.1053068265173 ) );
#12841 = DIRECTION( '', ( 1.00000000000000, 0.000000000000000, -0.000000000000000 ) );
#12842 = DIRECTION( '', ( -0.000000000000000, 0.000000000000000, -1.00000000000000 ) );
#12843 = DIRECTION( '', ( -0.000000000000000, -0.934147860265107, -0.356886221591870 ) );
#12844 = CARTESIAN_POINT( '', ( 1.50000000000000, 68.2127827498896, 53.4344343051967 ) );
#12845 = DIRECTION( '', ( 1.00000000000000, 0.000000000000000, -0.000000000000000 ) );
#12846 = DIRECTION( '', ( -0.000000000000000, 0.000000000000000, -1.00000000000000 ) );
#12847 = CARTESIAN_POINT( '', ( 1.50000000000000, 0.000000000000000, 0.000000000000000 ) );
#12848 = DIRECTION( '', ( 1.00000000000000, 0.000000000000000, -0.000000000000000 ) );
#12849 = DIRECTION( '', ( -0.000000000000000, 0.000000000000000, -1.00000000000000 ) );
#12850 = CARTESIAN_POINT( '', ( 1.50000000000000, 70.4877259582970, 50.3954659590328 ) );
#12851 = DIRECTION( '', ( 1.00000000000000, 0.000000000000000, -0.000000000000000 ) );
#12852 = DIRECTION( '', ( -0.000000000000000, 0.000000000000000, -1.00000000000000 ) );
#12853 = DIRECTION( '', ( 0.000000000000000, 0.605609687137664, 0.795761840530834 ) );
#12854 = CARTESIAN_POINT( '', ( 1.50000000000000, 72.4938613785311, 47.7475658020530 ) );
#12855 = DIRECTION( '', ( 1.00000000000000, 0.000000000000000, -0.000000000000000 ) );
#12856 = DIRECTION( '', ( -0.000000000000000, 0.000000000000000, -1.00000000000000 ) );
#12857 = DIRECTION( '', ( 0.000000000000000, -0.540640817455622, 0.841253532831166 ) );
#12858 = CARTESIAN_POINT( '', ( 1.50000000000000, 73.5477519209621, 46.1076801082389 ) );
#12859 = DIRECTION( '', ( 1.00000000000000, 0.000000000000000, -0.000000000000000 ) );
#12860 = DIRECTION( '', ( -0.000000000000000, 0.000000000000000, -1.00000000000000 ) );
#12861 = DIRECTION( '', ( -0.000000000000000, -0.975429786885407, -0.220310532786539 ) );
#12862 = CARTESIAN_POINT( '', ( 1.50000000000000, 75.1229878525751, 43.1828576648405 ) );
#12863 = DIRECTION( '', ( 1.00000000000000, 0.000000000000000, -0.000000000000000 ) );
#12864 = DIRECTION( '', ( -0.000000000000000, 0.000000000000000, -1.00000000000000 ) );
#12865 = CARTESIAN_POINT( '', ( 1.50000000000000, 0.000000000000000, 0.000000000000000 ) );
#12866 = DIRECTION( '', ( 1.00000000000000, 0.000000000000000, -0.000000000000000 ) );
#12867 = DIRECTION( '', ( -0.000000000000000, 0.000000000000000, -1.00000000000000 ) );
#12868 = CARTESIAN_POINT( '', ( 1.50000000000000, 76.9422851306161, 39.8510634598246 ) );
#12869 = DIRECTION( '', ( 1.00000000000000, 0.000000000000000, -0.000000000000000 ) );
#12870 = DIRECTION( '', ( -0.000000000000000, 0.000000000000000, -1.00000000000000 ) );
#12871 = DIRECTION( '', ( 0.000000000000000, 0.712694171378861, 0.701474887706323 ) );
#12872 = CARTESIAN_POINT( '', ( 1.50000000000000, 78.5511655022763, 36.9446122706012 ) );
#12873 = DIRECTION( '', ( 1.00000000000000, 0.000000000000000, -0.000000000000000 ) );
#12874 = DIRECTION( '', ( -0.000000000000000, 0.000000000000000, -1.00000000000000 ) );
#12875 = DIRECTION( '', ( 0.000000000000000, -0.415415013001913, 0.909631995354506 ) );
#12876 = CARTESIAN_POINT( '', ( 1.50000000000000, 79.3609488912682, 35.1714339865265 ) );
#12877 = DIRECTION( '', ( 1.00000000000000, 0.000000000000000, -0.000000000000000 ) );
#12878 = DIRECTION( '', ( -0.000000000000000, 0.000000000000000, -1.00000000000000 ) );
#12879 = DIRECTION( '', ( -0.000000000000000, -0.996854775951942, -0.0792499568567866 ) );
#12880 = CARTESIAN_POINT( '', ( 1.50000000000000, 80.5039055593897, 32.0522025715063 ) );
#12881 = DIRECTION( '', ( 1.00000000000000, 0.000000000000000, -0.000000000000000 ) );
#12882 = DIRECTION( '', ( -0.000000000000000, 0.000000000000000, -1.00000000000000 ) );
#12883 = CARTESIAN_POINT( '', ( 1.50000000000000, 0.000000000000000, 0.000000000000000 ) );
#12884 = DIRECTION( '', ( 1.00000000000000, 0.000000000000000, -0.000000000000000 ) );
#12885 = DIRECTION( '', ( -0.000000000000000, 0.000000000000000, -1.00000000000000 ) );
#12886 = CARTESIAN_POINT( '', ( 1.50000000000000, 81.8305212609037, 28.4954082295515 ) );
#12887 = DIRECTION( '', ( 1.00000000000000, 0.000000000000000, -0.000000000000000 ) );
#12888 = DIRECTION( '', ( -0.000000000000000, 0.000000000000000, -1.00000000000000 ) );
#12889 = DIRECTION( '', ( 0.000000000000000, 0.805270257531057, 0.592907929054643 ) );
#12890 = CARTESIAN_POINT( '', ( 1.50000000000000, 83.0093944192508, 25.3895729727839 ) );
#12891 = DIRECTION( '', ( 1.00000000000000, 0.000000000000000, -0.000000000000000 ) );
#12892 = DIRECTION( '', ( -0.000000000000000, 0.000000000000000, -1.00000000000000 ) );
#12893 = DIRECTION( '', ( 0.000000000000000, -0.281732556841457, 0.959492973614489 ) );
#12894 = CARTESIAN_POINT( '', ( 1.50000000000000, 83.5585858002262, 23.5191988948884 ) );
#12895 = DIRECTION( '', ( 1.00000000000000, 0.000000000000000, -0.000000000000000 ) );
#12896 = DIRECTION( '', ( -0.000000000000000, 0.000000000000000, -1.00000000000000 ) );
#12897 = DIRECTION( '', ( 0.000000000000000, -0.997986676471884, 0.0634239196565665 ) );
#12898 = CARTESIAN_POINT( '', ( 1.50000000000000, 84.2459959031080, 20.2690570647357 ) );
#12899 = DIRECTION( '', ( 1.00000000000000, 0.000000000000000, -0.000000000000000 ) );
#12900 = DIRECTION( '', ( -0.000000000000000, 0.000000000000000, -1.00000000000000 ) );
#12901 = CARTESIAN_POINT( '', ( 1.50000000000000, 0.000000000000000, 0.000000000000000 ) );
#12902 = DIRECTION( '', ( 1.00000000000000, 0.000000000000000, -0.000000000000000 ) );
#12903 = DIRECTION( '', ( -0.000000000000000, 0.000000000000000, -1.00000000000000 ) );
#12904 = CARTESIAN_POINT( '', ( 1.50000000000000, 85.0529239580559, 16.5596686616964 ) );
#12905 = DIRECTION( '', ( 1.00000000000000, 0.000000000000000, -0.000000000000000 ) );
#12906 = DIRECTION( '', ( -0.000000000000000, 0.000000000000000, -1.00000000000000 ) );
#12907 = DIRECTION( '', ( 0.000000000000000, 0.881453363447581, 0.472271074772685 ) );
#12908 = CARTESIAN_POINT( '', ( 1.50000000000000, 85.7777914451754, 13.3176751867231 ) );
#12909 = DIRECTION( '', ( 1.00000000000000, 0.000000000000000, -0.000000000000000 ) );
#12910 = DIRECTION( '', ( -0.000000000000000, 0.000000000000000, -1.00000000000000 ) );
#12911 = DIRECTION( '', ( 0.000000000000000, -0.142314838273313, 0.989821441880929 ) );
#12912 = CARTESIAN_POINT( '', ( 1.50000000000000, 86.0552108653548, 11.3881807375192 ) );
#12913 = DIRECTION( '', ( 1.00000000000000, 0.000000000000000, -0.000000000000000 ) );
#12914 = DIRECTION( '', ( -0.000000000000000, 0.000000000000000, -1.00000000000000 ) );
#12915 = DIRECTION( '', ( 0.000000000000000, -0.978802446214778, 0.204806668065193 ) );
#12916 = CARTESIAN_POINT( '', ( 1.50000000000000, 86.2730807156294, 8.07329200726094 ) );
#12917 = DIRECTION( '', ( 1.00000000000000, 0.000000000000000, -0.000000000000000 ) );
#12918 = DIRECTION( '', ( -0.000000000000000, 0.000000000000000, -1.00000000000000 ) );
#12919 = CARTESIAN_POINT( '', ( 1.50000000000000, 0.000000000000000, 0.000000000000000 ) );
#12920 = DIRECTION( '', ( 1.00000000000000, 0.000000000000000, -0.000000000000000 ) );
#12921 = DIRECTION( '', ( -0.000000000000000, 0.000000000000000, -1.00000000000000 ) );
#12922 = CARTESIAN_POINT( '', ( 1.50000000000000, 86.5438943958007, 4.28682199403003 ) );
#12923 = DIRECTION( '', ( 1.00000000000000, 0.000000000000000, -0.000000000000000 ) );
#12924 = DIRECTION( '', ( -0.000000000000000, 0.000000000000000, -1.00000000000000 ) );
#12925 = DIRECTION( '', ( 0.000000000000000, 0.939692620785908, 0.342020143325671 ) );
#12926 = CARTESIAN_POINT( '', ( 1.50000000000000, 86.8000000000001, 0.974667938864467 ) );
#12927 = DIRECTION( '', ( 1.00000000000000, 0.000000000000000, -0.000000000000000 ) );
#12928 = DIRECTION( '', ( -0.000000000000000, 0.000000000000000, -1.00000000000000 ) );
#12929 = DIRECTION( '', ( 0.000000000000000, -2.84769555957334E-14, 1.00000000000000 ) );
#12930 = CARTESIAN_POINT( '', ( 1.50000000000000, 86.8000000000001, -0.974667938864485 ) );
#12931 = DIRECTION( '', ( 1.00000000000000, 0.000000000000000, -0.000000000000000 ) );
#12932 = DIRECTION( '', ( -0.000000000000000, 0.000000000000000, -1.00000000000000 ) );
#12933 = DIRECTION( '', ( 0.000000000000000, -0.939692620785908, 0.342020143325671 ) );
#12934 = CARTESIAN_POINT( '', ( 1.50000000000000, 86.5438943958007, -4.28682199403005 ) );
#12935 = DIRECTION( '', ( 1.00000000000000, 0.000000000000000, -0.000000000000000 ) );
#12936 = DIRECTION( '', ( -0.000000000000000, 0.000000000000000, -1.00000000000000 ) );
#12937 = CARTESIAN_POINT( '', ( 1.50000000000000, 0.000000000000000, 0.000000000000000 ) );
#12938 = DIRECTION( '', ( 1.00000000000000, 0.000000000000000, -0.000000000000000 ) );
#12939 = DIRECTION( '', ( -0.000000000000000, 0.000000000000000, -1.00000000000000 ) );
#12940 = CARTESIAN_POINT( '', ( 1.50000000000000, 86.2730807156294, -8.07329200726086 ) );
#12941 = DIRECTION( '', ( 1.00000000000000, 0.000000000000000, -0.000000000000000 ) );
#12942 = DIRECTION( '', ( -0.000000000000000, 0.000000000000000, -1.00000000000000 ) );
#12943 = DIRECTION( '', ( 0.000000000000000, 0.978802446214778, 0.204806668065194 ) );
#12944 = CARTESIAN_POINT( '', ( 1.50000000000000, 86.0552108653547, -11.3881807375191 ) );
#12945 = DIRECTION( '', ( 1.00000000000000, 0.000000000000000, -0.000000000000000 ) );
#12946 = DIRECTION( '', ( -0.000000000000000, 0.000000000000000, -1.00000000000000 ) );
#12947 = DIRECTION( '', ( 0.000000000000000, 0.142314838273256, 0.989821441880937 ) );
#12948 = CARTESIAN_POINT( '', ( 1.50000000000000, 85.7777914451755, -13.3176751867231 ) );
#12949 = DIRECTION( '', ( 1.00000000000000, 0.000000000000000, -0.000000000000000 ) );
#12950 = DIRECTION( '', ( -0.000000000000000, 0.000000000000000, -1.00000000000000 ) );
#12951 = DIRECTION( '', ( 0.000000000000000, -0.881453363447581, 0.472271074772684 ) );
#12952 = CARTESIAN_POINT( '', ( 1.50000000000000, 85.0529239580559, -16.5596686616963 ) );
#12953 = DIRECTION( '', ( 1.00000000000000, 0.000000000000000, -0.000000000000000 ) );
#12954 = DIRECTION( '', ( -0.000000000000000, 0.000000000000000, -1.00000000000000 ) );
#12955 = CARTESIAN_POINT( '', ( 1.50000000000000, 0.000000000000000, 0.000000000000000 ) );
#12956 = DIRECTION( '', ( 1.00000000000000, 0.000000000000000, -0.000000000000000 ) );
#12957 = DIRECTION( '', ( -0.000000000000000, 0.000000000000000, -1.00000000000000 ) );
#12958 = CARTESIAN_POINT( '', ( 1.50000000000000, 84.2459959031080, -20.2690570647356 ) );
#12959 = DIRECTION( '', ( 1.00000000000000, 0.000000000000000, -0.000000000000000 ) );
#12960 = DIRECTION( '', ( -0.000000000000000, 0.000000000000000, -1.00000000000000 ) );
#12961 = DIRECTION( '', ( 0.000000000000000, 0.997986676471884, 0.0634239196565679 ) );
#12962 = CARTESIAN_POINT( '', ( 1.50000000000000, 83.5585858002261, -23.5191988948883 ) );
#12963 = DIRECTION( '', ( 1.00000000000000, 0.000000000000000, -0.000000000000000 ) );
#12964 = DIRECTION( '', ( -0.000000000000000, 0.000000000000000, -1.00000000000000 ) );
#12965 = DIRECTION( '', ( 0.000000000000000, 0.281732556841402, 0.959492973614506 ) );
#12966 = CARTESIAN_POINT( '', ( 1.50000000000000, 83.0093944192509, -25.3895729727839 ) );
#12967 = DIRECTION( '', ( 1.00000000000000, 0.000000000000000, -0.000000000000000 ) );
#12968 = DIRECTION( '', ( -0.000000000000000, 0.000000000000000, -1.00000000000000 ) );
#12969 = DIRECTION( '', ( 0.000000000000000, -0.805270257531058, 0.592907929054642 ) );
#12970 = CARTESIAN_POINT( '', ( 1.50000000000000, 81.8305212609038, -28.4954082295515 ) );
#12971 = DIRECTION( '', ( 1.00000000000000, 0.000000000000000, -0.000000000000000 ) );
#12972 = DIRECTION( '', ( -0.000000000000000, 0.000000000000000, -1.00000000000000 ) );
#12973 = CARTESIAN_POINT( '', ( 1.50000000000000, 0.000000000000000, 0.000000000000000 ) );
#12974 = DIRECTION( '', ( 1.00000000000000, 0.000000000000000, -0.000000000000000 ) );
#12975 = DIRECTION( '', ( -0.000000000000000, 0.000000000000000, -1.00000000000000 ) );
#12976 = CARTESIAN_POINT( '', ( 1.50000000000000, 80.5039055593897, -32.0522025715062 ) );
#12977 = DIRECTION( '', ( 1.00000000000000, 0.000000000000000, -0.000000000000000 ) );
#12978 = DIRECTION( '', ( -0.000000000000000, 0.000000000000000, -1.00000000000000 ) );
#12979 = DIRECTION( '', ( 0.000000000000000, 0.996854775951942, -0.0792499568567851 ) );
#12980 = CARTESIAN_POINT( '', ( 1.50000000000000, 79.3609488912682, -35.1714339865264 ) );
#12981 = DIRECTION( '', ( 1.00000000000000, 0.000000000000000, -0.000000000000000 ) );
#12982 = DIRECTION( '', ( -0.000000000000000, 0.000000000000000, -1.00000000000000 ) );
#12983 = DIRECTION( '', ( 0.000000000000000, 0.415415013001860, 0.909631995354531 ) );
#12984 = CARTESIAN_POINT( '', ( 1.50000000000000, 78.5511655022764, -36.9446122706011 ) );
#12985 = DIRECTION( '', ( 1.00000000000000, 0.000000000000000, -0.000000000000000 ) );
#12986 = DIRECTION( '', ( -0.000000000000000, 0.000000000000000, -1.00000000000000 ) );
#12987 = DIRECTION( '', ( 0.000000000000000, -0.712694171378862, 0.701474887706322 ) );
#12988 = CARTESIAN_POINT( '', ( 1.50000000000000, 76.9422851306162, -39.8510634598246 ) );
#12989 = DIRECTION( '', ( 1.00000000000000, 0.000000000000000, -0.000000000000000 ) );
#12990 = DIRECTION( '', ( -0.000000000000000, 0.000000000000000, -1.00000000000000 ) );
#12991 = CARTESIAN_POINT( '', ( 1.50000000000000, 0.000000000000000, 0.000000000000000 ) );
#12992 = DIRECTION( '', ( 1.00000000000000, 0.000000000000000, -0.000000000000000 ) );
#12993 = DIRECTION( '', ( -0.000000000000000, 0.000000000000000, -1.00000000000000 ) );
#12994 = CARTESIAN_POINT( '', ( 1.50000000000000, 75.1229878525751, -43.1828576648404 ) );
#12995 = DIRECTION( '', ( 1.00000000000000, 0.000000000000000, -0.000000000000000 ) );
#12996 = DIRECTION( '', ( -0.000000000000000, 0.000000000000000, -1.00000000000000 ) );
#12997 = DIRECTION( '', ( 0.000000000000000, 0.975429786885408, -0.220310532786537 ) );
#12998 = CARTESIAN_POINT( '', ( 1.50000000000000, 73.5477519209621, -46.1076801082388 ) );
#12999 = DIRECTION( '', ( 1.00000000000000, 0.000000000000000, -0.000000000000000 ) );
#13000 = DIRECTION( '', ( -0.000000000000000, 0.000000000000000, -1.00000000000000 ) );
#13001 = DIRECTION( '', ( 0.000000000000000, 0.540640817455573, 0.841253532831197 ) );
#13002 = CARTESIAN_POINT( '', ( 1.50000000000000, 72.4938613785312, -47.7475658020529 ) );
#13003 = DIRECTION( '', ( 1.00000000000000, 0.000000000000000, -0.000000000000000 ) );
#13004 = DIRECTION( '', ( -0.000000000000000, 0.000000000000000, -1.00000000000000 ) );
#13005 = DIRECTION( '', ( 0.000000000000000, -0.605609687137666, 0.795761840530833 ) );
#13006 = CARTESIAN_POINT( '', ( 1.50000000000000, 70.4877259582970, -50.3954659590328 ) );
#13007 = DIRECTION( '', ( 1.00000000000000, 0.000000000000000, -0.000000000000000 ) );
#13008 = DIRECTION( '', ( -0.000000000000000, 0.000000000000000, -1.00000000000000 ) );
#13009 = CARTESIAN_POINT( '', ( 1.50000000000000, 0.000000000000000, 0.000000000000000 ) );
#13010 = DIRECTION( '', ( 1.00000000000000, 0.000000000000000, -0.000000000000000 ) );
#13011 = DIRECTION( '', ( -0.000000000000000, 0.000000000000000, -1.00000000000000 ) );
#13012 = CARTESIAN_POINT( '', ( 1.50000000000000, 68.2127827498896, -53.4344343051966 ) );
#13013 = DIRECTION( '', ( 1.00000000000000, 0.000000000000000, -0.000000000000000 ) );
#13014 = DIRECTION( '', ( -0.000000000000000, 0.000000000000000, -1.00000000000000 ) );
#13015 = DIRECTION( '', ( 0.000000000000000, 0.934147860265108, -0.356886221591869 ) );
#13016 = CARTESIAN_POINT( '', ( 1.50000000000000, 66.2373348157474, -56.1053068265172 ) );
#13017 = DIRECTION( '', ( 1.00000000000000, 0.000000000000000, -0.000000000000000 ) );
#13018 = DIRECTION( '', ( -0.000000000000000, 0.000000000000000, -1.00000000000000 ) );
#13019 = DIRECTION( '', ( 0.000000000000000, 0.654860733945263, 0.755749574354277 ) );
#13020 = CARTESIAN_POINT( '', ( 1.50000000000000, 64.9607912921520, -57.5785165863844 ) );
#13021 = DIRECTION( '', ( 1.00000000000000, 0.000000000000000, -0.000000000000000 ) );
#13022 = DIRECTION( '', ( -0.000000000000000, 0.000000000000000, -1.00000000000000 ) );
#13023 = DIRECTION( '', ( 0.000000000000000, -0.486196736100467, 0.873849377069786 ) );
#13024 = CARTESIAN_POINT( '', ( 1.50000000000000, 62.5982399552830, -59.9139620998380 ) );
#13025 = DIRECTION( '', ( 1.00000000000000, 0.000000000000000, -0.000000000000000 ) );
#13026 = DIRECTION( '', ( -0.000000000000000, 0.000000000000000, -1.00000000000000 ) );
#13027 = CARTESIAN_POINT( '', ( 1.50000000000000, 0.000000000000000, 0.000000000000000 ) );
#13028 = DIRECTION( '', ( 1.00000000000000, 0.000000000000000, -0.000000000000000 ) );
#13029 = DIRECTION( '', ( -0.000000000000000, 0.000000000000000, -1.00000000000000 ) );
#13030 = CARTESIAN_POINT( '', ( 1.50000000000000, 59.9139620998380, -62.5982399552829 ) );
#13031 = DIRECTION( '', ( 1.00000000000000, 0.000000000000000, -0.000000000000000 ) );
#13032 = DIRECTION( '', ( -0.000000000000000, 0.000000000000000, -1.00000000000000 ) );
#13033 = DIRECTION( '', ( 0.000000000000000, 0.873849377069786, -0.486196736100466 ) );
#13034 = CARTESIAN_POINT( '', ( 1.50000000000000, 57.5785165863844, -64.9607912921519 ) );
#13035 = DIRECTION( '', ( 1.00000000000000, 0.000000000000000, -0.000000000000000 ) );
#13036 = DIRECTION( '', ( -0.000000000000000, 0.000000000000000, -1.00000000000000 ) );
#13037 = DIRECTION( '', ( 0.000000000000000, 0.755749574354239, 0.654860733945307 ) );
#13038 = CARTESIAN_POINT( '', ( 1.50000000000000, 56.1053068265173, -66.2373348157474 ) );
#13039 = DIRECTION( '', ( 1.00000000000000, 0.000000000000000, -0.000000000000000 ) );
#13040 = DIRECTION( '', ( -0.000000000000000, 0.000000000000000, -1.00000000000000 ) );
#13041 = DIRECTION( '', ( 0.000000000000000, -0.356886221591870, 0.934147860265107 ) );
#13042 = CARTESIAN_POINT( '', ( 1.50000000000000, 53.4344343051967, -68.2127827498896 ) );
#13043 = DIRECTION( '', ( 1.00000000000000, 0.000000000000000, -0.000000000000000 ) );
#13044 = DIRECTION( '', ( -0.000000000000000, 0.000000000000000, -1.00000000000000 ) );
#13045 = CARTESIAN_POINT( '', ( 1.50000000000000, 0.000000000000000, 0.000000000000000 ) );
#13046 = DIRECTION( '', ( 1.00000000000000, 0.000000000000000, -0.000000000000000 ) );
#13047 = DIRECTION( '', ( -0.000000000000000, 0.000000000000000, -1.00000000000000 ) );
#13048 = CARTESIAN_POINT( '', ( 1.50000000000000, 50.3954659590328, -70.4877259582970 ) );
#13049 = DIRECTION( '', ( 1.00000000000000, 0.000000000000000, -0.000000000000000 ) );
#13050 = DIRECTION( '', ( -0.000000000000000, 0.000000000000000, -1.00000000000000 ) );
#13051 = DIRECTION( '', ( 0.000000000000000, 0.795761840530834, -0.605609687137664 ) );
#13052 = CARTESIAN_POINT( '', ( 1.50000000000000, 47.7475658020530, -72.4938613785311 ) );
#13053 = DIRECTION( '', ( 1.00000000000000, 0.000000000000000, -0.000000000000000 ) );
#13054 = DIRECTION( '', ( -0.000000000000000, 0.000000000000000, -1.00000000000000 ) );
#13055 = DIRECTION( '', ( 0.000000000000000, 0.841253532831166, 0.540640817455622 ) );
#13056 = CARTESIAN_POINT( '', ( 1.50000000000000, 46.1076801082389, -73.5477519209621 ) );
#13057 = DIRECTION( '', ( 1.00000000000000, 0.000000000000000, -0.000000000000000 ) );
#13058 = DIRECTION( '', ( -0.000000000000000, 0.000000000000000, -1.00000000000000 ) );
#13059 = DIRECTION( '', ( 0.000000000000000, -0.220310532786539, 0.975429786885407 ) );
#13060 = CARTESIAN_POINT( '', ( 1.50000000000000, 43.1828576648405, -75.1229878525751 ) );
#13061 = DIRECTION( '', ( 1.00000000000000, 0.000000000000000, -0.000000000000000 ) );
#13062 = DIRECTION( '', ( -0.000000000000000, 0.000000000000000, -1.00000000000000 ) );
#13063 = CARTESIAN_POINT( '', ( 1.50000000000000, 0.000000000000000, 0.000000000000000 ) );
#13064 = DIRECTION( '', ( 1.00000000000000, 0.000000000000000, -0.000000000000000 ) );
#13065 = DIRECTION( '', ( -0.000000000000000, 0.000000000000000, -1.00000000000000 ) );
#13066 = CARTESIAN_POINT( '', ( 1.50000000000000, 39.8510634598247, -76.9422851306161 ) );
#13067 = DIRECTION( '', ( 1.00000000000000, 0.000000000000000, -0.000000000000000 ) );
#13068 = DIRECTION( '', ( -0.000000000000000, 0.000000000000000, -1.00000000000000 ) );
#13069 = DIRECTION( '', ( 0.000000000000000, 0.701474887706323, -0.712694171378861 ) );
#13070 = CARTESIAN_POINT( '', ( 1.50000000000000, 36.9446122706012, -78.5511655022763 ) );
#13071 = DIRECTION( '', ( 1.00000000000000, 0.000000000000000, -0.000000000000000 ) );
#13072 = DIRECTION( '', ( -0.000000000000000, 0.000000000000000, -1.00000000000000 ) );
#13073 = DIRECTION( '', ( 0.000000000000000, 0.909631995354506, 0.415415013001913 ) );
#13074 = CARTESIAN_POINT( '', ( 1.50000000000000, 35.1714339865265, -79.3609488912682 ) );
#13075 = DIRECTION( '', ( 1.00000000000000, 0.000000000000000, -0.000000000000000 ) );
#13076 = DIRECTION( '', ( -0.000000000000000, 0.000000000000000, -1.00000000000000 ) );
#13077 = DIRECTION( '', ( 0.000000000000000, -0.0792499568567868, 0.996854775951942 ) );
#13078 = CARTESIAN_POINT( '', ( 1.50000000000000, 32.0522025715063, -80.5039055593897 ) );
#13079 = DIRECTION( '', ( 1.00000000000000, 0.000000000000000, -0.000000000000000 ) );
#13080 = DIRECTION( '', ( -0.000000000000000, 0.000000000000000, -1.00000000000000 ) );
#13081 = CARTESIAN_POINT( '', ( 1.50000000000000, 0.000000000000000, 0.000000000000000 ) );
#13082 = DIRECTION( '', ( 1.00000000000000, 0.000000000000000, -0.000000000000000 ) );
#13083 = DIRECTION( '', ( -0.000000000000000, 0.000000000000000, -1.00000000000000 ) );
#13084 = CARTESIAN_POINT( '', ( 1.50000000000000, 28.4954082295515, -81.8305212609037 ) );
#13085 = DIRECTION( '', ( 1.00000000000000, 0.000000000000000, -0.000000000000000 ) );
#13086 = DIRECTION( '', ( -0.000000000000000, 0.000000000000000, -1.00000000000000 ) );
#13087 = DIRECTION( '', ( 0.000000000000000, 0.592907929054643, -0.805270257531057 ) );
#13088 = CARTESIAN_POINT( '', ( 1.50000000000000, 25.3895729727839, -83.0093944192508 ) );
#13089 = DIRECTION( '', ( 1.00000000000000, 0.000000000000000, -0.000000000000000 ) );
#13090 = DIRECTION( '', ( -0.000000000000000, 0.000000000000000, -1.00000000000000 ) );
#13091 = DIRECTION( '', ( 0.000000000000000, 0.959492973614489, 0.281732556841457 ) );
#13092 = CARTESIAN_POINT( '', ( 1.50000000000000, 23.5191988948883, -83.5585858002262 ) );
#13093 = DIRECTION( '', ( 1.00000000000000, 0.000000000000000, -0.000000000000000 ) );
#13094 = DIRECTION( '', ( -0.000000000000000, 0.000000000000000, -1.00000000000000 ) );
#13095 = DIRECTION( '', ( 0.000000000000000, 0.0634239196565666, 0.997986676471884 ) );
#13096 = CARTESIAN_POINT( '', ( 1.50000000000000, 20.2690570647357, -84.2459959031080 ) );
#13097 = DIRECTION( '', ( 1.00000000000000, 0.000000000000000, -0.000000000000000 ) );
#13098 = DIRECTION( '', ( -0.000000000000000, 0.000000000000000, -1.00000000000000 ) );
#13099 = CARTESIAN_POINT( '', ( 1.50000000000000, 0.000000000000000, 0.000000000000000 ) );
#13100 = DIRECTION( '', ( 1.00000000000000, 0.000000000000000, -0.000000000000000 ) );
#13101 = DIRECTION( '', ( -0.000000000000000, 0.000000000000000, -1.00000000000000 ) );
#13102 = CARTESIAN_POINT( '', ( 1.50000000000000, 16.5596686616964, -85.0529239580559 ) );
#13103 = DIRECTION( '', ( 1.00000000000000, 0.000000000000000, -0.000000000000000 ) );
#13104 = DIRECTION( '', ( -0.000000000000000, 0.000000000000000, -1.00000000000000 ) );
#13105 = DIRECTION( '', ( 0.000000000000000, 0.472271074772686, -0.881453363447580 ) );
#13106 = CARTESIAN_POINT( '', ( 1.50000000000000, 13.3176751867232, -85.7777914451754 ) );
#13107 = DIRECTION( '', ( 1.00000000000000, 0.000000000000000, -0.000000000000000 ) );
#13108 = DIRECTION( '', ( -0.000000000000000, 0.000000000000000, -1.00000000000000 ) );
#13109 = DIRECTION( '', ( 0.000000000000000, 0.989821441880929, 0.142314838273314 ) );
#13110 = CARTESIAN_POINT( '', ( 1.50000000000000, 11.3881807375193, -86.0552108653547 ) );
#13111 = DIRECTION( '', ( 1.00000000000000, 0.000000000000000, -0.000000000000000 ) );
#13112 = DIRECTION( '', ( -0.000000000000000, 0.000000000000000, -1.00000000000000 ) );
#13113 = DIRECTION( '', ( 0.000000000000000, 0.204806668065192, 0.978802446214778 ) );
#13114 = CARTESIAN_POINT( '', ( 1.50000000000000, 8.07329200726103, -86.2730807156294 ) );
#13115 = DIRECTION( '', ( 1.00000000000000, 0.000000000000000, -0.000000000000000 ) );
#13116 = DIRECTION( '', ( -0.000000000000000, 0.000000000000000, -1.00000000000000 ) );
#13117 = CARTESIAN_POINT( '', ( 1.50000000000000, 0.000000000000000, 0.000000000000000 ) );
#13118 = DIRECTION( '', ( 1.00000000000000, 0.000000000000000, -0.000000000000000 ) );
#13119 = DIRECTION( '', ( -0.000000000000000, 0.000000000000000, -1.00000000000000 ) );
#13120 = CARTESIAN_POINT( '', ( 1.50000000000000, 4.28682199403012, -86.5438943958007 ) );
#13121 = DIRECTION( '', ( 1.00000000000000, 0.000000000000000, -0.000000000000000 ) );
#13122 = DIRECTION( '', ( -0.000000000000000, 0.000000000000000, -1.00000000000000 ) );
#13123 = DIRECTION( '', ( 0.000000000000000, 0.342020143325672, -0.939692620785907 ) );
#13124 = CARTESIAN_POINT( '', ( 1.50000000000000, 0.974667938864549, -86.8000000000001 ) );
#13125 = DIRECTION( '', ( 1.00000000000000, 0.000000000000000, -0.000000000000000 ) );
#13126 = DIRECTION( '', ( -0.000000000000000, 0.000000000000000, -1.00000000000000 ) );
#13127 = DIRECTION( '', ( 0.000000000000000, 1.00000000000000, 2.94263663553909E-14 ) );
#13128 = CARTESIAN_POINT( '', ( 1.50000000000000, -0.974667938864403, -86.8000000000001 ) );
#13129 = DIRECTION( '', ( 1.00000000000000, 0.000000000000000, -0.000000000000000 ) );
#13130 = DIRECTION( '', ( -0.000000000000000, 0.000000000000000, -1.00000000000000 ) );
#13131 = DIRECTION( '', ( 0.000000000000000, 0.342020143325670, 0.939692620785908 ) );
#13132 = CARTESIAN_POINT( '', ( 1.50000000000000, -4.28682199402996, -86.5438943958007 ) );
#13133 = DIRECTION( '', ( 1.00000000000000, 0.000000000000000, -0.000000000000000 ) );
#13134 = DIRECTION( '', ( -0.000000000000000, 0.000000000000000, -1.00000000000000 ) );
#13135 = CARTESIAN_POINT( '', ( 1.50000000000000, 0.000000000000000, 0.000000000000000 ) );
#13136 = DIRECTION( '', ( 1.00000000000000, 0.000000000000000, -0.000000000000000 ) );
#13137 = DIRECTION( '', ( -0.000000000000000, 0.000000000000000, -1.00000000000000 ) );
#13138 = CARTESIAN_POINT( '', ( 1.50000000000000, -8.07329200726088, -86.2730807156294 ) );
#13139 = DIRECTION( '', ( 1.00000000000000, 0.000000000000000, -0.000000000000000 ) );
#13140 = DIRECTION( '', ( -0.000000000000000, 0.000000000000000, -1.00000000000000 ) );
#13141 = DIRECTION( '', ( 0.000000000000000, 0.204806668065194, -0.978802446214778 ) );
#13142 = CARTESIAN_POINT( '', ( 1.50000000000000, -11.3881807375192, -86.0552108653547 ) );
#13143 = DIRECTION( '', ( 1.00000000000000, 0.000000000000000, -0.000000000000000 ) );
#13144 = DIRECTION( '', ( -0.000000000000000, 0.000000000000000, -1.00000000000000 ) );
#13145 = DIRECTION( '', ( 0.000000000000000, 0.989821441880937, -0.142314838273256 ) );
#13146 = CARTESIAN_POINT( '', ( 1.50000000000000, -13.3176751867231, -85.7777914451755 ) );
#13147 = DIRECTION( '', ( 1.00000000000000, 0.000000000000000, -0.000000000000000 ) );
#13148 = DIRECTION( '', ( -0.000000000000000, 0.000000000000000, -1.00000000000000 ) );
#13149 = DIRECTION( '', ( 0.000000000000000, 0.472271074772684, 0.881453363447581 ) );
#13150 = CARTESIAN_POINT( '', ( 1.50000000000000, -16.5596686616963, -85.0529239580559 ) );
#13151 = DIRECTION( '', ( 1.00000000000000, 0.000000000000000, -0.000000000000000 ) );
#13152 = DIRECTION( '', ( -0.000000000000000, 0.000000000000000, -1.00000000000000 ) );
#13153 = CARTESIAN_POINT( '', ( 1.50000000000000, 0.000000000000000, 0.000000000000000 ) );
#13154 = DIRECTION( '', ( 1.00000000000000, 0.000000000000000, -0.000000000000000 ) );
#13155 = DIRECTION( '', ( -0.000000000000000, 0.000000000000000, -1.00000000000000 ) );
#13156 = CARTESIAN_POINT( '', ( 1.50000000000000, -20.2690570647357, -84.2459959031080 ) );
#13157 = DIRECTION( '', ( 1.00000000000000, 0.000000000000000, -0.000000000000000 ) );
#13158 = DIRECTION( '', ( -0.000000000000000, 0.000000000000000, -1.00000000000000 ) );
#13159 = DIRECTION( '', ( 0.000000000000000, 0.0634239196565671, -0.997986676471884 ) );
#13160 = CARTESIAN_POINT( '', ( 1.50000000000000, -23.5191988948883, -83.5585858002261 ) );
#13161 = DIRECTION( '', ( 1.00000000000000, 0.000000000000000, -0.000000000000000 ) );
#13162 = DIRECTION( '', ( -0.000000000000000, 0.000000000000000, -1.00000000000000 ) );
#13163 = DIRECTION( '', ( 0.000000000000000, 0.959492973614505, -0.281732556841402 ) );
#13164 = CARTESIAN_POINT( '', ( 1.50000000000000, -25.3895729727839, -83.0093944192509 ) );
#13165 = DIRECTION( '', ( 1.00000000000000, 0.000000000000000, -0.000000000000000 ) );
#13166 = DIRECTION( '', ( -0.000000000000000, 0.000000000000000, -1.00000000000000 ) );
#13167 = DIRECTION( '', ( 0.000000000000000, 0.592907929054642, 0.805270257531057 ) );
#13168 = CARTESIAN_POINT( '', ( 1.50000000000000, -28.4954082295515, -81.8305212609037 ) );
#13169 = DIRECTION( '', ( 1.00000000000000, 0.000000000000000, -0.000000000000000 ) );
#13170 = DIRECTION( '', ( -0.000000000000000, 0.000000000000000, -1.00000000000000 ) );
#13171 = CARTESIAN_POINT( '', ( 1.50000000000000, 0.000000000000000, 0.000000000000000 ) );
#13172 = DIRECTION( '', ( 1.00000000000000, 0.000000000000000, -0.000000000000000 ) );
#13173 = DIRECTION( '', ( -0.000000000000000, 0.000000000000000, -1.00000000000000 ) );
#13174 = CARTESIAN_POINT( '', ( 1.50000000000000, -32.0522025715062, -80.5039055593897 ) );
#13175 = DIRECTION( '', ( 1.00000000000000, 0.000000000000000, -0.000000000000000 ) );
#13176 = DIRECTION( '', ( -0.000000000000000, 0.000000000000000, -1.00000000000000 ) );
#13177 = DIRECTION( '', ( -0.000000000000000, -0.0792499568567850, -0.996854775951942 ) );
#13178 = CARTESIAN_POINT( '', ( 1.50000000000000, -35.1714339865263, -79.3609488912682 ) );
#13179 = DIRECTION( '', ( 1.00000000000000, 0.000000000000000, -0.000000000000000 ) );
#13180 = DIRECTION( '', ( -0.000000000000000, 0.000000000000000, -1.00000000000000 ) );
#13181 = DIRECTION( '', ( 0.000000000000000, 0.909631995354531, -0.415415013001860 ) );
#13182 = CARTESIAN_POINT( '', ( 1.50000000000000, -36.9446122706011, -78.5511655022764 ) );
#13183 = DIRECTION( '', ( 1.00000000000000, 0.000000000000000, -0.000000000000000 ) );
#13184 = DIRECTION( '', ( -0.000000000000000, 0.000000000000000, -1.00000000000000 ) );
#13185 = DIRECTION( '', ( 0.000000000000000, 0.701474887706322, 0.712694171378862 ) );
#13186 = CARTESIAN_POINT( '', ( 1.50000000000000, -39.8510634598246, -76.9422851306162 ) );
#13187 = DIRECTION( '', ( 1.00000000000000, 0.000000000000000, -0.000000000000000 ) );
#13188 = DIRECTION( '', ( -0.000000000000000, 0.000000000000000, -1.00000000000000 ) );
#13189 = CARTESIAN_POINT( '', ( 1.50000000000000, 0.000000000000000, 0.000000000000000 ) );
#13190 = DIRECTION( '', ( 1.00000000000000, 0.000000000000000, -0.000000000000000 ) );
#13191 = DIRECTION( '', ( -0.000000000000000, 0.000000000000000, -1.00000000000000 ) );
#13192 = CARTESIAN_POINT( '', ( 1.50000000000000, -43.1828576648404, -75.1229878525751 ) );
#13193 = DIRECTION( '', ( 1.00000000000000, 0.000000000000000, -0.000000000000000 ) );
#13194 = DIRECTION( '', ( -0.000000000000000, 0.000000000000000, -1.00000000000000 ) );
#13195 = DIRECTION( '', ( -0.000000000000000, -0.220310532786538, -0.975429786885408 ) );
#13196 = CARTESIAN_POINT( '', ( 1.50000000000000, -46.1076801082389, -73.5477519209621 ) );
#13197 = DIRECTION( '', ( 1.00000000000000, 0.000000000000000, -0.000000000000000 ) );
#13198 = DIRECTION( '', ( -0.000000000000000, 0.000000000000000, -1.00000000000000 ) );
#13199 = DIRECTION( '', ( 0.000000000000000, 0.841253532831197, -0.540640817455573 ) );
#13200 = CARTESIAN_POINT( '', ( 1.50000000000000, -47.7475658020530, -72.4938613785312 ) );
#13201 = DIRECTION( '', ( 1.00000000000000, 0.000000000000000, -0.000000000000000 ) );
#13202 = DIRECTION( '', ( -0.000000000000000, 0.000000000000000, -1.00000000000000 ) );
#13203 = DIRECTION( '', ( 0.000000000000000, 0.795761840530833, 0.605609687137665 ) );
#13204 = CARTESIAN_POINT( '', ( 1.50000000000000, -50.3954659590328, -70.4877259582970 ) );
#13205 = DIRECTION( '', ( 1.00000000000000, 0.000000000000000, -0.000000000000000 ) );
#13206 = DIRECTION( '', ( -0.000000000000000, 0.000000000000000, -1.00000000000000 ) );
#13207 = CARTESIAN_POINT( '', ( 1.50000000000000, 0.000000000000000, 0.000000000000000 ) );
#13208 = DIRECTION( '', ( 1.00000000000000, 0.000000000000000, -0.000000000000000 ) );
#13209 = DIRECTION( '', ( -0.000000000000000, 0.000000000000000, -1.00000000000000 ) );
#13210 = CARTESIAN_POINT( '', ( 1.50000000000000, -53.4344343051966, -68.2127827498896 ) );
#13211 = DIRECTION( '', ( 1.00000000000000, 0.000000000000000, -0.000000000000000 ) );
#13212 = DIRECTION( '', ( -0.000000000000000, 0.000000000000000, -1.00000000000000 ) );
#13213 = DIRECTION( '', ( -0.000000000000000, -0.356886221591869, -0.934147860265108 ) );
#13214 = CARTESIAN_POINT( '', ( 1.50000000000000, -56.1053068265172, -66.2373348157474 ) );
#13215 = DIRECTION( '', ( 1.00000000000000, 0.000000000000000, -0.000000000000000 ) );
#13216 = DIRECTION( '', ( -0.000000000000000, 0.000000000000000, -1.00000000000000 ) );
#13217 = DIRECTION( '', ( 0.000000000000000, 0.755749574354277, -0.654860733945263 ) );
#13218 = CARTESIAN_POINT( '', ( 1.50000000000000, -57.5785165863844, -64.9607912921520 ) );
#13219 = DIRECTION( '', ( 1.00000000000000, 0.000000000000000, -0.000000000000000 ) );
#13220 = DIRECTION( '', ( -0.000000000000000, 0.000000000000000, -1.00000000000000 ) );
#13221 = DIRECTION( '', ( 0.000000000000000, 0.873849377069786, 0.486196736100467 ) );
#13222 = CARTESIAN_POINT( '', ( 1.50000000000000, -59.9139620998380, -62.5982399552830 ) );
#13223 = DIRECTION( '', ( 1.00000000000000, 0.000000000000000, -0.000000000000000 ) );
#13224 = DIRECTION( '', ( -0.000000000000000, 0.000000000000000, -1.00000000000000 ) );
#13225 = CARTESIAN_POINT( '', ( 1.50000000000000, 0.000000000000000, 0.000000000000000 ) );
#13226 = DIRECTION( '', ( 1.00000000000000, 0.000000000000000, -0.000000000000000 ) );
#13227 = DIRECTION( '', ( -0.000000000000000, 0.000000000000000, -1.00000000000000 ) );
#13228 = CARTESIAN_POINT( '', ( 1.50000000000000, -62.5982399552829, -59.9139620998380 ) );
#13229 = DIRECTION( '', ( 1.00000000000000, 0.000000000000000, -0.000000000000000 ) );
#13230 = DIRECTION( '', ( -0.000000000000000, 0.000000000000000, -1.00000000000000 ) );
#13231 = DIRECTION( '', ( -0.000000000000000, -0.486196736100466, -0.873849377069786 ) );
#13232 = CARTESIAN_POINT( '', ( 1.50000000000000, -64.9607912921519, -57.5785165863844 ) );
#13233 = DIRECTION( '', ( 1.00000000000000, 0.000000000000000, -0.000000000000000 ) );
#13234 = DIRECTION( '', ( -0.000000000000000, 0.000000000000000, -1.00000000000000 ) );
#13235 = DIRECTION( '', ( 0.000000000000000, 0.654860733945307, -0.755749574354240 ) );
#13236 = CARTESIAN_POINT( '', ( 1.50000000000000, -66.2373348157474, -56.1053068265173 ) );
#13237 = DIRECTION( '', ( 1.00000000000000, 0.000000000000000, -0.000000000000000 ) );
#13238 = DIRECTION( '', ( -0.000000000000000, 0.000000000000000, -1.00000000000000 ) );
#13239 = DIRECTION( '', ( 0.000000000000000, 0.934147860265107, 0.356886221591870 ) );
#13240 = CARTESIAN_POINT( '', ( 1.50000000000000, -68.2127827498896, -53.4344343051967 ) );
#13241 = DIRECTION( '', ( 1.00000000000000, 0.000000000000000, -0.000000000000000 ) );
#13242 = DIRECTION( '', ( -0.000000000000000, 0.000000000000000, -1.00000000000000 ) );
#13243 = CARTESIAN_POINT( '', ( 1.50000000000000, 0.000000000000000, 0.000000000000000 ) );
#13244 = DIRECTION( '', ( 1.00000000000000, 0.000000000000000, -0.000000000000000 ) );
#13245 = DIRECTION( '', ( -0.000000000000000, 0.000000000000000, -1.00000000000000 ) );
#13246 = CARTESIAN_POINT( '', ( 1.50000000000000, -70.4877259582970, -50.3954659590328 ) );
#13247 = DIRECTION( '', ( 1.00000000000000, 0.000000000000000, -0.000000000000000 ) );
#13248 = DIRECTION( '', ( -0.000000000000000, 0.000000000000000, -1.00000000000000 ) );
#13249 = DIRECTION( '', ( -0.000000000000000, -0.605609687137665, -0.795761840530834 ) );
#13250 = CARTESIAN_POINT( '', ( 1.50000000000000, -72.4938613785312, -47.7475658020529 ) );
#13251 = DIRECTION( '', ( 1.00000000000000, 0.000000000000000, -0.000000000000000 ) );
#13252 = DIRECTION( '', ( -0.000000000000000, 0.000000000000000, -1.00000000000000 ) );
#13253 = DIRECTION( '', ( 0.000000000000000, 0.540640817455622, -0.841253532831166 ) );
#13254 = CARTESIAN_POINT( '', ( 1.50000000000000, -73.5477519209621, -46.1076801082389 ) );
#13255 = DIRECTION( '', ( 1.00000000000000, 0.000000000000000, -0.000000000000000 ) );
#13256 = DIRECTION( '', ( -0.000000000000000, 0.000000000000000, -1.00000000000000 ) );
#13257 = DIRECTION( '', ( 0.000000000000000, 0.975429786885407, 0.220310532786539 ) );
#13258 = CARTESIAN_POINT( '', ( 1.50000000000000, -75.1229878525751, -43.1828576648404 ) );
#13259 = DIRECTION( '', ( 1.00000000000000, 0.000000000000000, -0.000000000000000 ) );
#13260 = DIRECTION( '', ( -0.000000000000000, 0.000000000000000, -1.00000000000000 ) );
#13261 = CARTESIAN_POINT( '', ( 1.50000000000000, 0.000000000000000, 0.000000000000000 ) );
#13262 = DIRECTION( '', ( 1.00000000000000, 0.000000000000000, -0.000000000000000 ) );
#13263 = DIRECTION( '', ( -0.000000000000000, 0.000000000000000, -1.00000000000000 ) );
#13264 = CARTESIAN_POINT( '', ( 1.50000000000000, -76.9422851306161, -39.8510634598246 ) );
#13265 = DIRECTION( '', ( 1.00000000000000, 0.000000000000000, -0.000000000000000 ) );
#13266 = DIRECTION( '', ( -0.000000000000000, 0.000000000000000, -1.00000000000000 ) );
#13267 = DIRECTION( '', ( -0.000000000000000, -0.712694171378861, -0.701474887706323 ) );
#13268 = CARTESIAN_POINT( '', ( 1.50000000000000, -78.5511655022764, -36.9446122706011 ) );
#13269 = DIRECTION( '', ( 1.00000000000000, 0.000000000000000, -0.000000000000000 ) );
#13270 = DIRECTION( '', ( -0.000000000000000, 0.000000000000000, -1.00000000000000 ) );
#13271 = DIRECTION( '', ( 0.000000000000000, 0.415415013001912, -0.909631995354506 ) );
#13272 = CARTESIAN_POINT( '', ( 1.50000000000000, -79.3609488912682, -35.1714339865264 ) );
#13273 = DIRECTION( '', ( 1.00000000000000, 0.000000000000000, -0.000000000000000 ) );
#13274 = DIRECTION( '', ( -0.000000000000000, 0.000000000000000, -1.00000000000000 ) );
#13275 = DIRECTION( '', ( 0.000000000000000, 0.996854775951942, 0.0792499568567864 ) );
#13276 = CARTESIAN_POINT( '', ( 1.50000000000000, -80.5039055593897, -32.0522025715063 ) );
#13277 = DIRECTION( '', ( 1.00000000000000, 0.000000000000000, -0.000000000000000 ) );
#13278 = DIRECTION( '', ( -0.000000000000000, 0.000000000000000, -1.00000000000000 ) );
#13279 = CARTESIAN_POINT( '', ( 1.50000000000000, 0.000000000000000, 0.000000000000000 ) );
#13280 = DIRECTION( '', ( 1.00000000000000, 0.000000000000000, -0.000000000000000 ) );
#13281 = DIRECTION( '', ( -0.000000000000000, 0.000000000000000, -1.00000000000000 ) );
#13282 = CARTESIAN_POINT( '', ( 1.50000000000000, -81.8305212609037, -28.4954082295515 ) );
#13283 = DIRECTION( '', ( 1.00000000000000, 0.000000000000000, -0.000000000000000 ) );
#13284 = DIRECTION( '', ( -0.000000000000000, 0.000000000000000, -1.00000000000000 ) );
#13285 = DIRECTION( '', ( -0.000000000000000, -0.805270257531057, -0.592907929054643 ) );
#13286 = CARTESIAN_POINT( '', ( 1.50000000000000, -83.0093944192508, -25.3895729727839 ) );
#13287 = DIRECTION( '', ( 1.00000000000000, 0.000000000000000, -0.000000000000000 ) );
#13288 = DIRECTION( '', ( -0.000000000000000, 0.000000000000000, -1.00000000000000 ) );
#13289 = DIRECTION( '', ( 0.000000000000000, 0.281732556841457, -0.959492973614489 ) );
#13290 = CARTESIAN_POINT( '', ( 1.50000000000000, -83.5585858002262, -23.5191988948884 ) );
#13291 = DIRECTION( '', ( 1.00000000000000, 0.000000000000000, -0.000000000000000 ) );
#13292 = DIRECTION( '', ( -0.000000000000000, 0.000000000000000, -1.00000000000000 ) );
#13293 = DIRECTION( '', ( 0.000000000000000, 0.997986676471884, -0.0634239196565665 ) );
#13294 = CARTESIAN_POINT( '', ( 1.50000000000000, -84.2459959031080, -20.2690570647357 ) );
#13295 = DIRECTION( '', ( 1.00000000000000, 0.000000000000000, -0.000000000000000 ) );
#13296 = DIRECTION( '', ( -0.000000000000000, 0.000000000000000, -1.00000000000000 ) );
#13297 = CARTESIAN_POINT( '', ( 1.50000000000000, 0.000000000000000, 0.000000000000000 ) );
#13298 = DIRECTION( '', ( 1.00000000000000, 0.000000000000000, -0.000000000000000 ) );
#13299 = DIRECTION( '', ( -0.000000000000000, 0.000000000000000, -1.00000000000000 ) );
#13300 = CARTESIAN_POINT( '', ( 1.50000000000000, -85.0529239580559, -16.5596686616963 ) );
#13301 = DIRECTION( '', ( 1.00000000000000, 0.000000000000000, -0.000000000000000 ) );
#13302 = DIRECTION( '', ( -0.000000000000000, 0.000000000000000, -1.00000000000000 ) );
#13303 = DIRECTION( '', ( -0.000000000000000, -0.881453363447581, -0.472271074772685 ) );
#13304 = CARTESIAN_POINT( '', ( 1.50000000000000, -85.7777914451754, -13.3176751867231 ) );
#13305 = DIRECTION( '', ( 1.00000000000000, 0.000000000000000, -0.000000000000000 ) );
#13306 = DIRECTION( '', ( -0.000000000000000, 0.000000000000000, -1.00000000000000 ) );
#13307 = DIRECTION( '', ( 0.000000000000000, 0.142314838273313, -0.989821441880929 ) );
#13308 = CARTESIAN_POINT( '', ( 1.50000000000000, -86.0552108653548, -11.3881807375192 ) );
#13309 = DIRECTION( '', ( 1.00000000000000, 0.000000000000000, -0.000000000000000 ) );
#13310 = DIRECTION( '', ( -0.000000000000000, 0.000000000000000, -1.00000000000000 ) );
#13311 = DIRECTION( '', ( 0.000000000000000, 0.978802446214778, -0.204806668065193 ) );
#13312 = CARTESIAN_POINT( '', ( 1.50000000000000, -86.2730807156294, -8.07329200726092 ) );
#13313 = DIRECTION( '', ( 1.00000000000000, 0.000000000000000, -0.000000000000000 ) );
#13314 = DIRECTION( '', ( -0.000000000000000, 0.000000000000000, -1.00000000000000 ) );
#13315 = CARTESIAN_POINT( '', ( 1.50000000000000, 0.000000000000000, 0.000000000000000 ) );
#13316 = DIRECTION( '', ( 1.00000000000000, 0.000000000000000, -0.000000000000000 ) );
#13317 = DIRECTION( '', ( -0.000000000000000, 0.000000000000000, -1.00000000000000 ) );
#13318 = CARTESIAN_POINT( '', ( 1.50000000000000, -86.5438943958007, -4.28682199403010 ) );
#13319 = DIRECTION( '', ( 1.00000000000000, 0.000000000000000, -0.000000000000000 ) );
#13320 = DIRECTION( '', ( -0.000000000000000, 0.000000000000000, -1.00000000000000 ) );
#13321 = DIRECTION( '', ( -0.000000000000000, -0.939692620785907, -0.342020143325672 ) );
#13322 = CARTESIAN_POINT( '', ( 1.50000000000000, -86.8000000000001, -0.974667938864534 ) );
#13323 = DIRECTION( '', ( 1.00000000000000, 0.000000000000000, -0.000000000000000 ) );
#13324 = DIRECTION( '', ( -0.000000000000000, 0.000000000000000, -1.00000000000000 ) );
#13325 = DIRECTION( '', ( 0.000000000000000, 2.92426693355188E-14, -1.00000000000000 ) );
#13326 = CARTESIAN_POINT( '', ( 1.50000000000000, -86.8000000000001, 0.974667938864419 ) );
#13327 = DIRECTION( '', ( 1.00000000000000, 0.000000000000000, -0.000000000000000 ) );
#13328 = DIRECTION( '', ( -0.000000000000000, 0.000000000000000, -1.00000000000000 ) );
#13329 = DIRECTION( '', ( 0.000000000000000, 0.939692620785908, -0.342020143325670 ) );
#13330 = CARTESIAN_POINT( '', ( 1.50000000000000, -86.5438943958007, 4.28682199402998 ) );
#13331 = DIRECTION( '', ( 1.00000000000000, 0.000000000000000, -0.000000000000000 ) );
#13332 = DIRECTION( '', ( -0.000000000000000, 0.000000000000000, -1.00000000000000 ) );
#13333 = CARTESIAN_POINT( '', ( 1.50000000000000, 0.000000000000000, 0.000000000000000 ) );
#13334 = DIRECTION( '', ( 1.00000000000000, 0.000000000000000, -0.000000000000000 ) );
#13335 = DIRECTION( '', ( -0.000000000000000, 0.000000000000000, -1.00000000000000 ) );
#13336 = CARTESIAN_POINT( '', ( 1.50000000000000, -86.2730807156294, 8.07329200726095 ) );
#13337 = DIRECTION( '', ( 1.00000000000000, 0.000000000000000, -0.000000000000000 ) );
#13338 = DIRECTION( '', ( -0.000000000000000, 0.000000000000000, -1.00000000000000 ) );
#13339 = DIRECTION( '', ( -0.000000000000000, -0.978802446214778, -0.204806668065193 ) );
#13340 = CARTESIAN_POINT( '', ( 1.50000000000000, -86.0552108653547, 11.3881807375192 ) );
#13341 = DIRECTION( '', ( 1.00000000000000, 0.000000000000000, -0.000000000000000 ) );
#13342 = DIRECTION( '', ( -0.000000000000000, 0.000000000000000, -1.00000000000000 ) );
#13343 = DIRECTION( '', ( -0.000000000000000, -0.142314838273257, -0.989821441880937 ) );
#13344 = CARTESIAN_POINT( '', ( 1.50000000000000, -85.7777914451754, 13.3176751867231 ) );
#13345 = DIRECTION( '', ( 1.00000000000000, 0.000000000000000, -0.000000000000000 ) );
#13346 = DIRECTION( '', ( -0.000000000000000, 0.000000000000000, -1.00000000000000 ) );
#13347 = DIRECTION( '', ( 0.000000000000000, 0.881453363447581, -0.472271074772685 ) );
#13348 = CARTESIAN_POINT( '', ( 1.50000000000000, -85.0529239580559, 16.5596686616964 ) );
#13349 = DIRECTION( '', ( 1.00000000000000, 0.000000000000000, -0.000000000000000 ) );
#13350 = DIRECTION( '', ( -0.000000000000000, 0.000000000000000, -1.00000000000000 ) );
#13351 = CARTESIAN_POINT( '', ( 1.50000000000000, 0.000000000000000, 0.000000000000000 ) );
#13352 = DIRECTION( '', ( 1.00000000000000, 0.000000000000000, -0.000000000000000 ) );
#13353 = DIRECTION( '', ( -0.000000000000000, 0.000000000000000, -1.00000000000000 ) );
#13354 = CARTESIAN_POINT( '', ( 1.50000000000000, -84.2459959031080, 20.2690570647357 ) );
#13355 = DIRECTION( '', ( 1.00000000000000, 0.000000000000000, -0.000000000000000 ) );
#13356 = DIRECTION( '', ( -0.000000000000000, 0.000000000000000, -1.00000000000000 ) );
#13357 = DIRECTION( '', ( -0.000000000000000, -0.997986676471884, -0.0634239196565671 ) );
#13358 = CARTESIAN_POINT( '', ( 1.50000000000000, -83.5585858002261, 23.5191988948883 ) );
#13359 = DIRECTION( '', ( 1.00000000000000, 0.000000000000000, -0.000000000000000 ) );
#13360 = DIRECTION( '', ( -0.000000000000000, 0.000000000000000, -1.00000000000000 ) );
#13361 = DIRECTION( '', ( -0.000000000000000, -0.281732556841402, -0.959492973614505 ) );
#13362 = CARTESIAN_POINT( '', ( 1.50000000000000, -83.0093944192509, 25.3895729727839 ) );
#13363 = DIRECTION( '', ( 1.00000000000000, 0.000000000000000, -0.000000000000000 ) );
#13364 = DIRECTION( '', ( -0.000000000000000, 0.000000000000000, -1.00000000000000 ) );
#13365 = DIRECTION( '', ( 0.000000000000000, 0.805270257531057, -0.592907929054642 ) );
#13366 = CARTESIAN_POINT( '', ( 1.50000000000000, -81.8305212609037, 28.4954082295515 ) );
#13367 = DIRECTION( '', ( 1.00000000000000, 0.000000000000000, -0.000000000000000 ) );
#13368 = DIRECTION( '', ( -0.000000000000000, 0.000000000000000, -1.00000000000000 ) );
#13369 = CARTESIAN_POINT( '', ( 1.50000000000000, 0.000000000000000, 0.000000000000000 ) );
#13370 = DIRECTION( '', ( 1.00000000000000, 0.000000000000000, -0.000000000000000 ) );
#13371 = DIRECTION( '', ( -0.000000000000000, 0.000000000000000, -1.00000000000000 ) );
#13372 = CARTESIAN_POINT( '', ( 1.50000000000000, -80.5039055593897, 32.0522025715062 ) );
#13373 = DIRECTION( '', ( 1.00000000000000, 0.000000000000000, -0.000000000000000 ) );
#13374 = DIRECTION( '', ( -0.000000000000000, 0.000000000000000, -1.00000000000000 ) );
#13375 = DIRECTION( '', ( 0.000000000000000, -0.996854775951942, 0.0792499568567852 ) );
#13376 = CARTESIAN_POINT( '', ( 1.50000000000000, -79.3609488912682, 35.1714339865264 ) );
#13377 = DIRECTION( '', ( 1.00000000000000, 0.000000000000000, -0.000000000000000 ) );
#13378 = DIRECTION( '', ( -0.000000000000000, 0.000000000000000, -1.00000000000000 ) );
#13379 = DIRECTION( '', ( -0.000000000000000, -0.415415013001860, -0.909631995354530 ) );
#13380 = CARTESIAN_POINT( '', ( 1.50000000000000, -78.5511655022764, 36.9446122706011 ) );
#13381 = DIRECTION( '', ( 1.00000000000000, 0.000000000000000, -0.000000000000000 ) );
#13382 = DIRECTION( '', ( -0.000000000000000, 0.000000000000000, -1.00000000000000 ) );
#13383 = DIRECTION( '', ( 0.000000000000000, 0.712694171378862, -0.701474887706322 ) );
#13384 = CARTESIAN_POINT( '', ( 1.50000000000000, -76.9422851306162, 39.8510634598246 ) );
#13385 = DIRECTION( '', ( 1.00000000000000, 0.000000000000000, -0.000000000000000 ) );
#13386 = DIRECTION( '', ( -0.000000000000000, 0.000000000000000, -1.00000000000000 ) );
#13387 = CARTESIAN_POINT( '', ( 1.50000000000000, 0.000000000000000, 0.000000000000000 ) );
#13388 = DIRECTION( '', ( 1.00000000000000, 0.000000000000000, -0.000000000000000 ) );
#13389 = DIRECTION( '', ( -0.000000000000000, 0.000000000000000, -1.00000000000000 ) );
#13390 = CARTESIAN_POINT( '', ( 1.50000000000000, -75.1229878525750, 43.1828576648405 ) );
#13391 = DIRECTION( '', ( 1.00000000000000, 0.000000000000000, -0.000000000000000 ) );
#13392 = DIRECTION( '', ( -0.000000000000000, 0.000000000000000, -1.00000000000000 ) );
#13393 = DIRECTION( '', ( 0.000000000000000, -0.975429786885408, 0.220310532786538 ) );
#13394 = CARTESIAN_POINT( '', ( 1.50000000000000, -73.5477519209621, 46.1076801082389 ) );
#13395 = DIRECTION( '', ( 1.00000000000000, 0.000000000000000, -0.000000000000000 ) );
#13396 = DIRECTION( '', ( -0.000000000000000, 0.000000000000000, -1.00000000000000 ) );
#13397 = DIRECTION( '', ( -0.000000000000000, -0.540640817455574, -0.841253532831197 ) );
#13398 = CARTESIAN_POINT( '', ( 1.50000000000000, -72.4938613785312, 47.7475658020530 ) );
#13399 = DIRECTION( '', ( 1.00000000000000, 0.000000000000000, -0.000000000000000 ) );
#13400 = DIRECTION( '', ( -0.000000000000000, 0.000000000000000, -1.00000000000000 ) );
#13401 = DIRECTION( '', ( 0.000000000000000, 0.605609687137665, -0.795761840530834 ) );
#13402 = CARTESIAN_POINT( '', ( 1.50000000000000, -70.4877259582970, 50.3954659590328 ) );
#13403 = DIRECTION( '', ( 1.00000000000000, 0.000000000000000, -0.000000000000000 ) );
#13404 = DIRECTION( '', ( -0.000000000000000, 0.000000000000000, -1.00000000000000 ) );
#13405 = CARTESIAN_POINT( '', ( 1.50000000000000, 0.000000000000000, 0.000000000000000 ) );
#13406 = DIRECTION( '', ( 1.00000000000000, 0.000000000000000, -0.000000000000000 ) );
#13407 = DIRECTION( '', ( -0.000000000000000, 0.000000000000000, -1.00000000000000 ) );
#13408 = CARTESIAN_POINT( '', ( 1.50000000000000, -68.2127827498896, 53.4344343051966 ) );
#13409 = DIRECTION( '', ( 1.00000000000000, 0.000000000000000, -0.000000000000000 ) );
#13410 = DIRECTION( '', ( -0.000000000000000, 0.000000000000000, -1.00000000000000 ) );
#13411 = DIRECTION( '', ( 0.000000000000000, -0.934147860265108, 0.356886221591869 ) );
#13412 = CARTESIAN_POINT( '', ( 1.50000000000000, -66.2373348157474, 56.1053068265172 ) );
#13413 = DIRECTION( '', ( 1.00000000000000, 0.000000000000000, -0.000000000000000 ) );
#13414 = DIRECTION( '', ( -0.000000000000000, 0.000000000000000, -1.00000000000000 ) );
#13415 = DIRECTION( '', ( -0.000000000000000, -0.654860733945263, -0.755749574354277 ) );
#13416 = CARTESIAN_POINT( '', ( 1.50000000000000, -64.9607912921520, 57.5785165863844 ) );
#13417 = DIRECTION( '', ( 1.00000000000000, 0.000000000000000, -0.000000000000000 ) );
#13418 = DIRECTION( '', ( -0.000000000000000, 0.000000000000000, -1.00000000000000 ) );
#13419 = DIRECTION( '', ( 0.000000000000000, 0.486196736100467, -0.873849377069786 ) );
#13420 = CARTESIAN_POINT( '', ( 1.50000000000000, -62.5982399552830, 59.9139620998380 ) );
#13421 = DIRECTION( '', ( 1.00000000000000, 0.000000000000000, -0.000000000000000 ) );
#13422 = DIRECTION( '', ( -0.000000000000000, 0.000000000000000, -1.00000000000000 ) );
#13423 = CARTESIAN_POINT( '', ( 1.50000000000000, 0.000000000000000, 0.000000000000000 ) );
#13424 = DIRECTION( '', ( 1.00000000000000, 0.000000000000000, -0.000000000000000 ) );
#13425 = DIRECTION( '', ( -0.000000000000000, 0.000000000000000, -1.00000000000000 ) );
#13426 = CARTESIAN_POINT( '', ( 1.50000000000000, -59.9139620998380, 62.5982399552830 ) );
#13427 = DIRECTION( '', ( 1.00000000000000, 0.000000000000000, -0.000000000000000 ) );
#13428 = DIRECTION( '', ( -0.000000000000000, 0.000000000000000, -1.00000000000000 ) );
#13429 = DIRECTION( '', ( 0.000000000000000, -0.873849377069786, 0.486196736100466 ) );
#13430 = CARTESIAN_POINT( '', ( 1.50000000000000, -57.5785165863844, 64.9607912921520 ) );
#13431 = DIRECTION( '', ( 1.00000000000000, 0.000000000000000, -0.000000000000000 ) );
#13432 = DIRECTION( '', ( -0.000000000000000, 0.000000000000000, -1.00000000000000 ) );
#13433 = DIRECTION( '', ( -0.000000000000000, -0.755749574354240, -0.654860733945307 ) );
#13434 = CARTESIAN_POINT( '', ( 1.50000000000000, -56.1053068265172, 66.2373348157474 ) );
#13435 = DIRECTION( '', ( 1.00000000000000, 0.000000000000000, -0.000000000000000 ) );
#13436 = DIRECTION( '', ( -0.000000000000000, 0.000000000000000, -1.00000000000000 ) );
#13437 = DIRECTION( '', ( 0.000000000000000, 0.356886221591870, -0.934147860265107 ) );
#13438 = CARTESIAN_POINT( '', ( 1.50000000000000, -53.4344343051966, 68.2127827498896 ) );
#13439 = DIRECTION( '', ( 1.00000000000000, 0.000000000000000, -0.000000000000000 ) );
#13440 = DIRECTION( '', ( -0.000000000000000, 0.000000000000000, -1.00000000000000 ) );
#13441 = CARTESIAN_POINT( '', ( 1.50000000000000, 0.000000000000000, 0.000000000000000 ) );
#13442 = DIRECTION( '', ( 1.00000000000000, 0.000000000000000, -0.000000000000000 ) );
#13443 = DIRECTION( '', ( -0.000000000000000, 0.000000000000000, -1.00000000000000 ) );
#13444 = CARTESIAN_POINT( '', ( 1.50000000000000, -50.3954659590327, 70.4877259582970 ) );
#13445 = DIRECTION( '', ( 1.00000000000000, 0.000000000000000, -0.000000000000000 ) );
#13446 = DIRECTION( '', ( -0.000000000000000, 0.000000000000000, -1.00000000000000 ) );
#13447 = DIRECTION( '', ( 0.000000000000000, -0.795761840530833, 0.605609687137665 ) );
#13448 = CARTESIAN_POINT( '', ( 1.50000000000000, -47.7475658020529, 72.4938613785312 ) );
#13449 = DIRECTION( '', ( 1.00000000000000, 0.000000000000000, -0.000000000000000 ) );
#13450 = DIRECTION( '', ( -0.000000000000000, 0.000000000000000, -1.00000000000000 ) );
#13451 = DIRECTION( '', ( -0.000000000000000, -0.841253532831166, -0.540640817455621 ) );
#13452 = CARTESIAN_POINT( '', ( 1.50000000000000, -46.1076801082389, 73.5477519209621 ) );
#13453 = DIRECTION( '', ( 1.00000000000000, 0.000000000000000, -0.000000000000000 ) );
#13454 = DIRECTION( '', ( -0.000000000000000, 0.000000000000000, -1.00000000000000 ) );
#13455 = DIRECTION( '', ( 0.000000000000000, 0.220310532786538, -0.975429786885408 ) );
#13456 = CARTESIAN_POINT( '', ( 1.50000000000000, -43.1828576648404, 75.1229878525751 ) );
#13457 = DIRECTION( '', ( 1.00000000000000, 0.000000000000000, -0.000000000000000 ) );
#13458 = DIRECTION( '', ( -0.000000000000000, 0.000000000000000, -1.00000000000000 ) );
#13459 = CARTESIAN_POINT( '', ( 1.50000000000000, 0.000000000000000, 0.000000000000000 ) );
#13460 = DIRECTION( '', ( 1.00000000000000, 0.000000000000000, -0.000000000000000 ) );
#13461 = DIRECTION( '', ( -0.000000000000000, 0.000000000000000, -1.00000000000000 ) );
#13462 = CARTESIAN_POINT( '', ( 1.50000000000000, -39.8510634598246, 76.9422851306161 ) );
#13463 = DIRECTION( '', ( 1.00000000000000, 0.000000000000000, -0.000000000000000 ) );
#13464 = DIRECTION( '', ( -0.000000000000000, 0.000000000000000, -1.00000000000000 ) );
#13465 = DIRECTION( '', ( 0.000000000000000, -0.701474887706323, 0.712694171378861 ) );
#13466 = CARTESIAN_POINT( '', ( 1.50000000000000, -36.9446122706011, 78.5511655022764 ) );
#13467 = DIRECTION( '', ( 1.00000000000000, 0.000000000000000, -0.000000000000000 ) );
#13468 = DIRECTION( '', ( -0.000000000000000, 0.000000000000000, -1.00000000000000 ) );
#13469 = DIRECTION( '', ( -0.000000000000000, -0.909631995354506, -0.415415013001912 ) );
#13470 = CARTESIAN_POINT( '', ( 1.50000000000000, -35.1714339865264, 79.3609488912682 ) );
#13471 = DIRECTION( '', ( 1.00000000000000, 0.000000000000000, -0.000000000000000 ) );
#13472 = DIRECTION( '', ( -0.000000000000000, 0.000000000000000, -1.00000000000000 ) );
#13473 = DIRECTION( '', ( 0.000000000000000, 0.0792499568567865, -0.996854775951942 ) );
#13474 = CARTESIAN_POINT( '', ( 1.50000000000000, -32.0522025715063, 80.5039055593897 ) );
#13475 = DIRECTION( '', ( 1.00000000000000, 0.000000000000000, -0.000000000000000 ) );
#13476 = DIRECTION( '', ( -0.000000000000000, 0.000000000000000, -1.00000000000000 ) );
#13477 = CARTESIAN_POINT( '', ( 1.50000000000000, 0.000000000000000, 0.000000000000000 ) );
#13478 = DIRECTION( '', ( 1.00000000000000, 0.000000000000000, -0.000000000000000 ) );
#13479 = DIRECTION( '', ( -0.000000000000000, 0.000000000000000, -1.00000000000000 ) );
#13480 = CARTESIAN_POINT( '', ( 1.50000000000000, -28.4954082295515, 81.8305212609037 ) );
#13481 = DIRECTION( '', ( 1.00000000000000, 0.000000000000000, -0.000000000000000 ) );
#13482 = DIRECTION( '', ( -0.000000000000000, 0.000000000000000, -1.00000000000000 ) );
#13483 = DIRECTION( '', ( 0.000000000000000, -0.592907929054643, 0.805270257531057 ) );
#13484 = CARTESIAN_POINT( '', ( 1.50000000000000, -25.3895729727839, 83.0093944192508 ) );
#13485 = DIRECTION( '', ( 1.00000000000000, 0.000000000000000, -0.000000000000000 ) );
#13486 = DIRECTION( '', ( -0.000000000000000, 0.000000000000000, -1.00000000000000 ) );
#13487 = DIRECTION( '', ( -0.000000000000000, -0.959492973614489, -0.281732556841457 ) );
#13488 = CARTESIAN_POINT( '', ( 1.50000000000000, -23.5191988948883, 83.5585858002262 ) );
#13489 = DIRECTION( '', ( 1.00000000000000, 0.000000000000000, -0.000000000000000 ) );
#13490 = DIRECTION( '', ( -0.000000000000000, 0.000000000000000, -1.00000000000000 ) );
#13491 = DIRECTION( '', ( -0.000000000000000, -0.0634239196565666, -0.997986676471884 ) );
#13492 = CARTESIAN_POINT( '', ( 1.50000000000000, -20.2690570647357, 84.2459959031080 ) );
#13493 = DIRECTION( '', ( 1.00000000000000, 0.000000000000000, -0.000000000000000 ) );
#13494 = DIRECTION( '', ( -0.000000000000000, 0.000000000000000, -1.00000000000000 ) );
#13495 = CARTESIAN_POINT( '', ( 1.50000000000000, 0.000000000000000, 0.000000000000000 ) );
#13496 = DIRECTION( '', ( 1.00000000000000, 0.000000000000000, -0.000000000000000 ) );
#13497 = DIRECTION( '', ( -0.000000000000000, 0.000000000000000, -1.00000000000000 ) );
#13498 = CARTESIAN_POINT( '', ( 1.50000000000000, -16.5596686616964, 85.0529239580559 ) );
#13499 = DIRECTION( '', ( 1.00000000000000, 0.000000000000000, -0.000000000000000 ) );
#13500 = DIRECTION( '', ( -0.000000000000000, 0.000000000000000, -1.00000000000000 ) );
#13501 = DIRECTION( '', ( 0.000000000000000, -0.472271074772685, 0.881453363447581 ) );
#13502 = CARTESIAN_POINT( '', ( 1.50000000000000, -13.3176751867231, 85.7777914451754 ) );
#13503 = DIRECTION( '', ( 1.00000000000000, 0.000000000000000, -0.000000000000000 ) );
#13504 = DIRECTION( '', ( -0.000000000000000, 0.000000000000000, -1.00000000000000 ) );
#13505 = DIRECTION( '', ( -0.000000000000000, -0.989821441880929, -0.142314838273314 ) );
#13506 = CARTESIAN_POINT( '', ( 1.50000000000000, -11.3881807375193, 86.0552108653548 ) );
#13507 = DIRECTION( '', ( 1.00000000000000, 0.000000000000000, -0.000000000000000 ) );
#13508 = DIRECTION( '', ( -0.000000000000000, 0.000000000000000, -1.00000000000000 ) );
#13509 = DIRECTION( '', ( -0.000000000000000, -0.204806668065192, -0.978802446214778 ) );
#13510 = CARTESIAN_POINT( '', ( 1.50000000000000, -8.07329200726098, 86.2730807156294 ) );
#13511 = DIRECTION( '', ( 1.00000000000000, 0.000000000000000, -0.000000000000000 ) );
#13512 = DIRECTION( '', ( -0.000000000000000, 0.000000000000000, -1.00000000000000 ) );
#13513 = CARTESIAN_POINT( '', ( 1.50000000000000, 0.000000000000000, 0.000000000000000 ) );
#13514 = DIRECTION( '', ( 1.00000000000000, 0.000000000000000, -0.000000000000000 ) );
#13515 = DIRECTION( '', ( -0.000000000000000, 0.000000000000000, -1.00000000000000 ) );
#13516 = CARTESIAN_POINT( '', ( 1.50000000000000, -4.28682199403003, 86.5438943958007 ) );
#13517 = DIRECTION( '', ( 1.00000000000000, 0.000000000000000, -0.000000000000000 ) );
#13518 = DIRECTION( '', ( -0.000000000000000, 0.000000000000000, -1.00000000000000 ) );
#13519 = DIRECTION( '', ( 0.000000000000000, -0.342020143325671, 0.939692620785908 ) );
#13520 = CARTESIAN_POINT( '', ( 1.50000000000000, -0.974667938864462, 86.8000000000001 ) );
#13521 = DIRECTION( '', ( 1.00000000000000, 0.000000000000000, -0.000000000000000 ) );
#13522 = DIRECTION( '', ( -0.000000000000000, 0.000000000000000, -1.00000000000000 ) );
#13523 = DIRECTION( '', ( -0.000000000000000, -1.00000000000000, -2.84157232557761E-14 ) );
#13524 = CARTESIAN_POINT( '', ( 1.50000000000000, 0.974667938864491, 86.8000000000001 ) );
#13525 = DIRECTION( '', ( 1.00000000000000, 0.000000000000000, -0.000000000000000 ) );
#13526 = DIRECTION( '', ( -0.000000000000000, 0.000000000000000, -1.00000000000000 ) );
#13527 = DIRECTION( '', ( -0.000000000000000, -0.342020143325671, -0.939692620785908 ) );
#13528 = CARTESIAN_POINT( '', ( 1.50000000000000, 4.28682199403005, 86.5438943958007 ) );
#13529 = DIRECTION( '', ( 1.00000000000000, 0.000000000000000, -0.000000000000000 ) );
#13530 = DIRECTION( '', ( -0.000000000000000, 0.000000000000000, -1.00000000000000 ) );
#13531 = CARTESIAN_POINT( '', ( 1.50000000000000, 0.000000000000000, 0.000000000000000 ) );
#13532 = DIRECTION( '', ( 1.00000000000000, 0.000000000000000, -0.000000000000000 ) );
#13533 = DIRECTION( '', ( -0.000000000000000, 0.000000000000000, -1.00000000000000 ) );
#13534 = CARTESIAN_POINT( '', ( 1.50000000000000, 8.07329200726090, 86.2730807156294 ) );
#13535 = DIRECTION( '', ( 1.00000000000000, 0.000000000000000, -0.000000000000000 ) );
#13536 = DIRECTION( '', ( -0.000000000000000, 0.000000000000000, -1.00000000000000 ) );
#13537 = DIRECTION( '', ( 0.000000000000000, -0.204806668065194, 0.978802446214778 ) );
#13538 = CARTESIAN_POINT( '', ( 1.50000000000000, 11.3881807375192, 86.0552108653547 ) );
#13539 = DIRECTION( '', ( 1.00000000000000, 0.000000000000000, -0.000000000000000 ) );
#13540 = DIRECTION( '', ( -0.000000000000000, 0.000000000000000, -1.00000000000000 ) );
#13541 = DIRECTION( '', ( 0.000000000000000, -0.989821441880937, 0.142314838273256 ) );
#13542 = CARTESIAN_POINT( '', ( 1.50000000000000, 13.3176751867231, 85.7777914451755 ) );
#13543 = DIRECTION( '', ( 1.00000000000000, 0.000000000000000, -0.000000000000000 ) );
#13544 = DIRECTION( '', ( -0.000000000000000, 0.000000000000000, -1.00000000000000 ) );
#13545 = DIRECTION( '', ( -0.000000000000000, -0.472271074772684, -0.881453363447581 ) );
#13546 = CARTESIAN_POINT( '', ( 1.50000000000000, 16.5596686616963, 85.0529239580559 ) );
#13547 = DIRECTION( '', ( 1.00000000000000, 0.000000000000000, -0.000000000000000 ) );
#13548 = DIRECTION( '', ( -0.000000000000000, 0.000000000000000, -1.00000000000000 ) );
#13549 = CARTESIAN_POINT( '', ( 1.50000000000000, 0.000000000000000, 0.000000000000000 ) );
#13550 = DIRECTION( '', ( 1.00000000000000, 0.000000000000000, -0.000000000000000 ) );
#13551 = DIRECTION( '', ( -0.000000000000000, 0.000000000000000, -1.00000000000000 ) );
#13552 = CARTESIAN_POINT( '', ( 1.50000000000000, 20.2690570647357, 84.2459959031080 ) );
#13553 = DIRECTION( '', ( 1.00000000000000, 0.000000000000000, -0.000000000000000 ) );
#13554 = DIRECTION( '', ( -0.000000000000000, 0.000000000000000, -1.00000000000000 ) );
#13555 = DIRECTION( '', ( 0.000000000000000, -0.0634239196565673, 0.997986676471884 ) );
#13556 = CARTESIAN_POINT( '', ( 1.50000000000000, 23.5191988948883, 83.5585858002261 ) );
#13557 = DIRECTION( '', ( 1.00000000000000, 0.000000000000000, -0.000000000000000 ) );
#13558 = DIRECTION( '', ( -0.000000000000000, 0.000000000000000, -1.00000000000000 ) );
#13559 = DIRECTION( '', ( 0.000000000000000, -0.959492973614506, 0.281732556841402 ) );
#13560 = CARTESIAN_POINT( '', ( 1.50000000000000, 25.3895729727839, 83.0093944192509 ) );
#13561 = DIRECTION( '', ( 1.00000000000000, 0.000000000000000, -0.000000000000000 ) );
#13562 = DIRECTION( '', ( -0.000000000000000, 0.000000000000000, -1.00000000000000 ) );
#13563 = DIRECTION( '', ( -0.000000000000000, -0.592907929054642, -0.805270257531058 ) );
#13564 = CARTESIAN_POINT( '', ( 1.50000000000000, 28.4954082295515, 81.8305212609037 ) );
#13565 = DIRECTION( '', ( 1.00000000000000, 0.000000000000000, -0.000000000000000 ) );
#13566 = DIRECTION( '', ( -0.000000000000000, 0.000000000000000, -1.00000000000000 ) );
#13567 = CARTESIAN_POINT( '', ( 1.50000000000000, 0.000000000000000, 0.000000000000000 ) );
#13568 = DIRECTION( '', ( 1.00000000000000, 0.000000000000000, -0.000000000000000 ) );
#13569 = DIRECTION( '', ( -0.000000000000000, 0.000000000000000, -1.00000000000000 ) );
#13570 = CARTESIAN_POINT( '', ( 1.50000000000000, 32.0522025715062, 80.5039055593897 ) );
#13571 = DIRECTION( '', ( 1.00000000000000, 0.000000000000000, -0.000000000000000 ) );
#13572 = DIRECTION( '', ( -0.000000000000000, 0.000000000000000, -1.00000000000000 ) );
#13573 = DIRECTION( '', ( 0.000000000000000, 0.0792499568567857, 0.996854775951942 ) );
#13574 = CARTESIAN_POINT( '', ( 1.50000000000000, 35.1714339865264, 79.3609488912682 ) );
#13575 = DIRECTION( '', ( 1.00000000000000, 0.000000000000000, -0.000000000000000 ) );
#13576 = DIRECTION( '', ( -0.000000000000000, 0.000000000000000, -1.00000000000000 ) );
#13577 = DIRECTION( '', ( 0.000000000000000, -0.909631995354530, 0.415415013001860 ) );
#13578 = CARTESIAN_POINT( '', ( 0.0499999999999390, 0.000000000000000, 0.000000000000000 ) );
#13579 = DIRECTION( '', ( 1.00000000000000, 0.000000000000000, -0.000000000000000 ) );
#13580 = DIRECTION( '', ( -0.000000000000000, 0.000000000000000, -1.00000000000000 ) );
#13581 = CARTESIAN_POINT( '', ( 0.0499999999999945, 0.000000000000000, 0.000000000000000 ) );
#13582 = DIRECTION( '', ( 1.00000000000000, 0.000000000000000, -0.000000000000000 ) );
#13583 = DIRECTION( '', ( -0.000000000000000, 0.000000000000000, -1.00000000000000 ) );
#13584 = CARTESIAN_POINT( '', ( -0.619872981077851, 0.000000000000000, 0.000000000000000 ) );
#13585 = DIRECTION( '', ( 1.00000000000000, 0.000000000000000, -0.000000000000000 ) );
#13586 = DIRECTION( '', ( -0.000000000000000, 0.000000000000000, -1.00000000000000 ) );
#13587 = DIRECTION( '', ( -1.00000000000000, -0.000000000000000, 0.000000000000000 ) );
#13588 = DIRECTION( '', ( -1.00000000000000, -0.000000000000000, 0.000000000000000 ) );
#13589 = DIRECTION( '', ( -1.00000000000000, -0.000000000000000, 0.000000000000000 ) );
#13590 = DIRECTION( '', ( -1.00000000000000, -0.000000000000000, 0.000000000000000 ) );
#13591 = DIRECTION( '', ( -1.00000000000000, -0.000000000000000, 0.000000000000000 ) );
#13592 = DIRECTION( '', ( -1.00000000000000, -0.000000000000000, 0.000000000000000 ) );
#13593 = DIRECTION( '', ( -1.00000000000000, -0.000000000000000, 0.000000000000000 ) );
#13594 = DIRECTION( '', ( -1.00000000000000, -0.000000000000000, 0.000000000000000 ) );
#13595 = DIRECTION( '', ( -1.00000000000000, -0.000000000000000, 0.000000000000000 ) );
#13596 = DIRECTION( '', ( -1.00000000000000, -0.000000000000000, 0.000000000000000 ) );
#13597 = DIRECTION( '', ( -1.00000000000000, -0.000000000000000, 0.000000000000000 ) );
#13598 = DIRECTION( '', ( -1.00000000000000, -0.000000000000000, 0.000000000000000 ) );
#13599 = DIRECTION( '', ( -1.00000000000000, -0.000000000000000, 0.000000000000000 ) );
#13600 = DIRECTION( '', ( -1.00000000000000, -0.000000000000000, 0.000000000000000 ) );
#13601 = DIRECTION( '', ( -1.00000000000000, -0.000000000000000, 0.000000000000000 ) );
#13602 = DIRECTION( '', ( -1.00000000000000, -0.000000000000000, 0.000000000000000 ) );
#13603 = DIRECTION( '', ( -1.00000000000000, -0.000000000000000, 0.000000000000000 ) );
#13604 = DIRECTION( '', ( -1.00000000000000, -0.000000000000000, 0.000000000000000 ) );
#13605 = DIRECTION( '', ( -1.00000000000000, -0.000000000000000, 0.000000000000000 ) );
#13606 = DIRECTION( '', ( -1.00000000000000, -0.000000000000000, 0.000000000000000 ) );
#13607 = DIRECTION( '', ( -1.00000000000000, -0.000000000000000, 0.000000000000000 ) );
#13608 = DIRECTION( '', ( -1.00000000000000, -0.000000000000000, 0.000000000000000 ) );
#13609 = DIRECTION( '', ( -1.00000000000000, -0.000000000000000, 0.000000000000000 ) );
#13610 = DIRECTION( '', ( -1.00000000000000, -0.000000000000000, 0.000000000000000 ) );
#13611 = DIRECTION( '', ( -1.00000000000000, -0.000000000000000, 0.000000000000000 ) );
#13612 = DIRECTION( '', ( -1.00000000000000, -0.000000000000000, 0.000000000000000 ) );
#13613 = DIRECTION( '', ( -1.00000000000000, -0.000000000000000, 0.000000000000000 ) );
#13614 = DIRECTION( '', ( -1.00000000000000, -0.000000000000000, 0.000000000000000 ) );
#13615 = DIRECTION( '', ( -1.00000000000000, -0.000000000000000, 0.000000000000000 ) );
#13616 = DIRECTION( '', ( -1.00000000000000, -0.000000000000000, 0.000000000000000 ) );
#13617 = DIRECTION( '', ( -1.00000000000000, -0.000000000000000, 0.000000000000000 ) );
#13618 = DIRECTION( '', ( -1.00000000000000, -0.000000000000000, 0.000000000000000 ) );
#13619 = DIRECTION( '', ( -1.00000000000000, -0.000000000000000, 0.000000000000000 ) );
#13620 = DIRECTION( '', ( -1.00000000000000, -0.000000000000000, 0.000000000000000 ) );
#13621 = DIRECTION( '', ( -1.00000000000000, -0.000000000000000, 0.000000000000000 ) );
#13622 = DIRECTION( '', ( -1.00000000000000, -0.000000000000000, 0.000000000000000 ) );
#13623 = DIRECTION( '', ( -1.00000000000000, -0.000000000000000, 0.000000000000000 ) );
#13624 = DIRECTION( '', ( -1.00000000000000, -0.000000000000000, 0.000000000000000 ) );
#13625 = DIRECTION( '', ( -1.00000000000000, -0.000000000000000, 0.000000000000000 ) );
#13626 = DIRECTION( '', ( -1.00000000000000, -0.000000000000000, 0.000000000000000 ) );
#13627 = DIRECTION( '', ( -1.00000000000000, -0.000000000000000, 0.000000000000000 ) );
#13628 = DIRECTION( '', ( -1.00000000000000, -0.000000000000000, 0.000000000000000 ) );
#13629 = DIRECTION( '', ( -1.00000000000000, -0.000000000000000, 0.000000000000000 ) );
#13630 = DIRECTION( '', ( -1.00000000000000, -0.000000000000000, 0.000000000000000 ) );
#13631 = DIRECTION( '', ( -1.00000000000000, -0.000000000000000, 0.000000000000000 ) );
#13632 = DIRECTION( '', ( -1.00000000000000, -0.000000000000000, 0.000000000000000 ) );
#13633 = DIRECTION( '', ( -1.00000000000000, -0.000000000000000, 0.000000000000000 ) );
#13634 = DIRECTION( '', ( -1.00000000000000, -0.000000000000000, 0.000000000000000 ) );
#13635 = DIRECTION( '', ( -1.00000000000000, -0.000000000000000, 0.000000000000000 ) );
#13636 = DIRECTION( '', ( -1.00000000000000, -0.000000000000000, 0.000000000000000 ) );
#13637 = DIRECTION( '', ( -1.00000000000000, -0.000000000000000, 0.000000000000000 ) );
#13638 = DIRECTION( '', ( -1.00000000000000, -0.000000000000000, 0.000000000000000 ) );
#13639 = DIRECTION( '', ( -1.00000000000000, -0.000000000000000, 0.000000000000000 ) );
#13640 = DIRECTION( '', ( -1.00000000000000, -0.000000000000000, 0.000000000000000 ) );
#13641 = DIRECTION( '', ( -1.00000000000000, -0.000000000000000, 0.000000000000000 ) );
#13642 = DIRECTION( '', ( -1.00000000000000, -0.000000000000000, 0.000000000000000 ) );
#13643 = DIRECTION( '', ( -1.00000000000000, -0.000000000000000, 0.000000000000000 ) );
#13644 = DIRECTION( '', ( -1.00000000000000, -0.000000000000000, 0.000000000000000 ) );
#13645 = DIRECTION( '', ( -1.00000000000000, -0.000000000000000, 0.000000000000000 ) );
#13646 = DIRECTION( '', ( -1.00000000000000, -0.000000000000000, 0.000000000000000 ) );
#13647 = DIRECTION( '', ( -1.00000000000000, -0.000000000000000, 0.000000000000000 ) );
#13648 = DIRECTION( '', ( -1.00000000000000, -0.000000000000000, 0.000000000000000 ) );
#13649 = DIRECTION( '', ( -1.00000000000000, -0.000000000000000, 0.000000000000000 ) );
#13650 = DIRECTION( '', ( -1.00000000000000, -0.000000000000000, 0.000000000000000 ) );
#13651 = DIRECTION( '', ( -1.00000000000000, -0.000000000000000, 0.000000000000000 ) );
#13652 = DIRECTION( '', ( -1.00000000000000, -0.000000000000000, 0.000000000000000 ) );
#13653 = DIRECTION( '', ( -1.00000000000000, -0.000000000000000, 0.000000000000000 ) );
#13654 = DIRECTION( '', ( -1.00000000000000, -0.000000000000000, 0.000000000000000 ) );
#13655 = DIRECTION( '', ( -1.00000000000000, -0.000000000000000, 0.000000000000000 ) );
#13656 = DIRECTION( '', ( -1.00000000000000, -0.000000000000000, 0.000000000000000 ) );
#13657 = DIRECTION( '', ( -1.00000000000000, -0.000000000000000, 0.000000000000000 ) );
#13658 = DIRECTION( '', ( -1.00000000000000, -0.000000000000000, 0.000000000000000 ) );
#13659 = DIRECTION( '', ( -1.00000000000000, -0.000000000000000, 0.000000000000000 ) );
#13660 = DIRECTION( '', ( -1.00000000000000, -0.000000000000000, 0.000000000000000 ) );
#13661 = DIRECTION( '', ( -1.00000000000000, -0.000000000000000, 0.000000000000000 ) );
#13662 = DIRECTION( '', ( -1.00000000000000, -0.000000000000000, 0.000000000000000 ) );
#13663 = DIRECTION( '', ( -1.00000000000000, -0.000000000000000, 0.000000000000000 ) );
#13664 = DIRECTION( '', ( -1.00000000000000, -0.000000000000000, 0.000000000000000 ) );
#13665 = DIRECTION( '', ( -1.00000000000000, -0.000000000000000, 0.000000000000000 ) );
#13666 = DIRECTION( '', ( -1.00000000000000, -0.000000000000000, 0.000000000000000 ) );
#13667 = DIRECTION( '', ( -1.00000000000000, -0.000000000000000, 0.000000000000000 ) );
#13668 = DIRECTION( '', ( -1.00000000000000, -0.000000000000000, 0.000000000000000 ) );
#13669 = DIRECTION( '', ( -1.00000000000000, -0.000000000000000, 0.000000000000000 ) );
#13670 = DIRECTION( '', ( -1.00000000000000, -0.000000000000000, 0.000000000000000 ) );
#13671 = DIRECTION( '', ( -1.00000000000000, -0.000000000000000, 0.000000000000000 ) );
#13672 = DIRECTION( '', ( -1.00000000000000, -0.000000000000000, 0.000000000000000 ) );
#13673 = DIRECTION( '', ( -1.00000000000000, -0.000000000000000, 0.000000000000000 ) );
#13674 = DIRECTION( '', ( -1.00000000000000, -0.000000000000000, 0.000000000000000 ) );
#13675 = DIRECTION( '', ( -1.00000000000000, 0.000000000000000, 0.000000000000000 ) );
#13676 = DIRECTION( '', ( -1.00000000000000, 0.000000000000000, 0.000000000000000 ) );
#13677 = DIRECTION( '', ( -1.00000000000000, 0.000000000000000, 0.000000000000000 ) );
#13678 = DIRECTION( '', ( -1.00000000000000, 0.000000000000000, 0.000000000000000 ) );
#13679 = DIRECTION( '', ( -1.00000000000000, 0.000000000000000, 0.000000000000000 ) );
#13680 = DIRECTION( '', ( -1.00000000000000, 0.000000000000000, 0.000000000000000 ) );
#13681 = DIRECTION( '', ( -1.00000000000000, 0.000000000000000, 0.000000000000000 ) );
#13682 = DIRECTION( '', ( -1.00000000000000, 0.000000000000000, 0.000000000000000 ) );
#13683 = DIRECTION( '', ( -1.00000000000000, 0.000000000000000, 0.000000000000000 ) );
#13684 = DIRECTION( '', ( -1.00000000000000, 0.000000000000000, 0.000000000000000 ) );
#13685 = DIRECTION( '', ( -1.00000000000000, 0.000000000000000, 0.000000000000000 ) );
#13686 = DIRECTION( '', ( -1.00000000000000, 0.000000000000000, 0.000000000000000 ) );
#13687 = DIRECTION( '', ( -1.00000000000000, 0.000000000000000, 0.000000000000000 ) );
#13688 = DIRECTION( '', ( -1.00000000000000, 0.000000000000000, 0.000000000000000 ) );
#13689 = DIRECTION( '', ( -1.00000000000000, 0.000000000000000, 0.000000000000000 ) );
#13690 = DIRECTION( '', ( -1.00000000000000, 0.000000000000000, 0.000000000000000 ) );
#13691 = DIRECTION( '', ( -1.00000000000000, 0.000000000000000, 0.000000000000000 ) );
#13692 = DIRECTION( '', ( -1.00000000000000, 0.000000000000000, 0.000000000000000 ) );
#13693 = DIRECTION( '', ( -1.00000000000000, 0.000000000000000, 0.000000000000000 ) );
#13694 = DIRECTION( '', ( -1.00000000000000, 0.000000000000000, 0.000000000000000 ) );
#13695 = DIRECTION( '', ( -1.00000000000000, 0.000000000000000, 0.000000000000000 ) );
#13696 = DIRECTION( '', ( -1.00000000000000, 0.000000000000000, 0.000000000000000 ) );
#13697 = DIRECTION( '', ( -1.00000000000000, 0.000000000000000, 0.000000000000000 ) );
#13698 = DIRECTION( '', ( -1.00000000000000, 0.000000000000000, 0.000000000000000 ) );
#13699 = DIRECTION( '', ( -1.00000000000000, 0.000000000000000, 0.000000000000000 ) );
#13700 = DIRECTION( '', ( -1.00000000000000, 0.000000000000000, 0.000000000000000 ) );
#13701 = DIRECTION( '', ( -1.00000000000000, 0.000000000000000, 0.000000000000000 ) );
#13702 = DIRECTION( '', ( -1.00000000000000, 0.000000000000000, 0.000000000000000 ) );
#13703 = DIRECTION( '', ( -1.00000000000000, 0.000000000000000, 0.000000000000000 ) );
#13704 = DIRECTION( '', ( -1.00000000000000, 0.000000000000000, 0.000000000000000 ) );
#13705 = DIRECTION( '', ( -1.00000000000000, 0.000000000000000, 0.000000000000000 ) );
#13706 = DIRECTION( '', ( -1.00000000000000, 0.000000000000000, 0.000000000000000 ) );
#13707 = DIRECTION( '', ( -1.00000000000000, 0.000000000000000, 0.000000000000000 ) );
#13708 = DIRECTION( '', ( -1.00000000000000, 0.000000000000000, 0.000000000000000 ) );
#13709 = DIRECTION( '', ( -1.00000000000000, 0.000000000000000, 0.000000000000000 ) );
#13710 = DIRECTION( '', ( -1.00000000000000, 0.000000000000000, 0.000000000000000 ) );
#13711 = DIRECTION( '', ( -1.00000000000000, 0.000000000000000, 0.000000000000000 ) );
#13712 = DIRECTION( '', ( -1.00000000000000, 0.000000000000000, 0.000000000000000 ) );
#13713 = DIRECTION( '', ( -1.00000000000000, 0.000000000000000, 0.000000000000000 ) );
#13714 = DIRECTION( '', ( -1.00000000000000, 0.000000000000000, 0.000000000000000 ) );
#13715 = DIRECTION( '', ( -1.00000000000000, 0.000000000000000, 0.000000000000000 ) );
#13716 = DIRECTION( '', ( -1.00000000000000, 0.000000000000000, 0.000000000000000 ) );
#13717 = DIRECTION( '', ( -1.00000000000000, 0.000000000000000, 0.000000000000000 ) );
#13718 = DIRECTION( '', ( -1.00000000000000, 0.000000000000000, 0.000000000000000 ) );
#13719 = DIRECTION( '', ( -1.00000000000000, 0.000000000000000, 0.000000000000000 ) );
#13720 = DIRECTION( '', ( -1.00000000000000, 0.000000000000000, 0.000000000000000 ) );
#13721 = DIRECTION( '', ( -1.00000000000000, 0.000000000000000, 0.000000000000000 ) );
#13722 = DIRECTION( '', ( -1.00000000000000, 0.000000000000000, 0.000000000000000 ) );
#13723 = DIRECTION( '', ( -1.00000000000000, 0.000000000000000, 0.000000000000000 ) );
#13724 = DIRECTION( '', ( -1.00000000000000, 0.000000000000000, 0.000000000000000 ) );
#13725 = DIRECTION( '', ( -1.00000000000000, 0.000000000000000, 0.000000000000000 ) );
#13726 = DIRECTION( '', ( -1.00000000000000, 0.000000000000000, 0.000000000000000 ) );
#13727 = DIRECTION( '', ( -1.00000000000000, 0.000000000000000, 0.000000000000000 ) );
#13728 = DIRECTION( '', ( -1.00000000000000, 0.000000000000000, 0.000000000000000 ) );
#13729 = DIRECTION( '', ( -1.00000000000000, 0.000000000000000, 0.000000000000000 ) );
#13730 = DIRECTION( '', ( -1.00000000000000, 0.000000000000000, 0.000000000000000 ) );
#13731 = DIRECTION( '', ( -1.00000000000000, 0.000000000000000, 0.000000000000000 ) );
#13732 = DIRECTION( '', ( -1.00000000000000, 0.000000000000000, 0.000000000000000 ) );
#13733 = DIRECTION( '', ( -1.00000000000000, 0.000000000000000, 0.000000000000000 ) );
#13734 = DIRECTION( '', ( -1.00000000000000, 0.000000000000000, 0.000000000000000 ) );
#13735 = DIRECTION( '', ( -1.00000000000000, 0.000000000000000, 0.000000000000000 ) );
#13736 = DIRECTION( '', ( -1.00000000000000, 0.000000000000000, 0.000000000000000 ) );
#13737 = DIRECTION( '', ( -1.00000000000000, 0.000000000000000, 0.000000000000000 ) );
#13738 = DIRECTION( '', ( -1.00000000000000, 0.000000000000000, 0.000000000000000 ) );
#13739 = DIRECTION( '', ( -1.00000000000000, 0.000000000000000, 0.000000000000000 ) );
#13740 = DIRECTION( '', ( -1.00000000000000, 0.000000000000000, 0.000000000000000 ) );
#13741 = DIRECTION( '', ( -1.00000000000000, 0.000000000000000, 0.000000000000000 ) );
#13742 = DIRECTION( '', ( -1.00000000000000, 0.000000000000000, 0.000000000000000 ) );
#13743 = DIRECTION( '', ( -1.00000000000000, 0.000000000000000, 0.000000000000000 ) );
#13744 = DIRECTION( '', ( -1.00000000000000, 0.000000000000000, 0.000000000000000 ) );
#13745 = DIRECTION( '', ( -1.00000000000000, 0.000000000000000, 0.000000000000000 ) );
#13746 = DIRECTION( '', ( -1.00000000000000, 0.000000000000000, 0.000000000000000 ) );
#13747 = DIRECTION( '', ( -1.00000000000000, 0.000000000000000, 0.000000000000000 ) );
#13748 = DIRECTION( '', ( -1.00000000000000, 0.000000000000000, 0.000000000000000 ) );
#13749 = DIRECTION( '', ( -1.00000000000000, 0.000000000000000, 0.000000000000000 ) );
#13750 = DIRECTION( '', ( -1.00000000000000, 0.000000000000000, 0.000000000000000 ) );
#13751 = DIRECTION( '', ( -1.00000000000000, 0.000000000000000, 0.000000000000000 ) );
#13752 = DIRECTION( '', ( -1.00000000000000, 0.000000000000000, 0.000000000000000 ) );
#13753 = DIRECTION( '', ( -1.00000000000000, 0.000000000000000, 0.000000000000000 ) );
#13754 = DIRECTION( '', ( -1.00000000000000, 0.000000000000000, 0.000000000000000 ) );
#13755 = DIRECTION( '', ( -1.00000000000000, 0.000000000000000, 0.000000000000000 ) );
#13756 = DIRECTION( '', ( -1.00000000000000, 0.000000000000000, 0.000000000000000 ) );
#13757 = DIRECTION( '', ( -1.00000000000000, 0.000000000000000, 0.000000000000000 ) );
#13758 = DIRECTION( '', ( -1.00000000000000, 0.000000000000000, 0.000000000000000 ) );
#13759 = DIRECTION( '', ( -1.00000000000000, 0.000000000000000, 0.000000000000000 ) );
#13760 = DIRECTION( '', ( -1.00000000000000, 0.000000000000000, 0.000000000000000 ) );
#13761 = DIRECTION( '', ( -1.00000000000000, 0.000000000000000, 0.000000000000000 ) );
#13762 = DIRECTION( '', ( -1.00000000000000, 0.000000000000000, 0.000000000000000 ) );
#13763 = DIRECTION( '', ( -1.00000000000000, 0.000000000000000, 0.000000000000000 ) );
#13764 = DIRECTION( '', ( -1.00000000000000, 0.000000000000000, 0.000000000000000 ) );
#13765 = DIRECTION( '', ( -1.00000000000000, 0.000000000000000, 0.000000000000000 ) );
#13766 = DIRECTION( '', ( -1.00000000000000, 0.000000000000000, 0.000000000000000 ) );
#13767 = DIRECTION( '', ( -1.00000000000000, 0.000000000000000, 0.000000000000000 ) );
#13768 = DIRECTION( '', ( -1.00000000000000, 0.000000000000000, 0.000000000000000 ) );
#13769 = DIRECTION( '', ( -1.00000000000000, 0.000000000000000, 0.000000000000000 ) );
#13770 = DIRECTION( '', ( -1.00000000000000, 0.000000000000000, 0.000000000000000 ) );
#13771 = DIRECTION( '', ( -1.00000000000000, 0.000000000000000, 0.000000000000000 ) );
#13772 = DIRECTION( '', ( -1.00000000000000, 0.000000000000000, 0.000000000000000 ) );
#13773 = DIRECTION( '', ( -1.00000000000000, 0.000000000000000, 0.000000000000000 ) );
#13774 = DIRECTION( '', ( -1.00000000000000, 0.000000000000000, 0.000000000000000 ) );
#13775 = DIRECTION( '', ( -1.00000000000000, 0.000000000000000, 0.000000000000000 ) );
#13776 = DIRECTION( '', ( -1.00000000000000, 0.000000000000000, 0.000000000000000 ) );
#13777 = DIRECTION( '', ( -1.00000000000000, 0.000000000000000, 0.000000000000000 ) );
#13778 = DIRECTION( '', ( -1.00000000000000, 0.000000000000000, 0.000000000000000 ) );
#13779 = DIRECTION( '', ( -1.00000000000000, 0.000000000000000, 0.000000000000000 ) );
#13780 = DIRECTION( '', ( -1.00000000000000, 0.000000000000000, 0.000000000000000 ) );
#13781 = DIRECTION( '', ( -1.00000000000000, 0.000000000000000, 0.000000000000000 ) );
#13782 = DIRECTION( '', ( -1.00000000000000, 0.000000000000000, 0.000000000000000 ) );
#13783 = DIRECTION( '', ( -1.00000000000000, 0.000000000000000, 0.000000000000000 ) );
#13784 = DIRECTION( '', ( -1.00000000000000, 0.000000000000000, 0.000000000000000 ) );
#13785 = DIRECTION( '', ( -1.00000000000000, 0.000000000000000, 0.000000000000000 ) );
#13786 = DIRECTION( '', ( -1.00000000000000, 0.000000000000000, 0.000000000000000 ) );
#13787 = DIRECTION( '', ( -1.00000000000000, 0.000000000000000, 0.000000000000000 ) );
#13788 = DIRECTION( '', ( -1.00000000000000, 0.000000000000000, 0.000000000000000 ) );
#13789 = DIRECTION( '', ( -1.00000000000000, 0.000000000000000, 0.000000000000000 ) );
#13790 = DIRECTION( '', ( -1.00000000000000, 0.000000000000000, 0.000000000000000 ) );
#13791 = DIRECTION( '', ( -1.00000000000000, 0.000000000000000, 0.000000000000000 ) );
#13792 = DIRECTION( '', ( -1.00000000000000, 0.000000000000000, 0.000000000000000 ) );
#13793 = DIRECTION( '', ( -1.00000000000000, 0.000000000000000, 0.000000000000000 ) );
#13794 = DIRECTION( '', ( -1.00000000000000, 0.000000000000000, 0.000000000000000 ) );
#13795 = DIRECTION( '', ( -1.00000000000000, 0.000000000000000, 0.000000000000000 ) );
#13796 = DIRECTION( '', ( -1.00000000000000, 0.000000000000000, 0.000000000000000 ) );
#13797 = DIRECTION( '', ( -1.00000000000000, 0.000000000000000, 0.000000000000000 ) );
#13798 = DIRECTION( '', ( -1.00000000000000, 0.000000000000000, 0.000000000000000 ) );
#13799 = DIRECTION( '', ( -1.00000000000000, 0.000000000000000, 0.000000000000000 ) );
#13800 = DIRECTION( '', ( -1.00000000000000, 0.000000000000000, 0.000000000000000 ) );
#13801 = DIRECTION( '', ( -1.00000000000000, 0.000000000000000, 0.000000000000000 ) );
#13802 = DIRECTION( '', ( -1.00000000000000, 0.000000000000000, 0.000000000000000 ) );
#13803 = DIRECTION( '', ( -1.00000000000000, 0.000000000000000, 0.000000000000000 ) );
#13804 = DIRECTION( '', ( -1.00000000000000, 0.000000000000000, 0.000000000000000 ) );
#13805 = DIRECTION( '', ( -1.00000000000000, 0.000000000000000, 0.000000000000000 ) );
#13806 = DIRECTION( '', ( -1.00000000000000, 0.000000000000000, 0.000000000000000 ) );
#13807 = DIRECTION( '', ( -1.00000000000000, 0.000000000000000, 0.000000000000000 ) );
#13808 = DIRECTION( '', ( -1.00000000000000, 0.000000000000000, 0.000000000000000 ) );
#13809 = DIRECTION( '', ( -1.00000000000000, 0.000000000000000, 0.000000000000000 ) );
#13810 = DIRECTION( '', ( -1.00000000000000, 0.000000000000000, 0.000000000000000 ) );
#13811 = DIRECTION( '', ( -1.00000000000000, 0.000000000000000, 0.000000000000000 ) );
#13812 = DIRECTION( '', ( -1.00000000000000, 0.000000000000000, 0.000000000000000 ) );
#13813 = DIRECTION( '', ( -1.00000000000000, 0.000000000000000, 0.000000000000000 ) );
#13814 = DIRECTION( '', ( -1.00000000000000, 0.000000000000000, 0.000000000000000 ) );
#13815 = DIRECTION( '', ( -1.00000000000000, 0.000000000000000, 0.000000000000000 ) );
#13816 = DIRECTION( '', ( -1.00000000000000, 0.000000000000000, 0.000000000000000 ) );
#13817 = DIRECTION( '', ( -1.00000000000000, 0.000000000000000, 0.000000000000000 ) );
#13818 = DIRECTION( '', ( -1.00000000000000, 0.000000000000000, 0.000000000000000 ) );
#13819 = DIRECTION( '', ( -1.00000000000000, 0.000000000000000, 0.000000000000000 ) );
#13820 = DIRECTION( '', ( -1.00000000000000, 0.000000000000000, 0.000000000000000 ) );
#13821 = DIRECTION( '', ( -1.00000000000000, 0.000000000000000, 0.000000000000000 ) );
#13822 = DIRECTION( '', ( -1.00000000000000, 0.000000000000000, 0.000000000000000 ) );
#13823 = DIRECTION( '', ( -1.00000000000000, 0.000000000000000, 0.000000000000000 ) );
#13824 = DIRECTION( '', ( -1.00000000000000, 0.000000000000000, 0.000000000000000 ) );
#13825 = DIRECTION( '', ( -1.00000000000000, 0.000000000000000, 0.000000000000000 ) );
#13826 = DIRECTION( '', ( -1.00000000000000, 0.000000000000000, 0.000000000000000 ) );
#13827 = DIRECTION( '', ( -1.00000000000000, 0.000000000000000, 0.000000000000000 ) );
#13828 = DIRECTION( '', ( -1.00000000000000, 0.000000000000000, 0.000000000000000 ) );
#13829 = DIRECTION( '', ( -1.00000000000000, 0.000000000000000, 0.000000000000000 ) );
#13830 = DIRECTION( '', ( -1.00000000000000, 0.000000000000000, 0.000000000000000 ) );
#13831 = DIRECTION( '', ( -1.00000000000000, 0.000000000000000, 0.000000000000000 ) );
#13832 = DIRECTION( '', ( -1.00000000000000, 0.000000000000000, 0.000000000000000 ) );
#13833 = DIRECTION( '', ( -1.00000000000000, 0.000000000000000, 0.000000000000000 ) );
#13834 = DIRECTION( '', ( -1.00000000000000, 0.000000000000000, 0.000000000000000 ) );
#13835 = DIRECTION( '', ( -1.00000000000000, 0.000000000000000, 0.000000000000000 ) );
#13836 = DIRECTION( '', ( -1.00000000000000, 0.000000000000000, 0.000000000000000 ) );
#13837 = DIRECTION( '', ( -1.00000000000000, 0.000000000000000, 0.000000000000000 ) );
#13838 = DIRECTION( '', ( -1.00000000000000, 0.000000000000000, 0.000000000000000 ) );
#13839 = DIRECTION( '', ( -1.00000000000000, 0.000000000000000, 0.000000000000000 ) );
#13840 = DIRECTION( '', ( -1.00000000000000, 0.000000000000000, 0.000000000000000 ) );
#13841 = DIRECTION( '', ( -1.00000000000000, 0.000000000000000, 0.000000000000000 ) );
#13842 = DIRECTION( '', ( -1.00000000000000, 0.000000000000000, 0.000000000000000 ) );
#13843 = DIRECTION( '', ( -1.00000000000000, 0.000000000000000, -0.000000000000000 ) );
#13844 = DIRECTION( '', ( -1.00000000000000, 0.000000000000000, -0.000000000000000 ) );
#13845 = DIRECTION( '', ( -1.00000000000000, 0.000000000000000, -0.000000000000000 ) );
#13846 = DIRECTION( '', ( -1.00000000000000, 0.000000000000000, -0.000000000000000 ) );
#13847 = DIRECTION( '', ( -1.00000000000000, 0.000000000000000, -0.000000000000000 ) );
#13848 = DIRECTION( '', ( -1.00000000000000, 0.000000000000000, -0.000000000000000 ) );
#13849 = DIRECTION( '', ( -1.00000000000000, 0.000000000000000, -0.000000000000000 ) );
#13850 = DIRECTION( '', ( -1.00000000000000, 0.000000000000000, -0.000000000000000 ) );
#13851 = DIRECTION( '', ( -1.00000000000000, 0.000000000000000, -0.000000000000000 ) );
#13852 = DIRECTION( '', ( -1.00000000000000, 0.000000000000000, -0.000000000000000 ) );
#13853 = DIRECTION( '', ( -1.00000000000000, 0.000000000000000, -0.000000000000000 ) );
#13854 = DIRECTION( '', ( -1.00000000000000, 0.000000000000000, -0.000000000000000 ) );
#13855 = DIRECTION( '', ( -1.00000000000000, 0.000000000000000, -0.000000000000000 ) );
#13856 = DIRECTION( '', ( -1.00000000000000, 0.000000000000000, -0.000000000000000 ) );
#13857 = DIRECTION( '', ( -1.00000000000000, 0.000000000000000, -0.000000000000000 ) );
#13858 = DIRECTION( '', ( -1.00000000000000, 0.000000000000000, -0.000000000000000 ) );
#13859 = DIRECTION( '', ( -1.00000000000000, 0.000000000000000, -0.000000000000000 ) );
#13860 = DIRECTION( '', ( -1.00000000000000, 0.000000000000000, -0.000000000000000 ) );
#13861 = DIRECTION( '', ( -1.00000000000000, 0.000000000000000, -0.000000000000000 ) );
#13862 = DIRECTION( '', ( -1.00000000000000, 0.000000000000000, -0.000000000000000 ) );
#13863 = DIRECTION( '', ( -1.00000000000000, 0.000000000000000, -0.000000000000000 ) );
#13864 = DIRECTION( '', ( -1.00000000000000, 0.000000000000000, -0.000000000000000 ) );
#13865 = DIRECTION( '', ( -1.00000000000000, 0.000000000000000, -0.000000000000000 ) );
#13866 = DIRECTION( '', ( -1.00000000000000, 0.000000000000000, -0.000000000000000 ) );
#13867 = DIRECTION( '', ( -1.00000000000000, 0.000000000000000, -0.000000000000000 ) );
#13868 = DIRECTION( '', ( -1.00000000000000, 0.000000000000000, -0.000000000000000 ) );
#13869 = DIRECTION( '', ( -1.00000000000000, 0.000000000000000, -0.000000000000000 ) );
#13870 = DIRECTION( '', ( -1.00000000000000, 0.000000000000000, -0.000000000000000 ) );
#13871 = DIRECTION( '', ( -1.00000000000000, 0.000000000000000, -0.000000000000000 ) );
#13872 = DIRECTION( '', ( -1.00000000000000, 0.000000000000000, -0.000000000000000 ) );
#13873 = DIRECTION( '', ( -1.00000000000000, 0.000000000000000, -0.000000000000000 ) );
#13874 = DIRECTION( '', ( -1.00000000000000, 0.000000000000000, -0.000000000000000 ) );
#13875 = DIRECTION( '', ( -1.00000000000000, 0.000000000000000, -0.000000000000000 ) );
#13876 = DIRECTION( '', ( -1.00000000000000, 0.000000000000000, -0.000000000000000 ) );
#13877 = DIRECTION( '', ( -1.00000000000000, 0.000000000000000, -0.000000000000000 ) );
#13878 = DIRECTION( '', ( -1.00000000000000, 0.000000000000000, -0.000000000000000 ) );
#13879 = DIRECTION( '', ( -1.00000000000000, 0.000000000000000, -0.000000000000000 ) );
#13880 = DIRECTION( '', ( -1.00000000000000, 0.000000000000000, -0.000000000000000 ) );
#13881 = DIRECTION( '', ( -1.00000000000000, 0.000000000000000, -0.000000000000000 ) );
#13882 = DIRECTION( '', ( -1.00000000000000, 0.000000000000000, -0.000000000000000 ) );
#13883 = DIRECTION( '', ( -1.00000000000000, 0.000000000000000, -0.000000000000000 ) );
#13884 = DIRECTION( '', ( -1.00000000000000, 0.000000000000000, -0.000000000000000 ) );
#13885 = DIRECTION( '', ( -1.00000000000000, 0.000000000000000, -0.000000000000000 ) );
#13886 = DIRECTION( '', ( -1.00000000000000, 0.000000000000000, -0.000000000000000 ) );
#13887 = DIRECTION( '', ( -1.00000000000000, 0.000000000000000, -0.000000000000000 ) );
#13888 = DIRECTION( '', ( -1.00000000000000, 0.000000000000000, -0.000000000000000 ) );
#13889 = DIRECTION( '', ( -1.00000000000000, 0.000000000000000, -0.000000000000000 ) );
#13890 = DIRECTION( '', ( -1.00000000000000, 0.000000000000000, -0.000000000000000 ) );
#13891 = DIRECTION( '', ( -1.00000000000000, 0.000000000000000, -0.000000000000000 ) );
#13892 = DIRECTION( '', ( -1.00000000000000, 0.000000000000000, -0.000000000000000 ) );
#13893 = DIRECTION( '', ( -1.00000000000000, 0.000000000000000, -0.000000000000000 ) );
#13894 = DIRECTION( '', ( -1.00000000000000, 0.000000000000000, -0.000000000000000 ) );
#13895 = DIRECTION( '', ( -1.00000000000000, 0.000000000000000, -0.000000000000000 ) );
#13896 = DIRECTION( '', ( -1.00000000000000, 0.000000000000000, -0.000000000000000 ) );
#13897 = DIRECTION( '', ( -1.00000000000000, 0.000000000000000, -0.000000000000000 ) );
#13898 = DIRECTION( '', ( -1.00000000000000, 0.000000000000000, -0.000000000000000 ) );
#13899 = DIRECTION( '', ( -1.00000000000000, 0.000000000000000, -0.000000000000000 ) );
#13900 = DIRECTION( '', ( -1.00000000000000, 0.000000000000000, -0.000000000000000 ) );
#13901 = DIRECTION( '', ( -1.00000000000000, 0.000000000000000, -0.000000000000000 ) );
#13902 = DIRECTION( '', ( -1.00000000000000, 0.000000000000000, -0.000000000000000 ) );
#13903 = DIRECTION( '', ( -1.00000000000000, 0.000000000000000, -0.000000000000000 ) );
#13904 = DIRECTION( '', ( -1.00000000000000, 0.000000000000000, -0.000000000000000 ) );
#13905 = DIRECTION( '', ( -1.00000000000000, 0.000000000000000, -0.000000000000000 ) );
#13906 = DIRECTION( '', ( -1.00000000000000, 0.000000000000000, -0.000000000000000 ) );
#13907 = DIRECTION( '', ( -1.00000000000000, 0.000000000000000, -0.000000000000000 ) );
#13908 = DIRECTION( '', ( -1.00000000000000, 0.000000000000000, -0.000000000000000 ) );
#13909 = DIRECTION( '', ( -1.00000000000000, 0.000000000000000, -0.000000000000000 ) );
#13910 = DIRECTION( '', ( -1.00000000000000, 0.000000000000000, -0.000000000000000 ) );
#13911 = DIRECTION( '', ( -1.00000000000000, 0.000000000000000, -0.000000000000000 ) );
#13912 = DIRECTION( '', ( -1.00000000000000, 0.000000000000000, -0.000000000000000 ) );
#13913 = DIRECTION( '', ( -1.00000000000000, 0.000000000000000, -0.000000000000000 ) );
#13914 = DIRECTION( '', ( -1.00000000000000, 0.000000000000000, -0.000000000000000 ) );
#13915 = DIRECTION( '', ( -1.00000000000000, 0.000000000000000, -0.000000000000000 ) );
#13916 = DIRECTION( '', ( -1.00000000000000, 0.000000000000000, -0.000000000000000 ) );
#13917 = DIRECTION( '', ( -1.00000000000000, 0.000000000000000, -0.000000000000000 ) );
#13918 = DIRECTION( '', ( -1.00000000000000, 0.000000000000000, -0.000000000000000 ) );
#13919 = DIRECTION( '', ( -1.00000000000000, 0.000000000000000, -0.000000000000000 ) );
#13920 = DIRECTION( '', ( -1.00000000000000, 0.000000000000000, -0.000000000000000 ) );
#13921 = DIRECTION( '', ( -1.00000000000000, 0.000000000000000, -0.000000000000000 ) );
#13922 = DIRECTION( '', ( -1.00000000000000, 0.000000000000000, -0.000000000000000 ) );
#13923 = DIRECTION( '', ( -1.00000000000000, 0.000000000000000, -0.000000000000000 ) );
#13924 = DIRECTION( '', ( -1.00000000000000, 0.000000000000000, -0.000000000000000 ) );
#13925 = DIRECTION( '', ( -1.00000000000000, 0.000000000000000, -0.000000000000000 ) );
#13926 = DIRECTION( '', ( -1.00000000000000, 0.000000000000000, -0.000000000000000 ) );
#13927 = DIRECTION( '', ( -1.00000000000000, 0.000000000000000, -0.000000000000000 ) );
#13928 = DIRECTION( '', ( -1.00000000000000, 0.000000000000000, -0.000000000000000 ) );
#13929 = DIRECTION( '', ( -1.00000000000000, 0.000000000000000, -0.000000000000000 ) );
#13930 = DIRECTION( '', ( -1.00000000000000, 0.000000000000000, -0.000000000000000 ) );
#13931 = DIRECTION( '', ( -1.00000000000000, -0.000000000000000, -0.000000000000000 ) );
#13932 = DIRECTION( '', ( -1.00000000000000, -0.000000000000000, -0.000000000000000 ) );
#13933 = DIRECTION( '', ( -1.00000000000000, -0.000000000000000, -0.000000000000000 ) );
#13934 = DIRECTION( '', ( -1.00000000000000, -0.000000000000000, -0.000000000000000 ) );
#13935 = DIRECTION( '', ( -1.00000000000000, -0.000000000000000, -0.000000000000000 ) );
#13936 = DIRECTION( '', ( -1.00000000000000, -0.000000000000000, -0.000000000000000 ) );
#13937 = DIRECTION( '', ( -1.00000000000000, -0.000000000000000, -0.000000000000000 ) );
#13938 = DIRECTION( '', ( -1.00000000000000, -0.000000000000000, -0.000000000000000 ) );
#13939 = CARTESIAN_POINT( '', ( 50.0000000000000, 0.000000000000000, 0.000000000000000 ) );
#13940 = DIRECTION( '', ( 1.00000000000000, 0.000000000000000, -0.000000000000000 ) );
#13941 = DIRECTION( '', ( -0.000000000000000, 0.000000000000000, -1.00000000000000 ) );
#13942 = CARTESIAN_POINT( '', ( 31.8000000000000, 0.000000000000000, 0.000000000000000 ) );
#13943 = DIRECTION( '', ( 1.00000000000000, 0.000000000000000, -0.000000000000000 ) );
#13944 = DIRECTION( '', ( -0.000000000000000, 0.000000000000000, -1.00000000000000 ) );
#13945 = CARTESIAN_POINT( '', ( 0.000000000000000, 0.000000000000000, 0.000000000000000 ) );
#13946 = DIRECTION( '', ( 1.00000000000000, 0.000000000000000, -0.000000000000000 ) );
#13947 = DIRECTION( '', ( -0.000000000000000, 0.000000000000000, -1.00000000000000 ) );
#13948 = DIRECTION( '', ( -1.00000000000000, -0.000000000000000, -0.000000000000000 ) );
#13949 = DIRECTION( '', ( -1.00000000000000, -0.000000000000000, -0.000000000000000 ) );
#13950 = DIRECTION( '', ( -1.00000000000000, -0.000000000000000, -0.000000000000000 ) );
#13951 = DIRECTION( '', ( -1.00000000000000, -0.000000000000000, -0.000000000000000 ) );
#13952 = DIRECTION( '', ( -1.00000000000000, -0.000000000000000, -0.000000000000000 ) );
#13953 = DIRECTION( '', ( -1.00000000000000, -0.000000000000000, -0.000000000000000 ) );
#13954 = DIRECTION( '', ( -1.00000000000000, -0.000000000000000, -0.000000000000000 ) );
#13955 = DIRECTION( '', ( -1.00000000000000, -0.000000000000000, -0.000000000000000 ) );
#13956 = DIRECTION( '', ( -1.00000000000000, -0.000000000000000, -0.000000000000000 ) );
#13957 = DIRECTION( '', ( -1.00000000000000, -0.000000000000000, -0.000000000000000 ) );
#13958 = DIRECTION( '', ( -1.00000000000000, -0.000000000000000, -0.000000000000000 ) );
#13959 = DIRECTION( '', ( -1.00000000000000, -0.000000000000000, -0.000000000000000 ) );
#13960 = DIRECTION( '', ( -1.00000000000000, -0.000000000000000, -0.000000000000000 ) );
#13961 = DIRECTION( '', ( -1.00000000000000, -0.000000000000000, -0.000000000000000 ) );
#13962 = DIRECTION( '', ( -1.00000000000000, -0.000000000000000, -0.000000000000000 ) );
#13963 = DIRECTION( '', ( -1.00000000000000, -0.000000000000000, -0.000000000000000 ) );
#13964 = DIRECTION( '', ( -1.00000000000000, -0.000000000000000, -0.000000000000000 ) );
#13965 = DIRECTION( '', ( -1.00000000000000, -0.000000000000000, -0.000000000000000 ) );
#13966 = DIRECTION( '', ( -1.00000000000000, -0.000000000000000, -0.000000000000000 ) );
#13967 = DIRECTION( '', ( -1.00000000000000, -0.000000000000000, -0.000000000000000 ) );
#13968 = DIRECTION( '', ( -1.00000000000000, -0.000000000000000, -0.000000000000000 ) );
#13969 = DIRECTION( '', ( -1.00000000000000, -0.000000000000000, -0.000000000000000 ) );
#13970 = DIRECTION( '', ( -1.00000000000000, -0.000000000000000, -0.000000000000000 ) );
#13971 = DIRECTION( '', ( -1.00000000000000, -0.000000000000000, -0.000000000000000 ) );
#13972 = DIRECTION( '', ( -1.00000000000000, -0.000000000000000, -0.000000000000000 ) );
#13973 = DIRECTION( '', ( -1.00000000000000, -0.000000000000000, -0.000000000000000 ) );
#13974 = DIRECTION( '', ( -1.00000000000000, -0.000000000000000, -0.000000000000000 ) );
#13975 = DIRECTION( '', ( -1.00000000000000, -0.000000000000000, -0.000000000000000 ) );
#13976 = DIRECTION( '', ( -1.00000000000000, -0.000000000000000, -0.000000000000000 ) );
#13977 = DIRECTION( '', ( -1.00000000000000, -0.000000000000000, -0.000000000000000 ) );
#13978 = DIRECTION( '', ( -1.00000000000000, -0.000000000000000, -0.000000000000000 ) );
#13979 = DIRECTION( '', ( -1.00000000000000, -0.000000000000000, -0.000000000000000 ) );
#13980 = DIRECTION( '', ( -1.00000000000000, -0.000000000000000, -0.000000000000000 ) );
#13981 = DIRECTION( '', ( -1.00000000000000, -0.000000000000000, -0.000000000000000 ) );
ENDSEC;
END-ISO-10303-21;
